formula,a,b,c,band_gap,rA,rB,rX,chi_A,chi_B,chi_X,EA_A,EA_B,EA_X,tolerance_factor,octahedral_factor,volume,density,chi_diff_BX,r_ratio_BX,lattice_strain,packing_index,PC1_Size,PC2_Shape,Stability_Tag,B_site,is_semiconductor,B_site_encoded
CsPbI3,9.492484273,9.492484273,13.6278,,1.81,1.19,2.2,0.79,2.33,2.66,0.47,0.36,3.06,0.836430145,0.540909091,1227.963686,0.974717124,0.33,0.540909091,0.179323003,0.134942046,2.5344,0.208933385,Metastable,Pb,1,5
CsPbBr3,8.820449989,8.820449989,12.663,,1.81,1.19,1.96,0.79,2.33,2.96,0.47,0.36,3.36,0.846283354,0.607142857,985.1856801,0.977258512,0.63,0.607142857,0.179323003,0.128418593,2.39592,0.169072331,Metastable,Pb,1,5
CsPbCl3,8.40042856,8.40042856,12.06,,1.81,1.19,1.81,0.79,2.33,3.16,0.47,0.36,3.61,0.853242183,0.657458564,851.040432,0.870815268,0.83,0.657458564,0.179323003,0.125038174,2.30937,0.138419019,Metastable,Pb,1,5
CsPbF3,7.056359991,7.056359991,10.1304,,1.81,1.19,1.33,0.79,2.33,3.98,0.47,0.36,3.4,0.881077497,0.894736842,504.4150682,1.306270002,1.65,0.894736842,0.179323003,0.121846731,2.03241,-0.009657157,Metastable,Pb,1,5
CsSnI3,9.240471417,9.240471417,13.266,,1.81,1.1,2.2,0.79,1.96,2.66,0.47,1.11,3.06,0.859241877,0.5,1132.734815,0.926924315,0.7,0.5,0.179323003,0.144976947,2.55647,0.253984007,Metastable,Sn,1,6
CsSnBr3,8.568437132,8.568437132,12.3012,,1.81,1.1,1.96,0.79,1.96,2.96,0.47,1.11,3.36,0.871174041,0.56122449,903.1309148,0.903327844,1,0.56122449,0.179323003,0.138443562,2.41799,0.219134333,Metastable,Sn,1,6
CsSnCl3,8.148415704,8.148415704,11.6982,,1.81,1.1,1.81,0.79,1.96,3.16,0.47,1.11,3.61,0.879631116,0.607734807,776.7216242,0.764934558,1.2,0.607734807,0.179323003,0.135092214,2.33144,0.192230691,Metastable,Sn,1,6
CsSnF3,4.86,4.86,4.86,,1.81,1.1,1.33,0.79,1.96,3.98,0.47,1.11,3.4,0.913709997,0.827067669,114.791256,4.459786397,2.02,0.827067669,0,0.522494756,2.05448,0.061256126,Stable_Cubic,Sn,1,6
CsGeI3,5.86,5.86,5.86,,1.81,0.73,2.2,0.79,2.01,2.66,0.47,1.23,3.06,0.967746823,0.331818182,201.230056,4.83729204,0.65,0.331818182,0,0.796474787,2.33298,0.44960155,Stable_Cubic,Ge,1,2
CsGeBr3,5.38,5.38,5.38,,1.81,0.73,1.96,0.79,2.01,2.96,0.47,1.23,3.36,0.991000954,0.37244898,155.720872,4.747420166,0.95,0.37244898,0,0.777589349,2.1945,0.437316246,Stable_Cubic,Ge,1,2
CsGeCl3,5.08,5.08,5.08,,1.81,0.73,1.81,0.79,2.01,3.16,0.47,1.23,3.61,1.007766357,0.403314917,131.096512,3.948162389,1.15,0.403314917,0,0.770297189,2.10795,0.427347168,Stable_Cubic,Ge,1,2
CsGeF3,4.326,4.326,10.094,,1.81,0.73,1.33,0.79,2.01,3.98,0.47,1.23,3.4,1.077822958,0.54887218,188.9019019,2.304866089,1.97,0.54887218,0.435142635,0.296619883,1.83099,0.3739682,Unstable_Hexagonal,Ge,1,2
CsZnI3,5.88,5.88,5.88,,1.81,0.74,2.2,0.79,1.65,2.66,0.47,-0.6,3.06,0.964455168,0.336363636,203.297472,4.728472994,1.01,0.336363636,1.51E-16,0.788709038,2.41075,0.444060713,Stable_Cubic,Zn,1,8
CsZnBr3,5.4,5.4,5.4,,1.81,0.74,1.96,0.79,1.65,2.96,0.47,-0.6,3.36,0.98733058,0.37755102,157.464,4.617883872,1.31,0.37755102,1.64E-16,0.76941256,2.27227,0.431114148,Stable_Cubic,Zn,1,8
CsZnCl3,5.1,5.1,5.1,,1.81,0.74,1.81,0.79,1.65,3.16,0.47,-0.6,3.61,1.003814333,0.408839779,132.651,3.810513121,1.51,0.408839779,0,0.761782138,2.18572,0.420647009,Stable_Cubic,Zn,1,8
CsZnF3,4.347,4.347,10.143,,1.81,0.74,1.33,0.79,1.65,3.98,0.47,-0.6,3.4,1.072616084,0.556390977,191.6662765,2.208378301,2.33,0.556390977,0.435142635,0.292695976,1.90876,0.36497115,Unstable_Hexagonal,Zn,1,8
CsMgI3,5.84,5.84,5.84,,1.81,0.72,2.2,0.79,1.31,2.66,0.47,-0.4,3.06,0.971061025,0.327272727,199.176704,4.484482613,1.35,0.327272727,0,0.804354172,2.46721,0.455158326,Stable_Cubic,Mg,0,3
CsMgBr3,5.36,5.36,5.36,,1.81,0.72,1.96,0.79,1.31,2.96,0.47,-0.4,3.36,0.994698718,0.367346939,153.990656,4.27992414,1.65,0.367346939,0,0.785897285,2.32873,0.443537708,Stable_Cubic,Mg,0,3
CsMgCl3,5.06,5.06,5.06,,1.81,0.72,1.81,0.79,1.31,3.16,0.47,-0.4,3.61,1.011749624,0.397790055,129.554216,3.376086472,1.85,0.397790055,0,0.778957449,2.24218,0.434069415,Stable_Cubic,Mg,0,3
CsMgF3,4.305,4.305,10.045,,1.81,0.72,1.33,0.79,1.31,3.98,0.47,-0.4,3.4,1.083080631,0.541353383,186.1642361,1.907936311,2.67,0.541353383,0.435142635,0.30062706,1.96522,0.383001164,Unstable_Hexagonal,Mg,0,3
CsCaI3,8.960457131,8.960457131,12.864,,1.81,1,2.2,0.79,1,2.66,0.47,0.02,3.06,0.886093185,0.454545455,1032.847884,0.890039044,1.66,0.454545455,0.179323003,0.157655302,2.69077,0.305104246,Metastable,Ca,0,0
CsCaBr3,5.92,5.92,5.92,,1.81,1,1.96,0.79,1,2.96,0.47,0.02,3.36,0.900605596,0.510204082,207.474688,3.302276584,1.96,0.510204082,1.50E-16,0.59595786,2.55229,0.276013871,Stable_Cubic,Ca,0,0
CsCaCl3,5.62,5.62,5.62,,1.81,1,1.81,0.79,1,3.16,0.47,0.02,3.61,0.910934715,0.552486188,177.504328,2.610960078,2.16,0.552486188,0,0.583324111,2.46574,0.253423108,Stable_Cubic,Ca,0,0
CsCaF3,4.66,4.66,4.66,,1.81,1,1.33,0.79,1,3.98,0.47,0.02,3.4,0.952925018,0.751879699,101.194696,3.76758861,2.98,0.751879699,0,0.578996153,2.18878,0.142139041,Stable_Cubic,Ca,0,0
CsMnI3,5.74,5.74,5.74,,1.81,0.67,2.2,0.79,1.55,2.66,0.47,-0.5,3.06,0.987978464,0.304545455,189.119224,4.991650082,1.11,0.304545455,1.55E-16,0.84552477,2.39036,0.483187138,Stable_Cubic,Mn,1,4
CsMnBr3,5.26,5.26,5.26,,1.81,0.67,1.96,0.79,1.55,2.96,0.47,-0.5,3.36,1.01360934,0.341836735,145.531576,4.877847609,1.41,0.341836735,0,0.82949156,2.25188,0.474943232,Stable_Cubic,Mn,1,4
CsMnCl3,5.208,5.208,12.152,,1.81,0.67,1.81,0.79,1.55,3.16,0.47,-0.5,3.61,1.032147802,0.370165746,329.6019041,1.481177001,1.61,0.370165746,0.435142635,0.305257937,2.16533,0.468021313,Unstable_Hexagonal,Mn,1,4
CsMnF3,4.2,4.2,9.8,,1.81,0.67,1.33,0.79,1.55,3.98,0.47,-0.5,3.4,1.110157646,0.503759398,172.872,2.348570214,2.43,0.503759398,0.435142635,0.321986109,1.88837,0.428723561,Unstable_Hexagonal,Mn,1,4
CsFeI3,5.68,5.68,5.68,,1.81,0.64,2.2,0.79,1.83,2.66,0.47,0.16,3.06,0.998414857,0.290909091,183.250432,5.159668469,0.83,0.290909091,0,0.871720846,2.31705,0.500206576,Stable_Cubic,Fe,1,1
CsFeBr3,5.46,5.46,12.74,,1.81,0.64,1.96,0.79,1.83,2.96,0.47,0.16,3.36,1.025304833,0.326530612,379.799784,1.873027226,1.13,0.326530612,0.435142635,0.31741842,2.17857,0.494033374,Unstable_Hexagonal,Fe,1,1
CsFeCl3,5.145,5.145,12.005,,1.81,0.64,1.81,0.79,1.83,3.16,0.47,0.16,3.61,1.044786346,0.35359116,317.7846551,1.540959383,1.33,0.35359116,0.435142635,0.316100317,2.09202,0.488674996,Unstable_Hexagonal,Fe,1,1
CsFeF3,4.137,4.137,9.653,,1.81,0.64,1.33,0.79,1.83,3.98,0.47,0.16,3.4,1.1270636,0.481203008,165.2088652,2.466553569,2.15,0.481203008,0.435142635,0.335942116,1.81506,0.456623439,Unstable_Hexagonal,Fe,1,1
RbPbI3,9.252775075,9.444542434,13.3566,,1.72,1.19,2.2,0.82,2.33,2.66,0.49,0.36,3.06,0.817657399,0.540909091,1167.20959,0.957875596,0.33,0.540909091,0.17698145,0.13894671,2.48247,0.195661054,Unstable_Distorted,Pb,1,5
RbPbBr3,8.820449989,8.820449989,12.663,,1.72,1.19,1.96,0.82,2.33,2.96,0.49,0.36,3.36,0.826080303,0.607142857,985.1856801,0.897196802,0.63,0.607142857,0.179323003,0.124841602,2.34399,0.154788774,Metastable,Pb,1,5
RbPbCl3,8.40042856,8.40042856,12.06,,1.72,1.19,1.81,0.82,2.33,3.16,0.49,0.36,3.61,0.832028979,0.657458564,851.040432,0.778133831,0.83,0.657458564,0.179323003,0.12089736,2.25744,0.123421284,Metastable,Pb,1,5
RbPbF3,7.056359991,7.056359991,10.1304,,1.72,1.19,1.33,0.82,2.33,3.98,0.49,0.36,3.4,0.855823684,0.894736842,504.4150682,1.149899475,1.65,0.894736842,0.179323003,0.114860421,1.98048,-0.027511603,Metastable,Pb,1,5
RbSnI3,9.240471417,9.240471417,13.266,,1.72,1.1,2.2,0.82,1.96,2.66,0.49,1.11,3.06,0.839957146,0.5,1132.734815,0.857291379,0.7,0.5,0.179323003,0.141865892,2.50454,0.240349702,Metastable,Sn,1,6
RbSnBr3,8.568437132,8.568437132,12.3012,,1.72,1.1,1.96,0.82,1.96,2.96,0.49,1.11,3.36,0.850376783,0.56122449,903.1309148,0.815992056,1,0.56122449,0.179323003,0.134541581,2.36606,0.204430671,Metastable,Sn,1,6
RbSnCl3,8.148415704,8.148415704,11.6982,,1.72,1.1,1.81,0.82,1.96,3.16,0.49,1.11,3.61,0.857761834,0.607734807,776.7216242,0.663385112,1.2,0.607734807,0.179323003,0.130555196,2.27951,0.176769109,Metastable,Sn,1,6
RbSnF3,6.804347134,6.804347134,9.7686,,1.72,1.1,1.33,0.82,1.96,3.98,0.49,1.11,3.4,0.887520857,0.827067669,452.2777782,0.957528432,2.02,0.827067669,0.179323003,0.124821143,2.00255,0.042740404,Metastable,Sn,1,6
RbGeI3,5.86,5.86,5.86,,1.72,0.73,2.2,0.82,2.01,2.66,0.49,1.23,3.06,0.94602682,0.331818182,201.230056,4.4453245,0.65,0.331818182,0,0.778962493,2.28105,0.434245507,Stable_Cubic,Ge,1,2
RbGeBr3,5.38,5.38,5.38,,1.72,0.73,1.96,0.82,2.01,2.96,0.49,1.23,3.36,0.967343106,0.37244898,155.720872,4.240900719,0.95,0.37244898,0,0.754959115,2.14257,0.420590147,Stable_Cubic,Ge,1,2
RbGeCl3,5.08,5.08,5.08,,1.72,0.73,1.81,0.82,2.01,3.16,0.49,1.23,3.61,0.982711393,0.403314917,131.096512,3.346501454,1.15,0.403314917,0,0.743416231,2.05602,0.409633308,Stable_Cubic,Ge,1,2
RbGeF3,4.326,4.326,10.094,,1.72,0.73,1.33,0.82,2.01,3.98,0.49,1.23,3.4,1.046929943,0.54887218,188.9019019,1.887317885,1.97,0.54887218,0.435142635,0.277964698,1.77906,0.352126838,Unstable_Hexagonal,Ge,1,2
RbZnI3,5.88,5.88,5.88,,1.72,0.74,2.2,0.82,1.65,2.66,0.49,-0.6,3.06,0.942809042,0.336363636,203.297472,4.340491534,1.01,0.336363636,1.51E-16,0.771374834,2.35882,0.428756901,Stable_Cubic,Zn,1,8
RbZnBr3,5.4,5.4,5.4,,1.72,0.74,1.96,0.82,1.65,2.96,0.49,-0.6,3.36,0.963760354,0.37755102,157.464,4.1169716,1.31,0.37755102,1.64E-16,0.747032842,2.22034,0.414449999,Stable_Cubic,Zn,1,8
RbZnCl3,5.1,5.1,5.1,,1.72,0.74,1.81,0.82,1.65,3.16,0.49,-0.6,3.61,0.978857623,0.408839779,132.651,3.215902828,1.51,0.408839779,0,0.735216188,2.13379,0.403002615,Stable_Cubic,Zn,1,8
RbZnF3,4.347,4.347,10.143,,1.72,0.74,1.33,0.82,1.65,3.98,0.49,-0.6,3.4,1.04187231,0.556390977,191.6662765,1.796852333,2.33,0.556390977,0.435142635,0.274309852,1.85683,0.343235302,Unstable_Hexagonal,Zn,1,8
RbMgI3,5.84,5.84,5.84,,1.72,0.72,2.2,0.82,1.31,2.66,0.49,-0.4,3.06,0.949266638,0.327272727,199.176704,4.088474202,1.35,0.327272727,0,0.786661341,2.41528,0.439749695,Stable_Cubic,Mg,0,3
RbMgBr3,5.36,5.36,5.36,,1.72,0.72,1.96,0.82,1.31,2.96,0.49,-0.4,3.36,0.970952595,0.367346939,153.990656,3.767713516,1.65,0.367346939,0,0.763012781,2.2768,0.426749199,Stable_Cubic,Mg,0,3
RbMgCl3,5.06,5.06,5.06,,1.72,0.72,1.81,0.82,1.31,3.16,0.49,-0.4,3.61,0.986595628,0.397790055,129.554216,2.767262981,1.85,0.397790055,0,0.751756483,2.19025,0.41628554,Stable_Cubic,Mg,0,3
RbMgF3,4.305,4.305,10.045,,1.72,0.72,1.33,0.82,1.31,3.98,0.49,-0.4,3.4,1.052036918,0.541353383,186.1642361,1.48424779,2.67,0.541353383,0.435142635,0.281697539,1.91329,0.361053259,Unstable_Hexagonal,Mg,0,3
RbCaI3,8.960457131,8.960457131,12.864,,1.72,1,2.2,0.82,1,2.66,0.49,0.02,3.06,0.866205807,0.454545455,1032.847884,0.813671894,1.66,0.454545455,0.179323003,0.154243377,2.63884,0.291043869,Metastable,Ca,0,0
RbCaBr3,8.288422846,8.288422846,11.8992,,1.72,1,1.96,0.82,1,2.96,0.49,0.02,3.36,0.879105728,0.510204082,817.4506857,0.741651043,1.96,0.510204082,0.179323003,0.1469473,2.50036,0.260813464,Metastable,Ca,0,0
RbCaCl3,7.868401418,7.868401418,11.2962,,1.72,1,1.81,0.82,1,3.16,0.49,0.02,3.61,0.888287166,0.552486188,699.3674073,0.549898465,2.16,0.552486188,0.179323003,0.14301289,2.41381,0.237411292,Metastable,Ca,0,0
RbCaF3,4.66,4.66,4.66,,1.72,1,1.33,0.82,1,3.98,0.49,0.02,3.4,0.925611881,0.751879699,101.194696,2.988144102,2.98,0.751879699,0,0.544172195,2.13685,0.122828652,Stable_Cubic,Ca,0,0
RbMnI3,5.74,5.74,5.74,,1.72,0.67,2.2,0.82,1.55,2.66,0.49,-0.5,3.06,0.965804384,0.304545455,189.119224,4.574581694,1.11,0.304545455,1.55E-16,0.826891023,2.33843,0.467510063,Stable_Cubic,Mn,1,4
RbMnBr3,5.26,5.26,5.26,,1.72,0.67,1.96,0.82,1.55,2.96,0.49,-0.5,3.36,0.98941177,0.341836735,145.531576,4.335864541,1.41,0.341836735,0,0.805276885,2.19995,0.45783555,Stable_Cubic,Mn,1,4
RbMnCl3,4.96,4.96,4.96,,1.72,0.67,1.81,0.82,1.55,3.16,0.49,-0.5,3.61,1.006486668,0.370165746,122.023936,3.354449327,1.61,0.370165746,0,0.795660265,2.1134,0.449878892,Stable_Cubic,Mn,1,4
RbMnF3,4.2,4.2,9.8,,1.72,0.67,1.33,0.82,1.55,3.98,0.49,-0.5,3.4,1.078337841,0.503759398,172.872,1.892304017,2.43,0.503759398,0.435142635,0.301601085,1.83644,0.406226959,Unstable_Hexagonal,Mn,1,4
RbFeI3,5.68,5.68,5.68,,1.72,0.64,2.2,0.82,1.83,2.66,0.49,0.16,3.06,0.976006543,0.290909091,183.250432,4.729243018,0.83,0.290909091,0,0.852490332,2.26512,0.484363899,Stable_Cubic,Fe,1,1
RbFeBr3,5.2,5.2,5.2,,1.72,0.64,1.96,0.82,1.83,2.96,0.49,0.16,3.36,1.00082806,0.326530612,140.608,4.498319342,1.13,0.326530612,0,0.832324244,2.12664,0.476728295,Stable_Cubic,Fe,1,1
RbFeCl3,4.9,4.9,4.9,,1.72,0.64,1.81,0.82,1.83,3.16,0.49,0.16,3.61,1.018810995,0.35359116,117.649,3.49189195,1.33,0.35359116,0,0.823872965,2.04009,0.470310423,Stable_Cubic,Fe,1,1
RbFeF3,4.137,4.137,9.653,,1.72,0.64,1.33,0.82,1.83,3.98,0.49,0.16,3.4,1.09475923,0.481203008,165.2088652,1.989123681,2.15,0.481203008,0.435142635,0.314611542,1.76313,0.433784249,Unstable_Hexagonal,Fe,1,1
KPbI3,9.252775075,9.444542434,13.3566,,1.64,1.19,2.2,0.82,2.33,2.66,0.5,0.36,3.06,0.800970513,0.540909091,1167.20959,0.892006533,0.33,0.540909091,0.17698145,0.136515337,2.43631,0.183863426,Unstable_Distorted,Pb,1,5
KPbBr3,8.597711352,8.775902261,12.411,,1.64,1.19,1.96,0.82,2.33,2.96,0.5,0.36,3.36,0.808122036,0.607142857,936.4431432,0.86179545,0.63,0.607142857,0.17698145,0.128309164,2.29783,0.142092279,Unstable_Distorted,Pb,1,5
KPbCl3,8.188296526,8.358002154,11.82,,1.64,1.19,1.81,0.82,2.33,3.16,0.5,0.36,3.61,0.813172798,0.657458564,808.934796,0.723593982,0.83,0.657458564,0.17698145,0.123681933,2.21128,0.110089964,Unstable_Distorted,Pb,1,5
KPbF3,7.056359991,7.056359991,10.1304,,1.64,1.19,1.33,0.82,2.33,3.98,0.5,0.36,3.4,0.833375849,0.894736842,504.4150682,0.997479361,1.65,0.894736842,0.179323003,0.109234257,1.93432,-0.043382222,Metastable,Pb,1,5
KSnI3,9.240471417,9.240471417,13.266,,1.64,1.1,2.2,0.82,1.96,2.66,0.5,1.11,3.06,0.822815164,0.5,1132.734815,0.789417592,0.7,0.5,0.179323003,0.13936052,2.45838,0.228230321,Metastable,Sn,1,6
KSnBr3,8.568437132,8.568437132,12.3012,,1.64,1.1,1.96,0.82,1.96,2.96,0.5,1.11,3.36,0.831890331,0.56122449,903.1309148,0.730862646,1,0.56122449,0.179323003,0.131399265,2.3199,0.19136075,Metastable,Sn,1,6
KSnCl3,8.148415704,8.148415704,11.6982,,1.64,1.1,1.81,0.82,1.96,3.16,0.5,1.11,3.61,0.838322473,0.607734807,776.7216242,0.564401127,1.2,0.607734807,0.179323003,0.126901478,2.23335,0.16302548,Metastable,Sn,1,6
KSnF3,6.804347134,6.804347134,9.7686,,1.64,1.1,1.33,0.82,1.96,3.98,0.5,1.11,3.4,0.864241621,0.827067669,452.2777782,0.787537764,2.02,0.827067669,0.179323003,0.118546411,1.95639,0.026281984,Metastable,Sn,1,6
KGeI3,5.86,5.86,5.86,,1.64,0.73,2.2,0.82,2.01,2.66,0.5,1.23,3.06,0.92672015,0.331818182,201.230056,4.063259298,0.65,0.331818182,0,0.764859619,2.23489,0.420595692,Stable_Cubic,Ge,1,2
KGeBr3,5.38,5.38,5.38,,1.64,0.73,1.96,0.82,2.01,2.96,0.5,1.23,3.36,0.946313908,0.37244898,155.720872,3.747177552,0.95,0.37244898,0,0.736734698,2.09641,0.405722504,Stable_Cubic,Ge,1,2
KGeCl3,5.08,5.08,5.08,,1.64,0.73,1.81,0.82,2.01,3.16,0.5,1.23,3.61,0.960440313,0.403314917,131.096512,2.760040374,1.15,0.403314917,0,0.721768651,2.00986,0.393887655,Stable_Cubic,Ge,1,2
KGeF3,4.12,4.12,4.12,,1.64,0.73,1.33,0.82,2.01,3.98,0.5,1.23,3.4,1.019469485,0.54887218,69.934528,3.998524677,1.97,0.54887218,0,0.710237697,1.7329,0.332712295,Stable_Cubic,Ge,1,2
KZnI3,5.88,5.88,5.88,,1.64,0.74,2.2,0.82,1.65,2.66,0.5,-0.6,3.06,0.923568041,0.336363636,203.297472,3.96231171,1.01,0.336363636,1.51E-16,0.757415378,2.31266,0.415153514,Stable_Cubic,Zn,1,8
KZnBr3,5.4,5.4,5.4,,1.64,0.74,1.96,0.82,1.65,2.96,0.5,-0.6,3.36,0.942809042,0.37755102,157.464,3.628713954,1.31,0.37755102,1.64E-16,0.729010169,2.17418,0.399637421,Stable_Cubic,Zn,1,8
KZnCl3,5.1,5.1,5.1,,1.64,0.74,1.81,0.82,1.65,3.16,0.5,-0.6,3.61,0.95667388,0.408839779,132.651,2.636314268,1.51,0.408839779,0,0.713822289,2.08763,0.38731871,Stable_Cubic,Zn,1,8
KZnF3,4.14,4.14,4.14,,1.64,0.74,1.33,0.82,1.65,3.98,0.5,-0.6,3.4,1.014544512,0.556390977,70.957944,3.770021775,2.33,0.556390977,0,0.700950775,1.81067,0.323914549,Stable_Cubic,Zn,1,8
KMgI3,5.84,5.84,5.84,,1.64,0.72,2.2,0.82,1.31,2.66,0.5,-0.4,3.06,0.929893849,0.327272727,199.176704,3.702470215,1.35,0.327272727,0,0.772413077,2.36912,0.426053133,Stable_Cubic,Mg,0,3
KMgBr3,5.36,5.36,5.36,,1.64,0.72,1.96,0.82,1.31,2.96,0.5,-0.4,3.36,0.94984493,0.367346939,153.990656,3.26844295,1.65,0.367346939,0,0.744583597,2.23064,0.41182608,Stable_Cubic,Mg,0,3
KMgCl3,5.06,5.06,5.06,,1.64,0.72,1.81,0.82,1.31,3.16,0.5,-0.4,3.61,0.96423652,0.397790055,129.554216,2.173820295,1.85,0.397790055,0,0.729851197,2.14409,0.40047765,Stable_Cubic,Mg,0,3
KMgF3,4.305,4.305,10.045,,1.64,0.72,1.33,0.82,1.31,3.98,0.5,-0.4,3.4,1.024442507,0.541353383,186.1642361,1.071262978,2.67,0.541353383,0.435142635,0.266453354,1.86713,0.341544011,Unstable_Hexagonal,Mg,0,3
KCaI3,8.960457131,8.960457131,12.864,,1.64,1,2.2,0.82,1,2.66,0.5,0.02,3.06,0.848528137,0.454545455,1032.847884,0.739234018,1.66,0.454545455,0.179323003,0.15149571,2.59268,0.278545757,Metastable,Ca,0,0
KCaBr3,8.288422846,8.288422846,11.8992,,1.64,1,1.96,0.82,1,2.96,0.5,0.02,3.36,0.859994734,0.510204082,817.4506857,0.647598884,1.96,0.510204082,0.179323003,0.143475626,2.4542,0.247301991,Metastable,Ca,0,0
KCaCl3,7.868401418,7.868401418,11.2962,,1.64,1,1.81,0.82,1,3.16,0.5,0.02,3.61,0.868156012,0.552486188,699.3674073,0.439966259,2.16,0.552486188,0.179323003,0.138955049,2.36765,0.223178566,Metastable,Ca,0,0
KCaF3,4.66,4.66,4.66,,1.64,1,1.33,0.82,1,3.98,0.5,0.02,3.4,0.901333537,0.751879699,101.194696,2.228390824,2.98,0.751879699,0,0.516128016,2.09069,0.105663863,Stable_Cubic,Ca,0,0
KMnI3,5.74,5.74,5.74,,1.64,0.67,2.2,0.82,1.55,2.66,0.5,-0.5,3.06,0.946094091,0.304545455,189.119224,4.168049769,1.11,0.304545455,1.55E-16,0.811885028,2.29227,0.453574886,Stable_Cubic,Mn,1,4
KMnBr3,5.26,5.26,5.26,,1.64,0.67,1.96,0.82,1.55,2.96,0.5,-0.5,3.36,0.967902818,0.341836735,145.531576,3.807573677,1.41,0.341836735,0,0.785776497,2.15379,0.442628721,Stable_Cubic,Mn,1,4
KMnCl3,4.96,4.96,4.96,,1.64,0.67,1.81,0.82,1.55,3.16,0.5,-0.5,3.61,0.983676772,0.370165746,122.023936,2.724384403,1.61,0.370165746,0,0.772403172,2.06724,0.433752296,Stable_Cubic,Mn,1,4
KMnF3,4.2,4.2,9.8,,1.64,0.67,1.33,0.82,1.55,3.98,0.5,-0.5,3.4,1.05005357,0.503759398,172.872,1.447564545,2.43,0.503759398,0.435142635,0.285184764,1.79028,0.386229979,Unstable_Hexagonal,Mn,1,4
KFeI3,5.68,5.68,5.68,,1.64,0.64,2.2,0.82,1.83,2.66,0.5,0.16,3.06,0.956088042,0.290909091,183.250432,4.309691472,0.83,0.290909091,0,0.837003754,2.21896,0.470281519,Stable_Cubic,Fe,1,1
KFeBr3,5.2,5.2,5.2,,1.64,0.64,1.96,0.82,1.83,2.96,0.5,0.16,3.36,0.979070928,0.326530612,140.608,3.951529671,1.13,0.326530612,0,0.812141024,2.08048,0.461346003,Stable_Cubic,Fe,1,1
KFeCl3,4.9,4.9,4.9,,1.64,0.64,1.81,0.82,1.83,3.16,0.5,0.16,3.61,0.995721794,0.35359116,117.649,2.838397215,1.33,0.35359116,0,0.799751025,1.99393,0.453986358,Stable_Cubic,Fe,1,1
KFeF3,4.137,4.137,9.653,,1.64,0.64,1.33,0.82,1.83,3.98,0.5,0.16,3.4,1.066044234,0.481203008,165.2088652,1.52375518,2.15,0.481203008,0.435142635,0.297433759,1.71697,0.413482747,Unstable_Hexagonal,Fe,1,1
NaPbI3,9.252775075,9.444542434,13.3566,,1.39,1.19,2.2,0.93,2.33,2.66,0.55,0.36,3.06,0.748823995,0.540909091,1167.20959,0.868959474,0.33,0.540909091,0.17698145,0.130323626,2.29206,0.146995837,Unstable_Distorted,Pb,1,5
NaPbBr3,8.597711352,8.775902261,12.411,,1.39,1.19,1.96,0.93,2.33,2.96,0.55,0.36,3.36,0.75200245,0.607142857,936.4431432,0.833068935,0.63,0.607142857,0.17698145,0.120591637,2.15358,0.102415732,Unstable_Distorted,Pb,1,5
NaPbCl3,8.188296526,8.358002154,11.82,,1.39,1.19,1.81,0.93,2.33,3.16,0.55,0.36,3.61,0.754247233,0.657458564,808.934796,0.69033945,0.83,0.657458564,0.17698145,0.114747932,2.06703,0.068429589,Unstable_Distorted,Pb,1,5
NaPbF3,6.878169082,7.020721809,9.9288,,1.39,1.19,1.33,0.93,2.33,3.98,0.55,0.36,3.4,0.763226367,0.894736842,479.4588893,0.993292402,1.65,0.894736842,0.17698145,0.099846685,1.79007,-0.092977906,Unstable_Distorted,Pb,1,5
NaSnI3,9.007126179,9.193802369,13.002,,1.39,1.1,2.2,0.93,1.96,2.66,0.55,1.11,3.06,0.769246468,0.5,1076.692213,0.805522721,0.7,0.5,0.17698145,0.139902088,2.31413,0.190357253,Unstable_Distorted,Sn,1,6
NaSnBr3,8.352062457,8.525162197,12.0564,,1.39,1.1,1.96,0.93,1.96,2.96,0.55,1.11,3.36,0.774120169,0.56122449,858.448077,0.737568082,1,0.56122449,0.17698145,0.129819982,2.17565,0.150517245,Unstable_Distorted,Sn,1,6
NaSnCl3,7.94264763,8.107262089,11.4654,,1.39,1.1,1.81,0.93,1.96,3.16,0.55,1.11,3.61,0.777574467,0.607734807,738.2929471,0.557342195,1.2,0.607734807,0.17698145,0.12371796,2.0891,0.12007664,Unstable_Distorted,Sn,1,6
NaSnF3,6.632520186,6.769981744,9.5742,,1.39,1.1,1.33,0.93,1.96,3.98,0.55,1.11,3.4,0.79149401,0.827067669,429.9011169,0.7659554,2.02,0.827067669,0.17698145,0.107905937,1.81214,-0.025150577,Unstable_Distorted,Sn,1,6
NaGeI3,8.204418561,8.204418561,11.7786,,1.39,0.73,2.2,0.93,2.01,2.66,0.55,1.23,3.06,0.866386807,0.331818182,792.8468231,0.997354249,0.65,0.331818182,0.179323003,0.185011424,2.09064,0.377940018,Metastable,Ge,1,2
NaGeBr3,7.532384276,7.532384276,10.8138,,1.39,0.73,1.96,0.93,2.01,2.96,0.55,1.23,3.36,0.880597664,0.37244898,613.5405471,0.907214708,0.95,0.37244898,0.179323003,0.175209195,1.95216,0.35926112,Metastable,Ge,1,2
NaGeCl3,7.112362848,7.112362848,10.2108,,1.39,0.73,1.81,0.93,2.01,3.16,0.55,1.23,3.61,0.890843189,0.403314917,516.5205195,0.64843681,1.15,0.403314917,0.179323003,0.169198173,1.86561,0.344682488,Metastable,Ge,1,2
NaGeF3,4.12,4.12,4.12,,1.39,0.73,1.33,0.93,2.01,3.98,0.55,1.23,3.4,0.933655556,0.54887218,69.934528,3.613868503,1.97,0.54887218,0,0.606897835,1.58865,0.272041846,Stable_Cubic,Ge,1,2
NaZnI3,8.232419989,8.232419989,11.8188,,1.39,0.74,2.2,0.93,1.65,2.66,0.55,-0.6,3.06,0.863439913,0.336363636,800.9924463,0.972078088,1.01,0.336363636,0.179323003,0.183214721,2.16841,0.372642928,Metastable,Zn,1,8
NaZnBr3,7.560385704,7.560385704,10.854,,1.39,0.74,1.96,0.93,1.65,2.96,0.55,-0.6,3.36,0.877336191,0.37755102,620.4084749,0.877633185,1.31,0.37755102,0.179323003,0.173379051,2.02993,0.353348116,Metastable,Zn,1,8
NaZnCl3,7.140364276,7.140364276,10.251,,1.39,0.74,1.81,0.93,1.65,3.16,0.55,-0.6,3.61,0.887349686,0.408839779,522.6452053,0.617644576,1.51,0.408839779,0.179323003,0.167345295,1.94338,0.338306504,Metastable,Zn,1,8
NaZnF3,4.14,4.14,4.14,,1.39,0.74,1.33,0.93,1.65,3.98,0.55,-0.6,3.4,0.929145142,0.556390977,70.957944,3.39091344,2.33,0.556390977,0,0.599101368,1.66642,0.263537195,Stable_Cubic,Zn,1,8
NaMgI3,8.176417132,8.176417132,11.7384,,1.39,0.72,2.2,0.93,1.31,2.66,0.55,-0.4,3.06,0.869353885,0.327272727,784.7566121,0.905433678,1.35,0.327272727,0.179323003,0.186834573,2.22487,0.383251379,Metastable,Mg,0,3
NaMgBr3,7.504382847,7.504382847,10.7736,,1.39,0.72,1.96,0.93,1.31,2.96,0.55,-0.4,3.36,0.883883476,0.367346939,606.7234926,0.785215888,1.65,0.367346939,0.179323003,0.17706895,2.08639,0.365191332,Metastable,Mg,0,3
NaMgCl3,7.084361419,7.084361419,10.1706,,1.39,0.72,1.81,0.93,1.31,3.16,0.55,-0.4,3.61,0.894364308,0.397790055,510.4438701,0.499030062,1.85,0.397790055,0.179323003,0.171083013,1.99984,0.351077997,Metastable,Mg,0,3
NaMgF3,4.1,4.1,4.1,,1.39,0.72,1.33,0.93,1.31,3.98,0.55,-0.4,3.4,0.938209973,0.541353383,68.921,2.503302419,2.67,0.541353383,0,0.614864273,1.72288,0.280577609,Stable_Cubic,Mg,0,3
NaCaI3,8.734182961,8.915202297,12.608,,1.39,1,2.2,0.93,1,2.66,0.55,0.02,3.06,0.79328542,0.454545455,981.7472369,0.750310789,1.66,0.454545455,0.17698145,0.15201978,2.44843,0.239489156,Unstable_Distorted,Ca,0,0
NaCaBr3,8.079119239,8.246562125,11.6624,,1.39,1,1.96,0.93,1,2.96,0.55,0.02,3.36,0.800272877,0.510204082,777.0069186,0.646685881,1.96,0.510204082,0.17698145,0.141642529,2.30995,0.205078639,Unstable_Distorted,Ca,0,0
NaCaCl3,7.669704413,7.828662017,11.0714,,1.39,1,1.81,0.93,1,3.16,0.55,0.02,3.61,0.805246157,0.552486188,664.7658674,0.422400318,2.16,0.552486188,0.17698145,0.135316225,2.2234,0.178701298,Unstable_Distorted,Ca,0,0
NaCaF3,6.524332849,6.524332849,9.3666,,1.39,1,1.33,0.93,1,3.98,0.55,0.02,3.4,0.82546371,0.751879699,398.7073046,0.498111225,2.98,0.751879699,0.179323003,0.112870752,1.94644,0.052023896,Metastable,Ca,0,0
NaMnI3,8.03640999,8.03640999,11.5374,,1.39,0.67,2.2,0.93,1.55,2.66,0.55,-0.5,3.06,0.884499423,0.304545455,745.1301208,1.021778034,1.11,0.304545455,0.179323003,0.196363075,2.14802,0.410027456,Metastable,Mn,1,4
NaMnBr3,5.26,5.26,5.26,,1.39,0.67,1.96,0.93,1.55,2.96,0.55,-0.5,3.36,0.900687345,0.341836735,145.531576,3.622728926,1.41,0.341836735,0,0.736117003,2.00954,0.395107381,Stable_Cubic,Mn,1,4
NaMnCl3,4.96,4.96,4.96,,1.39,0.67,1.81,0.93,1.55,3.16,0.55,-0.5,3.61,0.912395847,0.370165746,122.023936,2.503929721,1.61,0.370165746,0,0.713176886,1.92299,0.383356681,Stable_Cubic,Mn,1,4
NaMnF3,4,4,4,,1.39,0.67,1.33,0.93,1.55,3.98,0.55,-0.5,3.4,0.961665222,0.503759398,64,3.489728594,2.43,0.503759398,0,0.65739744,1.64603,0.323739418,Stable_Cubic,Mn,1,4
NaFeI3,7.952405704,7.952405704,11.4168,,1.39,0.64,2.2,0.93,1.83,2.66,0.55,0.16,3.06,0.893842727,0.290909091,722.0070686,1.056571479,0.83,0.290909091,0.179323003,0.202427762,2.07471,0.426274081,Metastable,Fe,1,1
NaFeBr3,5.2,5.2,5.2,,1.39,0.64,1.96,0.93,1.83,2.96,0.55,0.16,3.36,0.911079891,0.326530612,140.608,3.760212335,1.13,0.326530612,0,0.760742637,1.93623,0.41327634,Stable_Cubic,Fe,1,1
NaFeCl3,4.9,4.9,4.9,,1.39,0.64,1.81,0.93,1.83,3.16,0.55,0.16,3.61,0.923568041,0.35359116,117.649,2.60974463,1.33,0.35359116,0,0.73832233,1.84968,0.402973655,Stable_Cubic,Fe,1,1
NaFeF3,3.94,3.94,3.94,,1.39,0.64,1.33,0.93,1.83,3.98,0.55,0.16,3.4,0.97630987,0.481203008,61.162984,3.676032484,2.15,0.481203008,1.13E-16,0.685245658,1.57272,0.350040552,Stable_Cubic,Fe,1,1
MAPbI3,6.78,6.78,6.78,,2.17,1.19,2.2,1.3,2.33,2.66,0.2,0.36,3.06,0.911521131,0.540909091,311.665752,3.302797113,0.33,0.540909091,0,0.589310375,2.74212,0.262022712,Stable_Cubic,Pb,1,5
MAPbBr3,6.3,6.3,6.3,,2.17,1.19,1.96,1.3,2.33,2.96,0.2,0.36,3.36,0.927095558,0.607142857,250.047,3.180332521,0.63,0.607142857,0,0.577811719,2.60364,0.226206559,Stable_Cubic,Pb,1,5
MAPbCl3,6,6,6,,2.17,1.19,1.81,1.3,2.33,3.16,0.2,0.36,3.61,0.938094996,0.657458564,216,2.655326463,0.83,0.657458564,0,0.575816991,2.51709,0.198409958,Stable_Cubic,Pb,1,5
MAPbF3,5.04,5.04,5.04,,2.17,1.19,1.33,1.3,2.33,3.98,0.2,0.36,3.4,0.982092752,0.894736842,128.024064,3.837979913,1.65,0.894736842,0,0.620393174,2.24013,0.061760628,Stable_Cubic,Pb,1,5
MASnI3,6.6,6.6,6.6,,2.17,1.1,2.2,1.3,1.96,2.66,0.2,1.11,3.06,0.936380798,0.5,287.496,3.069298202,0.7,0.5,0,0.633693559,2.76419,0.308521224,Stable_Cubic,Sn,1,6
MASnBr3,6.12,6.12,6.12,,2.17,1.1,1.96,1.3,1.96,2.96,0.2,1.11,3.36,0.954363074,0.56122449,229.220928,2.828165917,1,0.56122449,0,0.623837406,2.62571,0.277948979,Stable_Cubic,Sn,1,6
MASnCl3,5.82,5.82,5.82,,2.17,1.1,1.81,1.3,1.96,3.16,0.2,1.11,3.61,0.967108244,0.607734807,197.137368,2.163936398,1.2,0.607734807,0,0.623387506,2.53916,0.25407702,Stable_Cubic,Sn,1,6
MASnF3,4.86,4.86,4.86,,2.17,1.1,1.33,1.3,1.96,3.98,0.2,1.11,3.4,1.018466557,0.827067669,114.791256,3.000193638,2.02,0.827067669,0,0.678986888,2.2622,0.135319014,Stable_Cubic,Sn,1,6
MAGeI3,6.153,6.153,14.357,,2.17,0.73,2.2,1.3,2.01,2.66,0.2,1.23,3.06,1.054626837,0.331818182,543.547535,1.482593536,0.65,0.331818182,0.435142635,0.327917216,2.5407,0.51102572,Unstable_Hexagonal,Ge,1,2
MAGeBr3,5.649,5.649,13.181,,2.17,0.73,1.96,1.3,2.01,2.96,0.2,1.23,3.36,1.085632344,0.37244898,420.6215404,1.359235957,0.95,0.37244898,0.435142635,0.330584163,2.40222,0.504220639,Unstable_Hexagonal,Ge,1,2
MAGeCl3,5.334,5.334,12.446,,2.17,0.73,1.81,1.3,2.01,3.16,0.2,1.23,3.61,1.107986216,0.403314917,354.108066,0.988516969,1.15,0.403314917,0.435142635,0.335906506,2.31567,0.498202608,Unstable_Hexagonal,Ge,1,2
MAGeF3,4.326,4.326,10.094,,2.17,0.73,1.33,1.3,2.01,3.98,0.2,1.23,3.4,1.201395017,0.54887218,188.9019019,1.417905798,1.97,0.54887218,0.435142635,0.391716482,2.03871,0.461333645,Unstable_Hexagonal,Ge,1,2
MAZnI3,6.174,6.174,14.406,,2.17,0.74,2.2,1.3,1.65,2.66,0.2,-0.6,3.06,1.051039671,0.336363636,549.1318841,1.445441693,1.01,0.336363636,0.435142635,0.324706117,2.61847,0.505275957,Unstable_Hexagonal,Zn,1,8
MAZnBr3,5.67,5.67,13.23,,2.17,0.74,1.96,1.3,1.65,2.96,0.2,-0.6,3.36,1.081611484,0.37755102,425.329947,1.315689111,1.31,0.37755102,0.435142635,0.327084205,2.47999,0.497770748,Unstable_Hexagonal,Zn,1,8
MAZnCl3,5.355,5.355,12.495,,2.17,0.74,1.81,1.3,1.65,3.16,0.2,-0.6,3.61,1.103641172,0.408839779,358.3069324,0.943101736,1.51,0.408839779,0.435142635,0.33215961,2.39344,0.491224585,Unstable_Hexagonal,Zn,1,8
MAZnF3,4.347,4.347,10.143,,2.17,0.74,1.33,1.3,1.65,3.98,0.2,-0.6,3.4,1.195591176,0.556390977,191.6662765,1.334210507,2.33,0.556390977,0.435142635,0.38642101,2.11648,0.45191454,Unstable_Hexagonal,Zn,1,8
MAMgI3,6.132,6.132,14.308,,2.17,0.72,2.2,1.3,1.31,2.66,0.2,-0.4,3.06,1.058238573,0.327272727,538.0011746,1.348799992,1.35,0.327272727,0.435142635,0.331175004,2.67493,0.516792853,Unstable_Hexagonal,Mg,0,3
MAMgBr3,5.628,5.628,13.132,,2.17,0.72,1.96,1.3,1.31,2.96,0.2,-0.4,3.36,1.089683211,0.367346939,415.9480107,1.181685757,1.65,0.367346939,0.435142635,0.334139756,2.53645,0.510691745,Unstable_Hexagonal,Mg,0,3
MAMgCl3,5.313,5.313,12.397,,2.17,0.72,1.81,1.3,1.31,3.16,0.2,-0.4,3.61,1.112365608,0.397790055,349.9421317,0.771092491,1.85,0.397790055,0.435142635,0.339716597,2.4499,0.505204916,Unstable_Hexagonal,Mg,0,3
MAMgF3,4.305,4.305,10.045,,2.17,0.72,1.33,1.3,1.31,3.98,0.2,-0.4,3.4,1.20725548,0.541353383,186.1642361,1.007932694,2.67,0.541353383,0.435142635,0.397122116,2.17294,0.470792782,Unstable_Hexagonal,Mg,0,3
MACaI3,6.4,6.4,6.4,,2.17,1,2.2,1.3,1,2.66,0.2,0.02,3.06,0.965642698,0.454545455,262.144,2.867608864,1.66,0.454545455,1.39E-16,0.689689155,2.89849,0.361345751,Stable_Cubic,Ca,0,0
MACaBr3,5.92,5.92,5.92,,2.17,1,1.96,1.3,1,2.96,0.2,0.02,3.36,0.98660507,0.510204082,207.474688,2.49471549,1.96,0.510204082,1.50E-16,0.682541571,2.76001,0.336815499,Stable_Cubic,Ca,0,0
MACaCl3,5.62,5.62,5.62,,2.17,1,1.81,1.3,1,3.16,0.2,0.02,3.61,1.001524907,0.552486188,177.504328,1.667047961,2.16,0.552486188,0,0.684526873,2.67346,0.317470375,Stable_Cubic,Ca,0,0
MACaF3,4.893,4.893,11.417,,2.17,1,1.33,1.3,1,3.98,0.2,0.02,3.4,1.062177568,0.751879699,273.3395232,0.781853628,2.98,0.751879699,0.435142635,0.280073906,2.3965,0.219380593,Unstable_Hexagonal,Ca,0,0
MAMnI3,6.027,6.027,14.063,,2.17,0.67,2.2,1.3,1.55,2.66,0.2,-0.5,3.06,1.076674785,0.304545455,510.8346639,1.519999638,1.11,0.304545455,0.435142635,0.348192731,2.59808,0.545895437,Unstable_Hexagonal,Mn,1,4
MAMnBr3,5.523,5.523,12.887,,2.17,0.67,1.96,1.3,1.55,2.96,0.2,-0.5,3.36,1.110399622,0.341836735,393.0989782,1.379633105,1.41,0.341836735,0.435142635,0.352789374,2.4596,0.543373961,Unstable_Hexagonal,Mn,1,4
MAMnCl3,5.208,5.208,12.152,,2.17,0.67,1.81,1.3,1.55,3.16,0.2,-0.5,3.61,1.134792334,0.370165746,329.6019041,0.972841085,1.61,0.370165746,0.435142635,0.359759832,2.37305,0.540590998,Unstable_Hexagonal,Mn,1,4
MAMnF3,4.2,4.2,9.8,,2.17,0.67,1.33,1.3,1.55,3.98,0.2,-0.5,3.4,1.237436867,0.503759398,172.872,1.379364755,2.43,0.503759398,0.435142635,0.42590073,2.09609,0.51870997,Unstable_Hexagonal,Mn,1,4
MAFeI3,5.964,5.964,13.916,,2.17,0.64,2.2,1.3,1.83,2.66,0.2,0.16,3.06,1.08804811,0.290909091,494.9823231,1.571698531,0.83,0.290909091,0.435142635,0.359017164,2.52477,0.563577287,Unstable_Hexagonal,Fe,1,1
MAFeBr3,5.46,5.46,12.74,,2.17,0.64,1.96,1.3,1.83,2.96,0.2,0.16,3.36,1.123211926,0.326530612,379.799784,1.431877723,1.13,0.326530612,0.435142635,0.364716836,2.38629,0.563253688,Unstable_Hexagonal,Fe,1,1
MAFeCl3,5.145,5.145,12.005,,2.17,0.64,1.81,1.3,1.83,3.16,0.2,0.16,3.61,1.148687751,0.35359116,317.7846551,1.013720313,1.33,0.35359116,0.435142635,0.372628938,2.29974,0.562133289,Unstable_Hexagonal,Fe,1,1
MAFeF3,4.137,4.137,9.653,,2.17,0.64,1.33,1.3,1.83,3.98,0.2,0.16,3.4,1.256281083,0.481203008,165.2088652,1.452391975,2.15,0.481203008,0.435142635,0.444676767,2.02278,0.5479802,Unstable_Hexagonal,Fe,1,1
FAPbI3,6.78,6.78,6.78,,2.53,1.19,2.2,1.4,2.33,2.66,0.15,0.36,3.06,0.986612117,0.540909091,311.665752,3.372060482,0.33,0.540909091,0,0.669627379,2.94984,0.315112039,Stable_Cubic,Pb,1,5
FAPbBr3,6.3,6.3,6.3,,2.53,1.19,1.96,1.4,2.33,2.96,0.15,0.36,3.36,1.007907761,0.607142857,250.047,3.266664371,0.63,0.607142857,0,0.677921136,2.81136,0.283340787,Stable_Cubic,Pb,1,5
FAPbCl3,6.3,6.3,14.7,,2.53,1.19,1.81,1.4,2.33,3.16,0.15,0.36,3.61,1.02294781,0.657458564,583.443,1.020044008,0.83,0.657458564,0.435142635,0.256080764,2.72481,0.258400897,Unstable_Hexagonal,Pb,1,5
FAPbF3,5.292,5.292,12.348,,2.53,1.19,1.33,1.4,2.33,3.98,0.15,0.36,3.4,1.083108006,0.894736842,345.8089999,1.483306699,1.65,0.894736842,0.435142635,0.302066502,2.44785,0.133178413,Unstable_Hexagonal,Pb,1,5
FASnI3,6.6,6.6,6.6,,2.53,1.1,2.2,1.4,1.96,2.66,0.15,1.11,3.06,1.01351972,0.5,287.496,3.144384534,0.7,0.5,0,0.720762803,2.97191,0.363058442,Stable_Cubic,Sn,1,6
FASnBr3,6.426,6.426,14.994,,2.53,1.1,1.96,1.4,1.96,2.96,0.15,1.11,3.36,1.037552107,0.56122449,619.1543791,1.081897922,1,0.56122449,0.435142635,0.271384091,2.83343,0.336763625,Unstable_Hexagonal,Sn,1,6
FASnCl3,6.111,6.111,14.259,,2.53,1.1,1.81,1.4,1.96,3.16,0.15,1.11,3.61,1.054585371,0.607734807,532.4926731,0.841663686,1.2,0.607734807,0.435142635,0.277797309,2.74688,0.315923349,Unstable_Hexagonal,Sn,1,6
FASnF3,5.103,5.103,11.907,,2.53,1.1,1.33,1.4,1.96,3.98,0.15,1.11,3.4,1.123223117,0.827067669,310.0655314,1.18034086,2.02,0.827067669,0.435142635,0.3321034,2.46992,0.209381902,Unstable_Hexagonal,Sn,1,6
FAGeI3,6.153,6.153,14.357,,2.53,0.73,2.2,1.4,2.01,2.66,0.15,1.23,3.06,1.141506852,0.331818182,543.547535,1.522308591,0.65,0.331818182,0.435142635,0.373970335,2.74842,0.572449889,Unstable_Hexagonal,Ge,1,2
FAGeBr3,5.649,5.649,13.181,,2.53,0.73,1.96,1.4,2.01,2.96,0.15,1.23,3.36,1.180263735,0.37244898,420.6215404,1.410557675,0.95,0.37244898,0.435142635,0.390096235,2.60994,0.571125032,Unstable_Hexagonal,Ge,1,2
FAGeCl3,5.334,5.334,12.446,,2.53,0.73,1.81,1.4,2.01,3.16,0.15,1.23,3.61,1.208206075,0.403314917,354.108066,1.049478641,1.15,0.403314917,0.435142635,0.406596958,2.52339,0.569058049,Unstable_Hexagonal,Ge,1,2
FAGeF3,4.326,4.326,10.094,,2.53,0.73,1.33,1.4,2.01,3.98,0.15,1.23,3.4,1.324967075,0.54887218,188.9019019,1.532182149,1.97,0.54887218,0.435142635,0.524230021,2.24643,0.548699091,Unstable_Hexagonal,Ge,1,2
FAZnI3,6.174,6.174,14.406,,2.53,0.74,2.2,1.4,1.65,2.66,0.15,-0.6,3.06,1.137624175,0.336363636,549.1318841,1.484752868,1.01,0.336363636,0.435142635,0.370290904,2.82619,0.566491201,Unstable_Hexagonal,Zn,1,8
FAZnBr3,5.67,5.67,13.23,,2.53,0.74,1.96,1.4,1.65,2.96,0.15,-0.6,3.36,1.175892388,0.37755102,425.329947,1.366442697,1.31,0.37755102,0.435142635,0.385937478,2.68771,0.564427347,Unstable_Hexagonal,Zn,1,8
FAZnCl3,5.355,5.355,12.495,,2.53,0.74,1.81,1.4,1.65,3.16,0.15,-0.6,3.61,1.203468012,0.408839779,358.3069324,1.003349022,1.51,0.408839779,0.435142635,0.402021667,2.60116,0.561802161,Unstable_Hexagonal,Zn,1,8
FAZnF3,4.347,4.347,10.143,,2.53,0.74,1.33,1.4,1.65,3.98,0.15,-0.6,3.4,1.318566268,0.556390977,191.6662765,1.446838667,2.33,0.556390977,0.435142635,0.517023326,2.3242,0.538857931,Unstable_Hexagonal,Zn,1,8
FAMgI3,6.132,6.132,14.308,,2.53,0.72,2.2,1.4,1.31,2.66,0.15,-0.4,3.06,1.145416122,0.327272727,538.0011746,1.388924477,1.35,0.327272727,0.435142635,0.377702894,2.88265,0.57842738,Unstable_Hexagonal,Mg,0,3
FAMgBr3,5.628,5.628,13.132,,2.53,0.72,1.96,1.4,1.31,2.96,0.15,-0.4,3.36,1.184667704,0.367346939,415.9480107,1.233584118,1.65,0.367346939,0.435142635,0.394320497,2.74417,0.577845781,Unstable_Hexagonal,Mg,0,3
FAMgCl3,5.313,5.313,12.397,,2.53,0.72,1.81,1.4,1.31,3.16,0.15,-0.4,3.61,1.212981593,0.397790055,349.9421317,0.83277989,1.85,0.397790055,0.435142635,0.411248594,2.65762,0.576340417,Unstable_Hexagonal,Mg,0,3
FAMgF3,4.305,4.305,10.045,,2.53,0.72,1.33,1.4,1.31,3.98,0.15,-0.4,3.4,1.331430329,0.541353383,186.1642361,1.123889552,2.67,0.541353383,0.435142635,0.531584352,2.38066,0.558584401,Unstable_Hexagonal,Mg,0,3
FACaI3,6.72,6.72,15.68,,2.53,1,2.2,1.4,1,2.66,0.15,0.02,3.06,1.045192211,0.454545455,708.083712,1.092121546,1.66,0.454545455,0.435142635,0.290685875,3.10621,0.417587257,Unstable_Hexagonal,Ca,0,0
FACaBr3,6.216,6.216,14.504,,2.53,1,1.96,1.4,1,2.96,0.15,0.02,3.36,1.072604543,0.510204082,560.4150666,0.962103573,1.96,0.510204082,0.435142635,0.297354887,2.96773,0.397617126,Unstable_Hexagonal,Ca,0,0
FACaCl3,5.901,5.901,13.769,,2.53,1,1.81,1.4,1,3.16,0.15,0.02,3.61,1.0921151,0.552486188,479.461378,0.662191498,2.16,0.552486188,0.435142635,0.305631588,2.88118,0.381517641,Unstable_Hexagonal,Ca,0,0
FACaF3,4.893,4.893,11.417,,2.53,1,1.33,1.4,1,3.98,0.15,0.02,3.4,1.171430118,0.751879699,273.3395232,0.860828742,2.98,0.751879699,0.435142635,0.371652538,2.60422,0.296622146,Unstable_Hexagonal,Ca,0,0
FAMnI3,6.027,6.027,14.063,,2.53,0.67,2.2,1.4,1.55,2.66,0.15,-0.5,3.06,1.165371106,0.304545455,510.8346639,1.562257968,1.11,0.304545455,0.435142635,0.397195004,2.8058,0.608603736,Unstable_Hexagonal,Mn,1,4
FAMnBr3,5.523,5.523,12.887,,2.53,0.67,1.96,1.4,1.55,2.96,0.15,-0.5,3.36,1.207189904,0.341836735,393.0989782,1.434548079,1.41,0.341836735,0.435142635,0.416468144,2.66732,0.611804691,Unstable_Hexagonal,Mn,1,4
FAMnCl3,5.208,5.208,12.152,,2.53,0.67,1.81,1.4,1.55,3.16,0.15,-0.5,3.61,1.237436867,0.370165746,329.6019041,1.038335306,1.61,0.370165746,0.435142635,0.435706175,2.58077,0.613160683,Unstable_Hexagonal,Mn,1,4
FAMnF3,4.2,4.2,9.8,,2.53,0.67,1.33,1.4,1.55,3.98,0.15,-0.5,3.4,1.364716088,0.503759398,172.872,1.504237609,2.43,0.503759398,0.435142635,0.570701851,2.30381,0.608696379,Unstable_Hexagonal,Mn,1,4
FAFeI3,5.964,5.964,13.916,,2.53,0.64,2.2,1.4,1.83,2.66,0.15,0.16,3.06,1.177681364,0.290909091,494.9823231,1.61531023,0.83,0.290909091,0.435142635,0.409588787,2.73249,0.626947997,Unstable_Hexagonal,Fe,1,1
FAFeBr3,5.46,5.46,12.74,,2.53,0.64,1.96,1.4,1.83,2.96,0.15,0.16,3.36,1.221119018,0.326530612,379.799784,1.488715618,1.13,0.326530612,0.435142635,0.430625403,2.59401,0.632474003,Unstable_Hexagonal,Fe,1,1
FAFeCl3,5.145,5.145,12.005,,2.53,0.64,1.81,1.4,1.83,3.16,0.15,0.16,3.61,1.252589155,0.35359116,317.7846551,1.081650024,1.33,0.35359116,0.435142635,0.451399449,2.50746,0.635591582,Unstable_Hexagonal,Fe,1,1
FAFeF3,4.137,4.137,9.653,,2.53,0.64,1.33,1.4,1.83,3.98,0.15,0.16,3.4,1.385498566,0.481203008,165.2088652,1.583056997,2.15,0.481203008,0.435142635,0.59619442,2.2305,0.63933696,Unstable_Hexagonal,Fe,1,1
BaTiO3,4.2,4.2,9.8,,1.61,0.6,1.4,0.89,1.54,3.44,0.14,0.08,1.46,1.064195706,0.428571429,172.872,2.239066327,1.9,0.428571429,0.435142635,0.30582106,1.77497,0.449386364,Unstable_Hexagonal,Ti,1,7
BaPbO3,4.36,4.36,4.36,,1.61,0.78,1.4,0.89,2.33,3.44,0.14,0.36,1.46,0.976326335,0.557142857,82.881856,7.863747043,1.11,0.557142857,0,0.650937623,1.72083,0.296362719,Stable_Cubic,Pb,1,5
BaSnO3,4.18,4.18,4.18,,1.61,0.69,1.4,0.89,1.96,3.44,0.14,1.11,1.46,1.018369096,0.492857143,73.034632,6.911846424,1.48,0.492857143,0,0.730327152,1.7429,0.371536951,Stable_Cubic,Sn,1,6
BaGeO3,4.053,4.053,9.457,,1.61,0.53,1.4,0.89,2.01,3.44,0.14,1.23,1.46,1.102793477,0.378571429,155.3483327,2.756729078,1.43,0.378571429,0.435142635,0.338508519,1.64058,0.512024989,Unstable_Hexagonal,Ge,1,2
BaMnO3,4.053,4.053,9.457,,1.61,0.53,1.4,0.89,1.55,3.44,0.14,-0.5,1.46,1.102793477,0.378571429,155.3483327,2.567531309,1.89,0.378571429,0.435142635,0.338508519,1.73258,0.512024989,Unstable_Hexagonal,Mn,1,4
BaFeO3,4.158,4.158,9.702,,1.61,0.58,1.4,0.89,1.83,3.44,0.14,0.16,1.46,1.074945157,0.414285714,167.7375287,2.386801553,1.61,0.414285714,0.435142635,0.314660668,1.70543,0.467086226,Unstable_Hexagonal,Fe,1,1
SrTiO3,4,4,4,,1.44,0.6,1.4,0.95,1.54,3.44,0.11,0.08,1.46,1.004091629,0.428571429,64,4.758484938,1.9,0.428571429,0,0.748352503,1.67688,0.406892782,Stable_Cubic,Ti,1,7
SrPbO3,4.36,4.36,4.36,,1.44,0.78,1.4,0.95,2.33,3.44,0.11,0.36,1.46,0.921184981,0.557142857,82.881856,6.868006334,1.11,0.557142857,0,0.590932475,1.62274,0.257377782,Stable_Cubic,Pb,1,5
SrSnO3,4.18,4.18,4.18,,1.44,0.69,1.4,0.95,1.96,3.44,0.11,1.11,1.46,0.960853234,0.492857143,73.034632,5.781850479,1.48,0.492857143,0,0.662231539,1.64481,0.330873236,Stable_Cubic,Sn,1,6
SrGeO3,4.053,4.053,9.457,,1.44,0.53,1.4,0.95,2.01,3.44,0.11,1.23,1.46,1.04050946,0.378571429,155.3483327,2.225478845,1.43,0.378571429,0.435142635,0.306494413,1.54249,0.467990189,Unstable_Hexagonal,Ge,1,2
SrMnO3,4.053,4.053,9.457,,1.44,0.53,1.4,0.95,1.55,3.44,0.11,-0.5,1.46,1.04050946,0.378571429,155.3483327,2.036281075,1.89,0.378571429,0.435142635,0.306494413,1.63449,0.467990189,Unstable_Hexagonal,Mn,1,4
SrFeO3,3.96,3.96,3.96,,1.44,0.58,1.4,0.95,1.83,3.44,0.11,0.16,1.46,1.014233969,0.414285714,62.099136,5.118064058,1.61,0.414285714,1.12E-16,0.769850723,1.60734,0.424163416,Stable_Cubic,Fe,1,1
CaTiO3,4,4,4,,1.34,0.6,1.4,1,1.54,3.44,0.02,0.08,1.46,0.96873629,0.428571429,64,3.523458313,1.9,0.428571429,0,0.710399446,1.61918,0.381896557,Stable_Cubic,Ti,1,7
CaPbO3,6.104311421,6.104311421,8.7636,,1.34,0.78,1.4,1,2.33,3.44,0.02,0.36,1.46,0.88874889,0.557142857,326.5546784,1.501100552,1.11,0.557142857,0.179323003,0.142544534,1.56504,0.234445465,Metastable,Pb,1,5
CaSnO3,4.18,4.18,4.18,,1.34,0.69,1.4,1,1.96,3.44,0.02,1.11,1.46,0.927020373,0.492857143,73.034632,4.699600841,1.48,0.492857143,0,0.628973404,1.58711,0.306953404,Stable_Cubic,Sn,1,6
CaGeO3,3.86,3.86,3.86,,1.34,0.53,1.4,1,2.01,3.44,0.02,1.23,1.46,1.003871803,0.378571429,57.512456,4.636955932,1.43,0.378571429,0,0.785645467,1.48479,0.442087365,Stable_Cubic,Ge,1,2
CaMnO3,3.86,3.86,3.86,,1.34,0.53,1.4,1,1.55,3.44,0.02,-0.5,1.46,1.003871803,0.378571429,57.512456,4.125909107,1.89,0.378571429,0,0.785645467,1.57679,0.442087365,Stable_Cubic,Mn,1,4
CaFeO3,3.96,3.96,3.96,,1.34,0.58,1.4,1,1.83,3.44,0.02,0.16,1.46,0.978521505,0.414285714,62.099136,3.84523308,1.61,0.414285714,1.12E-16,0.730735917,1.54964,0.398914704,Stable_Cubic,Fe,1,1
PbTiO3,4.2,4.2,9.8,,1.49,0.6,1.4,2.33,1.54,3.44,0.36,0.08,1.46,1.021769299,0.428571429,172.872,2.910498056,1.9,0.428571429,0.435142635,0.284853556,1.70573,0.419390894,Unstable_Hexagonal,Ti,1,7
PbSnO3,4.18,4.18,4.18,,1.49,0.69,1.4,2.33,1.96,3.44,0.36,1.11,1.46,0.977769664,0.492857143,73.034632,8.501116374,1.48,0.492857143,0,0.680697352,1.67366,0.342833152,Stable_Cubic,Sn,1,6
PbGeO3,4.053,4.053,9.457,,1.49,0.53,1.4,2.33,2.01,3.44,0.36,1.23,1.46,1.058828289,0.378571429,155.3483327,3.503899929,1.43,0.378571429,0.435142635,0.315175831,1.57134,0.4809416,Unstable_Hexagonal,Ge,1,2
PbMnO3,4.053,4.053,9.457,,1.49,0.53,1.4,2.33,1.55,3.44,0.36,-0.5,1.46,1.058828289,0.378571429,155.3483327,3.31470216,1.89,0.378571429,0.435142635,0.315175831,1.66334,0.4809416,Unstable_Hexagonal,Mn,1,4
PbFeO3,4.158,4.158,9.702,,1.49,0.58,1.4,2.33,1.83,3.44,0.36,0.16,1.46,1.032090201,0.414285714,167.7375287,3.07878591,1.61,0.414285714,0.435142635,0.293051346,1.63619,0.436787772,Unstable_Hexagonal,Fe,1,1
CsTiO3,4.2,4.2,9.8,,1.81,0.6,1.4,0.79,1.54,3.44,0.47,0.08,1.46,1.134906384,0.428571429,172.872,2.196801668,1.9,0.428571429,0.435142635,0.348381118,1.89037,0.499378813,Unstable_Hexagonal,Ti,1,7
CsPbO3,4.578,4.578,10.682,,1.81,0.78,1.4,0.79,2.33,3.44,0.47,0.36,1.46,1.041198517,0.557142857,223.8742533,2.878649798,1.11,0.557142857,0.435142635,0.273851771,1.83623,0.342227352,Unstable_Hexagonal,Pb,1,5
CsSnO3,4.389,4.389,10.241,,1.81,0.69,1.4,0.79,1.96,3.44,0.47,1.11,1.46,1.086034817,0.492857143,197.2756704,2.521840545,1.48,0.492857143,0.435142635,0.307674115,1.8583,0.419376616,Unstable_Hexagonal,Sn,1,6
CsGeO3,4.053,4.053,9.457,,1.81,0.53,1.4,0.79,2.01,3.44,0.47,1.23,1.46,1.176068792,0.378571429,155.3483327,2.709696864,1.43,0.378571429,0.435142635,0.385869455,1.75598,0.563830636,Unstable_Hexagonal,Ge,1,2
CsMnO3,4.053,4.053,9.457,,1.81,0.53,1.4,0.79,1.55,3.44,0.47,-0.5,1.46,1.176068792,0.378571429,155.3483327,2.520499095,1.89,0.378571429,0.435142635,0.385869455,1.84798,0.563830636,Unstable_Hexagonal,Mn,1,4
CsFeO3,4.158,4.158,9.702,,1.81,0.58,1.4,0.79,1.83,3.44,0.47,0.16,1.46,1.146370085,0.414285714,167.7375287,2.343243167,1.61,0.414285714,0.435142635,0.358523496,1.82083,0.51758365,Unstable_Hexagonal,Fe,1,1
RbTiO3,4.2,4.2,9.8,,1.72,0.6,1.4,0.82,1.54,3.44,0.49,0.08,1.46,1.103086579,0.428571429,172.872,1.740535471,1.9,0.428571429,0.435142635,0.327996094,1.83844,0.476882211,Unstable_Hexagonal,Ti,1,7
RbPbO3,4.36,4.36,4.36,,1.72,0.78,1.4,0.82,2.33,3.44,0.49,0.36,1.46,1.012006035,0.557142857,82.881856,6.823929281,1.11,0.557142857,0,0.697189514,1.7843,0.321588267,Stable_Cubic,Pb,1,5
RbSnO3,4.389,4.389,10.241,,1.72,0.69,1.4,0.82,1.96,3.44,0.49,1.11,1.46,1.055585243,0.492857143,197.2756704,2.122016026,1.48,0.492857143,0.435142635,0.289810788,1.80637,0.397848767,Unstable_Hexagonal,Sn,1,6
RbGeO3,4.053,4.053,9.457,,1.72,0.53,1.4,0.82,2.01,3.44,0.49,1.23,1.46,1.1430949,0.378571429,155.3483327,2.201962738,1.43,0.378571429,0.435142635,0.363184951,1.70405,0.540518094,Unstable_Hexagonal,Ge,1,2
RbMnO3,4.053,4.053,9.457,,1.72,0.53,1.4,0.82,1.55,3.44,0.49,-0.5,1.46,1.1430949,0.378571429,155.3483327,2.012764969,1.89,0.378571429,0.435142635,0.363184951,1.79605,0.540518094,Unstable_Hexagonal,Mn,1,4
RbFeO3,4.158,4.158,9.702,,1.72,0.58,1.4,0.82,1.83,3.44,0.49,0.16,1.46,1.114228867,0.414285714,167.7375287,1.873010592,1.61,0.414285714,0.435142635,0.337514483,1.7689,0.494859809,Unstable_Hexagonal,Fe,1,1
KTiO3,4.2,4.2,9.8,,1.64,0.6,1.4,0.82,1.54,3.44,0.5,0.08,1.46,1.074802307,0.428571429,172.872,1.295795999,1.9,0.428571429,0.435142635,0.311579774,1.79228,0.456885231,Unstable_Hexagonal,Ti,1,7
KPbO3,4.36,4.36,4.36,,1.64,0.78,1.4,0.82,2.33,3.44,0.5,0.36,1.46,0.986057163,0.557142857,82.881856,5.896307655,1.11,0.557142857,0,0.662948942,1.73814,0.303242414,Stable_Cubic,Pb,1,5
KSnO3,4.389,4.389,10.241,,1.64,0.69,1.4,0.82,1.96,3.44,0.5,1.11,1.46,1.028518954,0.492857143,197.2756704,1.732292337,1.48,0.492857143,0.435142635,0.275425222,1.76021,0.378712901,Unstable_Hexagonal,Sn,1,6
KGeO3,4.053,4.053,9.457,,1.64,0.53,1.4,0.82,2.01,3.44,0.5,1.23,1.46,1.113784775,0.378571429,155.3483327,1.707055579,1.43,0.378571429,0.435142635,0.34491683,1.65789,0.519795836,Unstable_Hexagonal,Ge,1,2
KMnO3,4.053,4.053,9.457,,1.64,0.53,1.4,0.82,1.55,3.44,0.5,-0.5,1.46,1.113784775,0.378571429,155.3483327,1.517857809,1.89,0.378571429,0.435142635,0.34491683,1.74989,0.519795836,Unstable_Hexagonal,Mn,1,4
KFeO3,4.158,4.158,9.702,,1.64,0.58,1.4,0.82,1.83,3.44,0.5,0.16,1.46,1.085658896,0.414285714,167.7375287,1.414657577,1.61,0.414285714,0.435142635,0.320595657,1.72274,0.47466084,Unstable_Hexagonal,Fe,1,1
NaTiO3,4,4,4,,1.39,0.6,1.4,0.93,1.54,3.44,0.55,0.08,1.46,0.98641396,0.428571429,64,3.079782781,1.9,0.428571429,0,0.72869366,1.64803,0.39439467,Stable_Cubic,Ti,1,7
NaPbO3,4.36,4.36,4.36,,1.39,0.78,1.4,0.93,2.33,3.44,0.55,0.36,1.46,0.904966936,0.557142857,82.881856,5.571740261,1.11,0.557142857,0,0.575752241,1.59389,0.245911623,Stable_Cubic,Pb,1,5
NaSnO3,4.18,4.18,4.18,,1.39,0.69,1.4,0.93,1.96,3.44,0.55,1.11,1.46,0.943936804,0.492857143,73.034632,4.31080948,1.48,0.492857143,0,0.645004562,1.61596,0.31891332,Stable_Cubic,Sn,1,6
NaGeO3,4.053,4.053,9.457,,1.39,0.53,1.4,0.93,2.01,3.44,0.55,1.23,1.46,1.022190632,0.378571429,155.3483327,1.533891519,1.43,0.378571429,0.435142635,0.298395414,1.51364,0.455038777,Unstable_Hexagonal,Ge,1,2
NaMnO3,4.053,4.053,9.457,,1.39,0.53,1.4,0.93,1.55,3.44,0.55,-0.5,1.46,1.022190632,0.378571429,155.3483327,1.34469375,1.89,0.378571429,0.435142635,0.298395414,1.60564,0.455038777,Unstable_Hexagonal,Mn,1,4
NaFeO3,3.96,3.96,3.96,,1.39,0.58,1.4,0.93,1.83,3.44,0.55,0.16,1.46,0.996377737,0.414285714,62.099136,3.387976573,1.61,0.414285714,1.12E-16,0.749590119,1.57849,0.41153906,Stable_Cubic,Fe,1,1
Alloy_Ti_Step_192_15,4.336,4.336,5.176,,1.61,0.753,1.4,0.89,2.2115,3.44,0.14,0.318,1.46,0.989506741,0.537857143,96.3803776,7.020044935,1.2285,0.537857143,0.065271395,0.599170138,1.728951,0.319316266,Unstable_Hexagonal,Ti,1,7
Alloy_Ti_Step_192_35,4.304,4.304,6.264,,1.61,0.717,1.4,0.89,2.0535,3.44,0.14,0.262,1.46,1.007080615,0.512142857,114.3784064,5.895108792,1.3865,0.512142857,0.152299922,0.530146826,1.739779,0.349920995,Unstable_Hexagonal,Ti,1,7
Alloy_Ti_Step_192_55,4.272,4.272,7.352,,1.61,0.681,1.4,0.89,1.8955,3.44,0.14,0.206,1.46,1.024654489,0.486428571,132.3764352,4.770172649,1.5445,0.486428571,0.239328449,0.461123513,1.750607,0.380525724,Unstable_Hexagonal,Ti,1,7
Alloy_Ti_Step_192_75,4.24,4.24,8.44,,1.61,0.645,1.4,0.89,1.7375,3.44,0.14,0.15,1.46,1.042228363,0.460714286,150.374464,3.645236506,1.7025,0.460714286,0.326356976,0.3921002,1.761435,0.411130453,Unstable_Hexagonal,Ti,1,7
Alloy_Ti_Step_192_95,4.208,4.208,9.528,,1.61,0.609,1.4,0.89,1.5795,3.44,0.14,0.094,1.46,1.059802237,0.435,168.3724928,2.520300362,1.8605,0.435,0.413385503,0.323076888,1.772263,0.441735182,Unstable_Hexagonal,Ti,1,7
Alloy_Pb_Step_193_15,4.207,4.207,4.207,,1.61,0.7035,1.4,0.89,2.0155,3.44,0.14,0.9975,1.46,1.012062682,0.5025,74.5117156,7.054631517,1.4245,0.5025,0,0.718418723,1.7395895,0.360260816,Stable_Cubic,Pb,1,5
Alloy_Pb_Step_193_35,4.243,4.243,4.243,,1.61,0.7215,1.4,0.89,2.0895,3.44,0.14,0.8475,1.46,1.00365413,0.515357143,76.4811604,7.24501164,1.3505,0.515357143,0,0.702540817,1.7351755,0.34522597,Stable_Cubic,Pb,1,5
Alloy_Pb_Step_193_55,4.279,4.279,4.279,,1.61,0.7395,1.4,0.89,2.1635,3.44,0.14,0.6975,1.46,0.995245578,0.528214286,78.4506052,7.435391764,1.2765,0.528214286,0,0.686662911,1.7307615,0.330191124,Stable_Cubic,Pb,1,5
Alloy_Pb_Step_193_75,4.315,4.315,4.315,,1.61,0.7575,1.4,0.89,2.2375,3.44,0.14,0.5475,1.46,0.986837026,0.541071429,80.42005,7.625771888,1.2025,0.541071429,0,0.670785005,1.7263475,0.315156277,Stable_Cubic,Pb,1,5
Alloy_Pb_Step_193_95,4.351,4.351,4.351,,1.61,0.7755,1.4,0.89,2.3115,3.44,0.14,0.3975,1.46,0.978428474,0.553928571,82.3894948,7.816152012,1.1285,0.553928571,0,0.654907099,1.7219335,0.300121431,Stable_Cubic,Pb,1,5
Alloy_Sn_Step_194_15,4.07205,4.07205,8.66545,,1.61,0.554,1.4,0.89,2.0025,3.44,0.14,1.212,1.46,1.09012982,0.395714286,143.0012776,3.37999668,1.4375,0.395714286,0.369871239,0.397281314,1.655928,0.490951783,Stable_Cubic,Sn,1,6
Alloy_Sn_Step_194_35,4.09745,4.09745,7.61005,,1.61,0.586,1.4,0.89,1.9925,3.44,0.14,1.188,1.46,1.073244944,0.418571429,126.5385375,4.211020149,1.4475,0.418571429,0.282842712,0.475645041,1.676392,0.462854175,Stable_Cubic,Sn,1,6
Alloy_Sn_Step_194_55,4.12285,4.12285,6.55465,,1.61,0.618,1.4,0.89,1.9825,3.44,0.14,1.164,1.46,1.056360068,0.441428571,110.0757973,5.042043618,1.4575,0.441428571,0.195814186,0.554008767,1.696856,0.434756568,Stable_Cubic,Sn,1,6
Alloy_Sn_Step_194_75,4.14825,4.14825,5.49925,,1.61,0.65,1.4,0.89,1.9725,3.44,0.14,1.14,1.46,1.039475192,0.464285714,93.61305718,5.873067087,1.4675,0.464285714,0.108785659,0.632372494,1.71732,0.40665896,Stable_Cubic,Sn,1,6
Alloy_Sn_Step_194_95,4.17365,4.17365,4.44385,,1.61,0.682,1.4,0.89,1.9625,3.44,0.14,1.116,1.46,1.022590315,0.487142857,77.15031704,6.704090556,1.4775,0.487142857,0.021757132,0.710736221,1.737784,0.378561353,Stable_Cubic,Sn,1,6
Alloy_Ge_Step_195_15,4.053,4.053,9.457,,1.61,0.53,1.4,0.89,1.619,3.44,0.14,-0.2405,1.46,1.102793477,0.378571429,155.3483327,2.595910974,1.821,0.378571429,0.435142635,0.338508519,1.71878,0.512024989,Unstable_Hexagonal,Ge,1,2
Alloy_Ge_Step_195_35,4.053,4.053,9.457,,1.61,0.53,1.4,0.89,1.711,3.44,0.14,0.1055,1.46,1.102793477,0.378571429,155.3483327,2.633750528,1.729,0.378571429,0.435142635,0.338508519,1.70038,0.512024989,Unstable_Hexagonal,Ge,1,2
Alloy_Ge_Step_195_55,4.053,4.053,9.457,,1.61,0.53,1.4,0.89,1.803,3.44,0.14,0.4515,1.46,1.102793477,0.378571429,155.3483327,2.671590082,1.637,0.378571429,0.435142635,0.338508519,1.68198,0.512024989,Unstable_Hexagonal,Ge,1,2
Alloy_Ge_Step_195_75,4.053,4.053,9.457,,1.61,0.53,1.4,0.89,1.895,3.44,0.14,0.7975,1.46,1.102793477,0.378571429,155.3483327,2.709429636,1.545,0.378571429,0.435142635,0.338508519,1.66358,0.512024989,Unstable_Hexagonal,Ge,1,2
Alloy_Ge_Step_195_95,4.053,4.053,9.457,,1.61,0.53,1.4,0.89,1.987,3.44,0.14,1.1435,1.46,1.102793477,0.378571429,155.3483327,2.747269189,1.453,0.378571429,0.435142635,0.338508519,1.64518,0.512024989,Unstable_Hexagonal,Ge,1,2
Alloy_Mn_Step_196_15,4.14225,4.14225,9.66525,,1.61,0.5725,1.4,0.89,1.788,3.44,0.14,0.061,1.46,1.079122405,0.408928571,165.8791493,2.413911016,1.652,0.408928571,0.435142635,0.318237845,1.7095025,0.473827041,Unstable_Hexagonal,Mn,1,4
Alloy_Mn_Step_196_35,4.12125,4.12125,9.61625,,1.61,0.5625,1.4,0.89,1.732,3.44,0.14,-0.071,1.46,1.084692069,0.401785714,163.4013101,2.450056967,1.708,0.401785714,0.435142635,0.323007416,1.7149325,0.482814793,Unstable_Hexagonal,Mn,1,4
Alloy_Mn_Step_196_55,4.10025,4.10025,9.56725,,1.61,0.5525,1.4,0.89,1.676,3.44,0.14,-0.203,1.46,1.090261733,0.394642857,160.9234709,2.486202918,1.764,0.394642857,0.435142635,0.327776986,1.7203625,0.491802545,Unstable_Hexagonal,Mn,1,4
Alloy_Mn_Step_196_75,4.07925,4.07925,9.51825,,1.61,0.5425,1.4,0.89,1.62,3.44,0.14,-0.335,1.46,1.095831397,0.3875,158.4456317,2.52234887,1.82,0.3875,0.435142635,0.332546556,1.7257925,0.500790298,Unstable_Hexagonal,Mn,1,4
Alloy_Mn_Step_196_95,4.05825,4.05825,9.46925,,1.61,0.5325,1.4,0.89,1.564,3.44,0.14,-0.467,1.46,1.101401061,0.380357143,155.9677925,2.558494821,1.876,0.380357143,0.435142635,0.337316127,1.7312225,0.50977805,Unstable_Hexagonal,Mn,1,4
Alloy_Fe_Step_197_15,4.0237,4.0237,4.8553,,1.4655,0.597,1.4,0.941,1.5835,3.44,0.1145,0.092,1.46,1.014719658,0.426428571,79.56062931,4.40273243,1.8565,0.426428571,0.065271395,0.683298728,1.6811625,0.415921799,Unstable_Hexagonal,Fe,1,1
Alloy_Fe_Step_197_35,4.0553,4.0553,5.9957,,1.4995,0.593,1.4,0.929,1.6415,3.44,0.1205,0.108,1.46,1.028890364,0.423571429,100.3081351,3.928395753,1.7985,0.423571429,0.152299922,0.596560361,1.6868725,0.427960487,Unstable_Hexagonal,Fe,1,1
Alloy_Fe_Step_197_55,4.0869,4.0869,7.1361,,1.5335,0.589,1.4,0.917,1.6995,3.44,0.1265,0.124,1.46,1.04306107,0.420714286,121.0556408,3.454059076,1.7405,0.420714286,0.239328449,0.509821993,1.6925825,0.439999176,Unstable_Hexagonal,Fe,1,1
Alloy_Fe_Step_197_75,4.1185,4.1185,8.2765,,1.5675,0.585,1.4,0.905,1.7575,3.44,0.1325,0.14,1.46,1.057231775,0.417857143,141.8031465,2.979722399,1.6825,0.417857143,0.326356976,0.423083626,1.6982925,0.452037865,Unstable_Hexagonal,Fe,1,1
Alloy_Fe_Step_197_95,4.1501,4.1501,9.4169,,1.6015,0.581,1.4,0.893,1.8155,3.44,0.1385,0.156,1.46,1.071402481,0.415,162.5506523,2.505385722,1.6245,0.415,0.413385503,0.336345259,1.7040025,0.464076554,Unstable_Hexagonal,Fe,1,1
Alloy_Ti_Step_198_15,4.306,4.306,4.306,,1.44,0.753,1.4,0.95,2.2115,3.44,0.11,0.318,1.46,0.933620978,0.537857143,80.0495776,6.551578125,1.2285,0.537857143,0,0.614545479,1.630861,0.279805032,Stable_Cubic,Ti,1,7
Alloy_Ti_Step_198_35,4.234,4.234,4.234,,1.44,0.717,1.4,0.95,2.0535,3.44,0.11,0.262,1.46,0.950202308,0.512142857,76.2732064,6.129673845,1.3865,0.512142857,0,0.646029484,1.641689,0.309708032,Stable_Cubic,Ti,1,7
Alloy_Ti_Step_198_55,4.162,4.162,4.162,,1.44,0.681,1.4,0.95,1.8955,3.44,0.11,0.206,1.46,0.966783638,0.486428571,72.4968352,5.707769566,1.5445,0.486428571,0,0.67751349,1.652517,0.339611032,Stable_Cubic,Ti,1,7
Alloy_Ti_Step_198_75,4.09,4.09,4.09,,1.44,0.645,1.4,0.95,1.7375,3.44,0.11,0.15,1.46,0.983364967,0.460714286,68.720464,5.285865287,1.7025,0.460714286,0,0.708997496,1.663345,0.369514032,Stable_Cubic,Ti,1,7
Alloy_Ti_Step_198_95,4.018,4.018,4.018,,1.44,0.609,1.4,0.95,1.5795,3.44,0.11,0.094,1.46,0.999946297,0.435,64.9440928,4.863961007,1.8605,0.435,0,0.740481501,1.674173,0.399417032,Stable_Cubic,Ti,1,7
Alloy_Pb_Step_199_15,4.207,4.207,4.207,,1.44,0.7035,1.4,0.95,2.0155,3.44,0.11,0.9975,1.46,0.954902996,0.5025,74.5117156,5.944773857,1.4245,0.5025,0,0.65153668,1.6414995,0.319848918,Stable_Cubic,Pb,1,5
Alloy_Pb_Step_199_35,4.243,4.243,4.243,,1.44,0.7215,1.4,0.95,2.0895,3.44,0.11,0.8475,1.46,0.946969345,0.515357143,76.4811604,6.162005028,1.3505,0.515357143,0,0.637276867,1.6370855,0.305149827,Stable_Cubic,Pb,1,5
Alloy_Pb_Step_199_55,4.279,4.279,4.279,,1.44,0.7395,1.4,0.95,2.1635,3.44,0.11,0.6975,1.46,0.939035695,0.528214286,78.4506052,6.379236199,1.2765,0.528214286,0,0.623017054,1.6326715,0.290450736,Stable_Cubic,Pb,1,5
Alloy_Pb_Step_199_75,4.315,4.315,4.315,,1.44,0.7575,1.4,0.95,2.2375,3.44,0.11,0.5475,1.46,0.931102044,0.541071429,80.42005,6.59646737,1.2025,0.541071429,0,0.608757241,1.6282575,0.275751645,Stable_Cubic,Pb,1,5
Alloy_Pb_Step_199_95,4.351,4.351,4.351,,1.44,0.7755,1.4,0.95,2.3115,3.44,0.11,0.3975,1.46,0.923168394,0.553928571,82.3894948,6.813698541,1.1285,0.553928571,0,0.594497428,1.6238435,0.261052554,Stable_Cubic,Pb,1,5
Alloy_Sn_Step_200_15,4.07205,4.07205,8.66545,,1.44,0.554,1.4,0.95,2.0025,3.44,0.11,1.212,1.46,1.028561026,0.395714286,143.0012776,2.75893459,1.4375,0.395714286,0.369871239,0.359854982,1.557838,0.447422646,Stable_Cubic,Sn,1,6
Alloy_Sn_Step_200_35,4.09745,4.09745,7.61005,,1.44,0.586,1.4,0.95,1.9925,3.44,0.11,1.188,1.46,1.012629781,0.418571429,126.5385375,3.470208917,1.4475,0.418571429,0.282842712,0.431002407,1.578302,0.419999255,Stable_Cubic,Sn,1,6
Alloy_Sn_Step_200_55,4.12285,4.12285,6.55465,,1.44,0.618,1.4,0.95,1.9825,3.44,0.11,1.164,1.46,0.996698536,0.441428571,110.0757973,4.181483243,1.4575,0.441428571,0.195814186,0.502149832,1.598766,0.392575865,Stable_Cubic,Sn,1,6
Alloy_Sn_Step_200_75,4.14825,4.14825,5.49925,,1.44,0.65,1.4,0.95,1.9725,3.44,0.11,1.14,1.46,0.98076729,0.464285714,93.61305718,4.89275757,1.4675,0.464285714,0.108785659,0.573297258,1.61923,0.365152474,Stable_Cubic,Sn,1,6
Alloy_Sn_Step_200_95,4.17365,4.17365,4.44385,,1.44,0.682,1.4,0.95,1.9625,3.44,0.11,1.116,1.46,0.964836045,0.487142857,77.15031704,5.604031897,1.4775,0.487142857,0.021757132,0.644444683,1.639694,0.337729084,Stable_Cubic,Sn,1,6
Alloy_Ge_Step_201_15,4.053,4.053,9.457,,1.44,0.53,1.4,0.95,1.619,3.44,0.11,-0.2405,1.46,1.04050946,0.378571429,155.3483327,2.064660741,1.821,0.378571429,0.435142635,0.306494413,1.62069,0.467990189,Unstable_Hexagonal,Ge,1,2
Alloy_Ge_Step_201_35,4.053,4.053,9.457,,1.44,0.53,1.4,0.95,1.711,3.44,0.11,0.1055,1.46,1.04050946,0.378571429,155.3483327,2.102500295,1.729,0.378571429,0.435142635,0.306494413,1.60229,0.467990189,Unstable_Hexagonal,Ge,1,2
Alloy_Ge_Step_201_55,4.053,4.053,9.457,,1.44,0.53,1.4,0.95,1.803,3.44,0.11,0.4515,1.46,1.04050946,0.378571429,155.3483327,2.140339848,1.637,0.378571429,0.435142635,0.306494413,1.58389,0.467990189,Unstable_Hexagonal,Ge,1,2
Alloy_Ge_Step_201_75,4.053,4.053,9.457,,1.44,0.53,1.4,0.95,1.895,3.44,0.11,0.7975,1.46,1.04050946,0.378571429,155.3483327,2.178179402,1.545,0.378571429,0.435142635,0.306494413,1.56549,0.467990189,Unstable_Hexagonal,Ge,1,2
Alloy_Ge_Step_201_95,4.053,4.053,9.457,,1.44,0.53,1.4,0.95,1.987,3.44,0.11,1.1435,1.46,1.04050946,0.378571429,155.3483327,2.216018956,1.453,0.378571429,0.435142635,0.306494413,1.54709,0.467990189,Unstable_Hexagonal,Ge,1,2
Alloy_Mn_Step_202_15,3.97395,3.97395,4.78455,,1.44,0.5725,1.4,0.95,1.788,3.44,0.11,0.061,1.46,1.018175293,0.408928571,76.08651551,4.655796611,1.652,0.408928571,0.065271395,0.700347276,1.6114125,0.430737432,Unstable_Hexagonal,Mn,1,4
Alloy_Mn_Step_202_35,3.99255,3.99255,5.88395,,1.44,0.5625,1.4,0.95,1.732,3.44,0.11,-0.071,1.46,1.023430391,0.401785714,94.73635485,4.039440014,1.708,0.401785714,0.152299922,0.607676014,1.6168425,0.439502786,Unstable_Hexagonal,Mn,1,4
Alloy_Mn_Step_202_55,4.01115,4.01115,6.98335,,1.44,0.5525,1.4,0.95,1.676,3.44,0.11,-0.203,1.46,1.028685489,0.394642857,113.3861942,3.423083418,1.764,0.394642857,0.239328449,0.515004752,1.6222725,0.448268141,Unstable_Hexagonal,Mn,1,4
Alloy_Mn_Step_202_75,4.02975,4.02975,8.08275,,1.44,0.5425,1.4,0.95,1.62,3.44,0.11,-0.335,1.46,1.033940588,0.3875,132.0360335,2.806726821,1.82,0.3875,0.326356976,0.42233349,1.6277025,0.457033495,Unstable_Hexagonal,Mn,1,4
Alloy_Mn_Step_202_95,4.04835,4.04835,9.18215,,1.44,0.5325,1.4,0.95,1.564,3.44,0.11,-0.467,1.46,1.039195686,0.380357143,150.6858729,2.190370225,1.876,0.380357143,0.413385503,0.329662228,1.6331325,0.46579885,Unstable_Hexagonal,Mn,1,4
Alloy_Fe_Step_203_15,3.994,3.994,3.994,,1.355,0.597,1.4,0.9925,1.5835,3.44,0.0335,0.092,1.46,0.975560942,0.426428571,63.7148704,3.762649174,1.8565,0.426428571,1.68E-17,0.719317137,1.617404,0.388236586,Stable_Cubic,Fe,1,1
Alloy_Fe_Step_203_35,3.986,3.986,3.986,,1.375,0.593,1.4,0.9825,1.6415,3.44,0.0515,0.108,1.46,0.984660478,0.423571429,63.3346976,4.081570323,1.7985,0.423571429,3.93E-17,0.731207393,1.615036,0.396689958,Stable_Cubic,Fe,1,1
Alloy_Fe_Step_203_55,3.978,3.978,3.978,,1.395,0.589,1.4,0.9725,1.6995,3.44,0.0695,0.124,1.46,0.993760014,0.420714286,62.9545248,4.400491473,1.7405,0.420714286,6.17E-17,0.743097648,1.612668,0.40514333,Stable_Cubic,Fe,1,1
Alloy_Fe_Step_203_75,3.97,3.97,3.97,,1.415,0.585,1.4,0.9625,1.7575,3.44,0.0875,0.14,1.46,1.002859549,0.417857143,62.574352,4.719412622,1.6825,0.417857143,8.41E-17,0.754987903,1.6103,0.413596701,Stable_Cubic,Fe,1,1
Alloy_Fe_Step_203_95,3.962,3.962,3.962,,1.435,0.581,1.4,0.9525,1.8155,3.44,0.1055,0.156,1.46,1.011959085,0.415,62.1941792,5.038333771,1.6245,0.415,1.07E-16,0.766878159,1.607932,0.422050073,Stable_Cubic,Fe,1,1
Alloy_Ti_Step_204_15,5.788664708,5.788664708,8.04906,,1.34,0.753,1.4,1,2.2115,3.44,0.02,0.318,1.46,0.900747,0.537857143,287.1714766,1.804454216,1.2285,0.537857143,0.152424552,0.227722771,1.573161,0.256563129,Stable_Cubic,Ti,1,7
Alloy_Ti_Step_204_35,5.367802423,5.367802423,7.09634,,1.34,0.717,1.4,1,2.0535,3.44,0.02,0.262,1.46,0.91674448,0.512142857,234.660541,2.208925768,1.3865,0.512142857,0.116559952,0.341293753,1.583989,0.286053347,Stable_Cubic,Ti,1,7
Alloy_Ti_Step_204_55,4.946940139,4.946940139,6.14362,,1.34,0.681,1.4,1,1.8955,3.44,0.02,0.206,1.46,0.93274196,0.486428571,182.1496053,2.61339732,1.5445,0.486428571,0.080695351,0.454864736,1.594817,0.315543566,Stable_Cubic,Ti,1,7
Alloy_Ti_Step_204_75,4.526077855,4.526077855,5.1909,,1.34,0.645,1.4,1,1.7375,3.44,0.02,0.15,1.46,0.94873944,0.460714286,129.6386696,3.017868872,1.7025,0.460714286,0.044830751,0.568435718,1.605645,0.345033784,Stable_Cubic,Ti,1,7
Alloy_Ti_Step_204_95,4.105215571,4.105215571,4.23818,,1.34,0.609,1.4,1,1.5795,3.44,0.02,0.094,1.46,0.96473692,0.435,77.12773392,3.422340424,1.8605,0.435,0.00896615,0.6820067,1.616473,0.374524003,Stable_Cubic,Ti,1,7
Alloy_Pb_Step_205_15,4.468646713,4.468646713,4.86754,,1.34,0.7035,1.4,1,2.0155,3.44,0.02,0.9975,1.46,0.921279651,0.5025,111.062639,4.219825798,1.4245,0.5025,0.02689845,0.556009074,1.5837995,0.296077213,Metastable,Pb,1,5
Alloy_Pb_Step_205_35,4.853508997,4.853508997,5.78426,,1.34,0.7215,1.4,1,2.0895,3.44,0.02,0.8475,1.46,0.913625354,0.515357143,161.7666482,3.58012574,1.3505,0.515357143,0.062763051,0.4587233,1.5793855,0.281575625,Metastable,Pb,1,5
Alloy_Pb_Step_205_55,5.238371281,5.238371281,6.70098,,1.34,0.7395,1.4,1,2.1635,3.44,0.02,0.6975,1.46,0.905971058,0.528214286,212.4706575,2.940425682,1.2765,0.528214286,0.098627652,0.361437526,1.5749715,0.267074038,Metastable,Pb,1,5
Alloy_Pb_Step_205_75,5.623233565,5.623233565,7.6177,,1.34,0.7575,1.4,1,2.2375,3.44,0.02,0.5475,1.46,0.898316761,0.541071429,263.1746668,2.300725624,1.2025,0.541071429,0.134492252,0.264151752,1.5705575,0.25257245,Metastable,Pb,1,5
Alloy_Pb_Step_205_95,6.00809585,6.00809585,8.53442,,1.34,0.7755,1.4,1,2.3115,3.44,0.02,0.3975,1.46,0.890662464,0.553928571,313.8786761,1.661025566,1.1285,0.553928571,0.170356853,0.166865978,1.5661435,0.238070862,Metastable,Pb,1,5
Alloy_Sn_Step_206_15,3.908,3.908,3.908,,1.34,0.554,1.4,1,2.0025,3.44,0.02,1.212,1.46,0.992344089,0.395714286,59.8407824,4.646352668,1.4375,0.395714286,0,0.762144658,1.500138,0.421817271,Stable_Cubic,Sn,1,6
Alloy_Sn_Step_206_35,3.972,3.972,3.972,,1.34,0.586,1.4,1,1.9925,3.44,0.02,1.188,1.46,0.976973803,0.418571429,62.9452176,4.65888165,1.4475,0.418571429,0,0.730810245,1.520602,0.394790479,Stable_Cubic,Sn,1,6
Alloy_Sn_Step_206_55,4.036,4.036,4.036,,1.34,0.618,1.4,1,1.9825,3.44,0.02,1.164,1.46,0.961603517,0.441428571,66.0496528,4.671410632,1.4575,0.441428571,0,0.699475832,1.541066,0.367763686,Stable_Cubic,Sn,1,6
Alloy_Sn_Step_206_75,4.1,4.1,4.1,,1.34,0.65,1.4,1,1.9725,3.44,0.02,1.14,1.46,0.946233231,0.464285714,69.154088,4.683939614,1.4675,0.464285714,0,0.66814142,1.56153,0.340736894,Stable_Cubic,Sn,1,6
Alloy_Sn_Step_206_95,4.164,4.164,4.164,,1.34,0.682,1.4,1,1.9625,3.44,0.02,1.116,1.46,0.930862945,0.487142857,72.2585232,4.696468596,1.4775,0.487142857,0,0.636807007,1.581994,0.313710102,Stable_Cubic,Sn,1,6
Alloy_Ge_Step_207_15,3.86,3.86,3.86,,1.34,0.53,1.4,1,1.619,3.44,0.02,-0.2405,1.46,1.003871803,0.378571429,57.512456,4.202566131,1.821,0.378571429,0,0.785645467,1.56299,0.442087365,Stable_Cubic,Ge,1,2
Alloy_Ge_Step_207_35,3.86,3.86,3.86,,1.34,0.53,1.4,1,1.711,3.44,0.02,0.1055,1.46,1.003871803,0.378571429,57.512456,4.304775496,1.729,0.378571429,0,0.785645467,1.54459,0.442087365,Stable_Cubic,Ge,1,2
Alloy_Ge_Step_207_55,3.86,3.86,3.86,,1.34,0.53,1.4,1,1.803,3.44,0.02,0.4515,1.46,1.003871803,0.378571429,57.512456,4.406984861,1.637,0.378571429,0,0.785645467,1.52619,0.442087365,Stable_Cubic,Ge,1,2
Alloy_Ge_Step_207_75,3.86,3.86,3.86,,1.34,0.53,1.4,1,1.895,3.44,0.02,0.7975,1.46,1.003871803,0.378571429,57.512456,4.509194226,1.545,0.378571429,0,0.785645467,1.50779,0.442087365,Stable_Cubic,Ge,1,2
Alloy_Ge_Step_207_95,3.86,3.86,3.86,,1.34,0.53,1.4,1,1.987,3.44,0.02,1.1435,1.46,1.003871803,0.378571429,57.512456,4.611403591,1.453,0.378571429,0,0.785645467,1.48939,0.442087365,Stable_Cubic,Ge,1,2
Alloy_Mn_Step_208_15,3.945,3.945,3.945,,1.34,0.5725,1.4,1,1.788,3.44,0.02,0.061,1.46,0.98232405,0.408928571,61.411134,3.887334484,1.652,0.408928571,9.53E-17,0.738972349,1.5537125,0.405390603,Stable_Cubic,Mn,1,4
Alloy_Mn_Step_208_35,3.925,3.925,3.925,,1.34,0.5625,1.4,1,1.732,3.44,0.02,-0.071,1.46,0.98739411,0.401785714,60.493798,3.94346969,1.708,0.401785714,7.29E-17,0.749954259,1.5591425,0.414025135,Stable_Cubic,Mn,1,4
Alloy_Mn_Step_208_55,3.905,3.905,3.905,,1.34,0.5525,1.4,1,1.676,3.44,0.02,-0.203,1.46,0.992464169,0.394642857,59.576462,3.999604895,1.764,0.394642857,5.05E-17,0.760936169,1.5645725,0.422659668,Stable_Cubic,Mn,1,4
Alloy_Mn_Step_208_75,3.885,3.885,3.885,,1.34,0.5425,1.4,1,1.62,3.44,0.02,-0.335,1.46,0.997534229,0.3875,58.659126,4.055740101,1.82,0.3875,2.80E-17,0.771918079,1.5700025,0.4312942,Stable_Cubic,Mn,1,4
Alloy_Mn_Step_208_95,3.865,3.865,3.865,,1.34,0.5325,1.4,1,1.564,3.44,0.02,-0.467,1.46,1.002604288,0.380357143,57.74179,4.111875306,1.876,0.380357143,5.61E-18,0.782899989,1.5754325,0.439928732,Stable_Cubic,Mn,1,4
Alloy_Fe_Step_209_15,4.164,4.164,8.924,,1.4675,0.597,1.4,2.1305,1.5835,3.44,0.309,0.092,1.46,1.01528213,0.426428571,156.2560704,3.05070831,1.8565,0.426428571,0.369871239,0.351735911,1.6823165,0.416319466,Stable_Cubic,Fe,1,1
Alloy_Fe_Step_209_35,4.116,4.116,7.756,,1.4375,0.593,1.4,1.8645,1.6415,3.44,0.241,0.108,1.46,1.006632571,0.423571429,134.1014976,3.237655315,1.7985,0.423571429,0.282842712,0.440912383,1.6510985,0.412224228,Stable_Cubic,Fe,1,1
Alloy_Fe_Step_209_55,4.068,4.068,6.588,,1.4075,0.589,1.4,1.5985,1.6995,3.44,0.173,0.124,1.46,0.997983012,0.420714286,111.9469248,3.424602319,1.7405,0.420714286,0.195814186,0.530088855,1.6198805,0.40812899,Stable_Cubic,Fe,1,1
Alloy_Fe_Step_209_75,4.02,4.02,5.42,,1.3775,0.585,1.4,1.3325,1.7575,3.44,0.105,0.14,1.46,0.989333454,0.417857143,89.792352,3.611549324,1.6825,0.417857143,0.108785659,0.619265327,1.5886625,0.404033752,Stable_Cubic,Fe,1,1
Alloy_Fe_Step_209_95,3.972,3.972,4.252,,1.3475,0.581,1.4,1.0665,1.8155,3.44,0.037,0.156,1.46,0.980683895,0.415,67.6377792,3.798496329,1.6245,0.415,0.021757132,0.708441799,1.5574445,0.399938514,Stable_Cubic,Fe,1,1
Alloy_Ti_Step_210_15,4.183,4.183,5.023,,1.49,0.6765,1.4,2.33,1.897,3.44,0.36,0.9555,1.46,0.984369609,0.483214286,88.0102372,7.662523627,1.543,0.483214286,0.065271395,0.621320783,1.6784705,0.354316814,Unstable_Hexagonal,Ti,1,7
Alloy_Ti_Step_210_35,4.187,4.187,6.147,,1.49,0.6585,1.4,2.33,1.813,3.44,0.36,0.7495,1.46,0.993169536,0.470357143,107.9777108,6.544399963,1.627,0.470357143,0.152299922,0.542152024,1.6848845,0.369628362,Unstable_Hexagonal,Ti,1,7
Alloy_Ti_Step_210_55,4.191,4.191,7.271,,1.49,0.6405,1.4,2.33,1.729,3.44,0.36,0.5435,1.46,1.001969463,0.4575,127.9451844,5.4262763,1.711,0.4575,0.239328449,0.462983265,1.6912985,0.38493991,Unstable_Hexagonal,Ti,1,7
Alloy_Ti_Step_210_75,4.195,4.195,8.395,,1.49,0.6225,1.4,2.33,1.645,3.44,0.36,0.3375,1.46,1.01076939,0.444642857,147.912658,4.308152636,1.795,0.444642857,0.326356976,0.383814505,1.6977125,0.400251459,Unstable_Hexagonal,Ti,1,7
Alloy_Ti_Step_210_95,4.199,4.199,9.519,,1.49,0.6045,1.4,2.33,1.561,3.44,0.36,0.1315,1.46,1.019569317,0.431785714,167.8801316,3.190028972,1.879,0.431785714,0.413385503,0.304645746,1.7041265,0.415563007,Unstable_Hexagonal,Ti,1,7
Alloy_Sn_Step_211_15,4.07205,4.07205,8.66545,,1.49,0.554,1.4,2.33,2.0025,3.44,0.36,1.212,1.46,1.046669495,0.395714286,143.0012776,4.253482396,1.4375,0.395714286,0.369871239,0.370004059,1.586688,0.460225333,Stable_Cubic,Sn,1,6
Alloy_Sn_Step_211_35,4.09745,4.09745,7.61005,,1.49,0.586,1.4,2.33,1.9925,3.44,0.36,1.188,1.46,1.03045777,0.418571429,126.5385375,5.252925685,1.4475,0.418571429,0.282842712,0.443108363,1.607152,0.432603644,Stable_Cubic,Sn,1,6
Alloy_Sn_Step_211_55,4.12285,4.12285,6.55465,,1.49,0.618,1.4,2.33,1.9825,3.44,0.36,1.164,1.46,1.014246045,0.441428571,110.0757973,6.252368974,1.4575,0.441428571,0.195814186,0.516212668,1.627616,0.404981954,Stable_Cubic,Sn,1,6
Alloy_Sn_Step_211_75,4.14825,4.14825,5.49925,,1.49,0.65,1.4,2.33,1.9725,3.44,0.36,1.14,1.46,0.99803432,0.464285714,93.61305718,7.251812263,1.4675,0.464285714,0.108785659,0.589316972,1.64808,0.377360264,Stable_Cubic,Sn,1,6
Alloy_Sn_Step_211_95,4.17365,4.17365,4.44385,,1.49,0.682,1.4,2.33,1.9625,3.44,0.36,1.116,1.46,0.981822595,0.487142857,77.15031704,8.251255552,1.4775,0.487142857,0.021757132,0.662421276,1.668544,0.349738575,Stable_Cubic,Sn,1,6
Alloy_Ge_Step_212_15,4.053,4.053,9.457,,1.49,0.53,1.4,2.33,1.619,3.44,0.36,-0.2405,1.46,1.058828289,0.378571429,155.3483327,3.343081825,1.821,0.378571429,0.435142635,0.315175831,1.64954,0.4809416,Unstable_Hexagonal,Ge,1,2
Alloy_Ge_Step_212_35,4.053,4.053,9.457,,1.49,0.53,1.4,2.33,1.711,3.44,0.36,0.1055,1.46,1.058828289,0.378571429,155.3483327,3.380921379,1.729,0.378571429,0.435142635,0.315175831,1.63114,0.4809416,Unstable_Hexagonal,Ge,1,2
Alloy_Ge_Step_212_55,4.053,4.053,9.457,,1.49,0.53,1.4,2.33,1.803,3.44,0.36,0.4515,1.46,1.058828289,0.378571429,155.3483327,3.418760933,1.637,0.378571429,0.435142635,0.315175831,1.61274,0.4809416,Unstable_Hexagonal,Ge,1,2
Alloy_Ge_Step_212_75,4.053,4.053,9.457,,1.49,0.53,1.4,2.33,1.895,3.44,0.36,0.7975,1.46,1.058828289,0.378571429,155.3483327,3.456600487,1.545,0.378571429,0.435142635,0.315175831,1.59434,0.4809416,Unstable_Hexagonal,Ge,1,2
Alloy_Ge_Step_212_95,4.053,4.053,9.457,,1.49,0.53,1.4,2.33,1.987,3.44,0.36,1.1435,1.46,1.058828289,0.378571429,155.3483327,3.494440041,1.453,0.378571429,0.435142635,0.315175831,1.57594,0.4809416,Unstable_Hexagonal,Ge,1,2
Alloy_Mn_Step_213_15,4.14225,4.14225,9.66525,,1.49,0.5725,1.4,2.33,1.788,3.44,0.36,0.061,1.46,1.036100914,0.408928571,165.8791493,3.114173347,1.652,0.408928571,0.435142635,0.296370019,1.6402625,0.443410846,Unstable_Hexagonal,Mn,1,4
Alloy_Mn_Step_213_35,4.12125,4.12125,9.61625,,1.49,0.5625,1.4,2.33,1.732,3.44,0.36,-0.071,1.46,1.041448532,0.401785714,163.4013101,3.161356597,1.708,0.401785714,0.435142635,0.300794916,1.6456925,0.452241612,Unstable_Hexagonal,Mn,1,4
Alloy_Mn_Step_213_55,4.10025,4.10025,9.56725,,1.49,0.5525,1.4,2.33,1.676,3.44,0.36,-0.203,1.46,1.046796149,0.394642857,160.9234709,3.208539847,1.764,0.394642857,0.435142635,0.305219813,1.6511225,0.461072378,Unstable_Hexagonal,Mn,1,4
Alloy_Mn_Step_213_75,4.07925,4.07925,9.51825,,1.49,0.5425,1.4,2.33,1.62,3.44,0.36,-0.335,1.46,1.052143767,0.3875,158.4456317,3.255723097,1.82,0.3875,0.435142635,0.30964471,1.6565525,0.469903143,Unstable_Hexagonal,Mn,1,4
Alloy_Mn_Step_213_95,4.05825,4.05825,9.46925,,1.49,0.5325,1.4,2.33,1.564,3.44,0.36,-0.467,1.46,1.057491385,0.380357143,155.9677925,3.302906348,1.876,0.380357143,0.435142635,0.314069607,1.6619825,0.478733909,Unstable_Hexagonal,Mn,1,4
Alloy_Fe_Step_214_15,4.1937,4.1937,9.7853,,1.762,0.597,1.4,1.021,1.5835,3.44,0.4535,0.092,1.46,1.119483956,0.426428571,172.1018293,2.329099305,1.8565,0.426428571,0.435142635,0.340081652,1.852243,0.489990157,Unstable_Hexagonal,Fe,1,1
Alloy_Fe_Step_214_35,4.1853,4.1853,9.7657,,1.698,0.593,1.4,1.329,1.6415,3.44,0.4315,0.108,1.46,1.09892072,0.423571429,171.0749351,2.505496153,1.7985,0.423571429,0.435142635,0.329015698,1.801407,0.477471949,Unstable_Hexagonal,Fe,1,1
Alloy_Fe_Step_214_55,4.1769,4.1769,9.7461,,1.634,0.589,1.4,1.637,1.6995,3.44,0.4095,0.124,1.46,1.078357483,0.420714286,170.0480408,2.681893001,1.7405,0.420714286,0.435142635,0.317949743,1.750571,0.464953741,Unstable_Hexagonal,Fe,1,1
Alloy_Fe_Step_214_75,4.1685,4.1685,9.7265,,1.57,0.585,1.4,1.945,1.7575,3.44,0.3875,0.14,1.46,1.057794247,0.417857143,169.0211465,2.858289849,1.6825,0.417857143,0.435142635,0.306883789,1.699735,0.452435532,Unstable_Hexagonal,Fe,1,1
Alloy_Fe_Step_214_95,4.1601,4.1601,9.7069,,1.506,0.581,1.4,2.253,1.8155,3.44,0.3655,0.156,1.46,1.03723101,0.415,167.9942523,3.034686698,1.6245,0.415,0.435142635,0.295817835,1.648899,0.439917324,Unstable_Hexagonal,Fe,1,1
Alloy_Ti_Step_215_15,4.5213,4.5213,10.5497,,1.81,0.753,1.4,0.79,2.2115,3.44,0.47,0.318,1.46,1.055254697,0.537857143,216.2239153,2.776372579,1.2285,0.537857143,0.435142635,0.285031173,1.844351,0.365800071,Unstable_Hexagonal,Ti,1,7
Alloy_Ti_Step_215_35,4.4457,4.4457,10.3733,,1.81,0.717,1.4,0.79,2.0535,3.44,0.47,0.262,1.46,1.073996271,0.512142857,206.0234646,2.640002953,1.3865,0.512142857,0.435142635,0.299937043,1.855179,0.397230363,Unstable_Hexagonal,Ti,1,7
Alloy_Ti_Step_215_55,4.3701,4.3701,10.1969,,1.81,0.681,1.4,0.79,1.8955,3.44,0.47,0.206,1.46,1.092737844,0.486428571,195.823014,2.503633327,1.5445,0.486428571,0.435142635,0.314842912,1.866007,0.428660656,Unstable_Hexagonal,Ti,1,7
Alloy_Ti_Step_215_75,4.2945,4.2945,10.0205,,1.81,0.645,1.4,0.79,1.7375,3.44,0.47,0.15,1.46,1.111479417,0.460714286,185.6225633,2.367263701,1.7025,0.460714286,0.435142635,0.329748781,1.876835,0.460090948,Unstable_Hexagonal,Ti,1,7
Alloy_Ti_Step_215_95,4.2189,4.2189,9.8441,,1.81,0.609,1.4,0.79,1.5795,3.44,0.47,0.094,1.46,1.13022099,0.435,175.4221127,2.230894075,1.8605,0.435,0.435142635,0.344654651,1.887663,0.49152124,Unstable_Hexagonal,Ti,1,7
Alloy_Pb_Step_216_15,4.41735,4.41735,10.30715,,1.81,0.7035,1.4,0.79,2.0155,3.44,0.47,0.9975,1.46,1.079309372,0.5025,201.2654578,2.575361933,1.4245,0.5025,0.435142635,0.302600763,1.8549895,0.407804226,Unstable_Hexagonal,Pb,1,5
Alloy_Pb_Step_216_35,4.45515,4.45515,10.39535,,1.81,0.7215,1.4,0.79,2.0895,3.44,0.47,0.8475,1.46,1.070342112,0.515357143,206.5851744,2.646723783,1.3505,0.515357143,0.435142635,0.295836295,1.8505755,0.392374373,Unstable_Hexagonal,Pb,1,5
Alloy_Pb_Step_216_55,4.49295,4.49295,10.48355,,1.81,0.7395,1.4,0.79,2.1635,3.44,0.47,0.6975,1.46,1.061374852,0.528214286,211.904891,2.718085634,1.2765,0.528214286,0.435142635,0.289071826,1.8461615,0.37694452,Unstable_Hexagonal,Pb,1,5
Alloy_Pb_Step_216_75,4.53075,4.53075,10.57175,,1.81,0.7575,1.4,0.79,2.2375,3.44,0.47,0.5475,1.46,1.052407592,0.541071429,217.2246076,2.789447485,1.2025,0.541071429,0.435142635,0.282307357,1.8417475,0.361514668,Unstable_Hexagonal,Pb,1,5
Alloy_Pb_Step_216_95,4.56855,4.56855,10.65995,,1.81,0.7755,1.4,0.79,2.3115,3.44,0.47,0.3975,1.46,1.043440332,0.553928571,222.5443241,2.860809335,1.1285,0.553928571,0.435142635,0.275542888,1.8373335,0.346084815,Unstable_Hexagonal,Pb,1,5
Alloy_Sn_Step_217_15,4.1034,4.1034,9.5746,,1.81,0.554,1.4,0.79,2.0025,3.44,0.47,1.212,1.46,1.162563695,0.395714286,161.6374334,2.681518416,1.4375,0.395714286,0.435142635,0.374140154,1.771328,0.542162533,Unstable_Hexagonal,Sn,1,6
Alloy_Sn_Step_217_35,4.1706,4.1706,9.7314,,1.81,0.586,1.4,0.79,1.9925,3.44,0.47,1.188,1.46,1.1445569,0.418571429,170.0229009,2.643947152,1.4475,0.418571429,0.435142635,0.358501086,1.791792,0.513271729,Unstable_Hexagonal,Sn,1,6
Alloy_Sn_Step_217_55,4.2378,4.2378,9.8882,,1.81,0.618,1.4,0.79,1.9825,3.44,0.47,1.164,1.46,1.126550106,0.441428571,178.4083684,2.606375888,1.4575,0.441428571,0.435142635,0.342862018,1.812256,0.484380925,Unstable_Hexagonal,Sn,1,6
Alloy_Sn_Step_217_75,4.305,4.305,10.045,,1.81,0.65,1.4,0.79,1.9725,3.44,0.47,1.14,1.46,1.108543311,0.464285714,186.7938359,2.568804625,1.4675,0.464285714,0.435142635,0.32722295,1.83272,0.455490121,Unstable_Hexagonal,Sn,1,6
Alloy_Sn_Step_217_95,4.3722,4.3722,10.2018,,1.81,0.682,1.4,0.79,1.9625,3.44,0.47,1.116,1.46,1.090536516,0.487142857,195.1793035,2.531233361,1.4775,0.487142857,0.435142635,0.311583882,1.853184,0.426599317,Unstable_Hexagonal,Sn,1,6
Alloy_Ge_Step_218_15,4.053,4.053,9.457,,1.81,0.53,1.4,0.79,1.619,3.44,0.47,-0.2405,1.46,1.176068792,0.378571429,155.3483327,2.54887876,1.821,0.378571429,0.435142635,0.385869455,1.83418,0.563830636,Unstable_Hexagonal,Ge,1,2
Alloy_Ge_Step_218_35,4.053,4.053,9.457,,1.81,0.53,1.4,0.79,1.711,3.44,0.47,0.1055,1.46,1.176068792,0.378571429,155.3483327,2.586718314,1.729,0.378571429,0.435142635,0.385869455,1.81578,0.563830636,Unstable_Hexagonal,Ge,1,2
Alloy_Ge_Step_218_55,4.053,4.053,9.457,,1.81,0.53,1.4,0.79,1.803,3.44,0.47,0.4515,1.46,1.176068792,0.378571429,155.3483327,2.624557868,1.637,0.378571429,0.435142635,0.385869455,1.79738,0.563830636,Unstable_Hexagonal,Ge,1,2
Alloy_Ge_Step_218_75,4.053,4.053,9.457,,1.81,0.53,1.4,0.79,1.895,3.44,0.47,0.7975,1.46,1.176068792,0.378571429,155.3483327,2.662397422,1.545,0.378571429,0.435142635,0.385869455,1.77898,0.563830636,Unstable_Hexagonal,Ge,1,2
Alloy_Ge_Step_218_95,4.053,4.053,9.457,,1.81,0.53,1.4,0.79,1.987,3.44,0.47,1.1435,1.46,1.176068792,0.378571429,155.3483327,2.700236976,1.453,0.378571429,0.435142635,0.385869455,1.76058,0.563830636,Unstable_Hexagonal,Ge,1,2
Alloy_Mn_Step_219_15,4.14225,4.14225,9.66525,,1.81,0.5725,1.4,0.79,1.788,3.44,0.47,0.061,1.46,1.150824891,0.408928571,165.8791493,2.369831556,1.652,0.408928571,0.435142635,0.36262539,1.8249025,0.524520698,Unstable_Hexagonal,Mn,1,4
Alloy_Mn_Step_219_35,4.12125,4.12125,9.61625,,1.81,0.5625,1.4,0.79,1.732,3.44,0.47,-0.071,1.46,1.156764632,0.401785714,163.4013101,2.405282742,1.708,0.401785714,0.435142635,0.368094582,1.8303325,0.533770095,Unstable_Hexagonal,Mn,1,4
Alloy_Mn_Step_219_55,4.10025,4.10025,9.56725,,1.81,0.5525,1.4,0.79,1.676,3.44,0.47,-0.203,1.46,1.162704373,0.394642857,160.9234709,2.440733927,1.764,0.394642857,0.435142635,0.373563774,1.8357625,0.543019492,Unstable_Hexagonal,Mn,1,4
Alloy_Mn_Step_219_75,4.07925,4.07925,9.51825,,1.81,0.5425,1.4,0.79,1.62,3.44,0.47,-0.335,1.46,1.168644115,0.3875,158.4456317,2.476185113,1.82,0.3875,0.435142635,0.379032965,1.8411925,0.552268889,Unstable_Hexagonal,Mn,1,4
Alloy_Mn_Step_219_95,4.05825,4.05825,9.46925,,1.81,0.5325,1.4,0.79,1.564,3.44,0.47,-0.467,1.46,1.174583856,0.380357143,155.9677925,2.511636299,1.876,0.380357143,0.435142635,0.384502157,1.8466225,0.561518286,Unstable_Hexagonal,Mn,1,4
Alloy_Fe_Step_220_15,4.1937,4.1937,9.7853,,1.7335,0.597,1.4,0.8155,1.5835,3.44,0.487,0.092,1.46,1.109579105,0.426428571,172.1018293,1.830941626,1.8565,0.426428571,0.435142635,0.332575204,1.8357985,0.482987427,Unstable_Hexagonal,Fe,1,1
Alloy_Fe_Step_220_35,4.1853,4.1853,9.7657,,1.7515,0.593,1.4,0.8095,1.6415,3.44,0.483,0.108,1.46,1.118235806,0.423571429,171.0749351,1.951483165,1.7985,0.423571429,0.435142635,0.338680685,1.8322765,0.491127715,Unstable_Hexagonal,Fe,1,1
Alloy_Fe_Step_220_55,4.1769,4.1769,9.7461,,1.7695,0.589,1.4,0.8035,1.6995,3.44,0.479,0.124,1.46,1.126892507,0.420714286,170.0480408,2.072024704,1.7405,0.420714286,0.435142635,0.344786165,1.8287545,0.499268002,Unstable_Hexagonal,Fe,1,1
Alloy_Fe_Step_220_75,4.1685,4.1685,9.7265,,1.7875,0.585,1.4,0.7975,1.7575,3.44,0.475,0.14,1.46,1.135549208,0.417857143,169.0211465,2.192566243,1.6825,0.417857143,0.435142635,0.350891646,1.8252325,0.50740829,Unstable_Hexagonal,Fe,1,1
Alloy_Fe_Step_220_95,4.1601,4.1601,9.7069,,1.8055,0.581,1.4,0.7915,1.8155,3.44,0.471,0.156,1.46,1.144205909,0.415,167.9942523,2.313107782,1.6245,0.415,0.435142635,0.356997126,1.8217105,0.515548578,Unstable_Hexagonal,Fe,1,1
Alloy_Ti_Step_221_15,4.336,4.336,5.176,,1.72,0.753,1.4,0.82,2.2115,3.44,0.49,0.318,1.46,1.025668117,0.537857143,96.3803776,6.061420209,1.2285,0.537857143,0.065271395,0.641810501,1.792421,0.344882359,Unstable_Hexagonal,Ti,1,7
Alloy_Ti_Step_221_35,4.304,4.304,6.264,,1.72,0.717,1.4,0.82,2.0535,3.44,0.49,0.262,1.46,1.043884226,0.512142857,114.3784064,5.044741447,1.3865,0.512142857,0.152299922,0.567971817,1.803249,0.375941147,Unstable_Hexagonal,Ti,1,7
Alloy_Ti_Step_221_55,4.272,4.272,7.352,,1.72,0.681,1.4,0.82,1.8955,3.44,0.49,0.206,1.46,1.062100334,0.486428571,132.3764352,4.028062686,1.5445,0.486428571,0.239328449,0.494133133,1.814077,0.406999936,Unstable_Hexagonal,Ti,1,7
Alloy_Ti_Step_221_75,4.24,4.24,8.44,,1.72,0.645,1.4,0.82,1.7375,3.44,0.49,0.15,1.46,1.080316443,0.460714286,150.374464,3.011383924,1.7025,0.460714286,0.326356976,0.420294449,1.824905,0.438058725,Unstable_Hexagonal,Ti,1,7
Alloy_Ti_Step_221_95,4.208,4.208,9.528,,1.72,0.609,1.4,0.82,1.5795,3.44,0.49,0.094,1.46,1.098532551,0.435,168.3724928,1.994705162,1.8605,0.435,0.413385503,0.346455765,1.835733,0.469117514,Unstable_Hexagonal,Ti,1,7
Alloy_Pb_Step_222_15,4.38465,4.38465,9.35885,,1.72,0.7035,1.4,0.82,2.0155,3.44,0.49,0.9975,1.46,1.049048362,0.5025,180.1165982,2.827303014,1.4245,0.5025,0.369871239,0.350917596,1.8030595,0.386409692,Stable_Cubic,Pb,1,5
Alloy_Pb_Step_222_35,4.37885,4.37885,8.18265,,1.72,0.7215,1.4,0.82,2.0895,3.44,0.49,0.8475,1.46,1.04033252,0.515357143,157.2378353,3.767685665,1.3505,0.515357143,0.282842712,0.432393342,1.7986455,0.371157592,Stable_Cubic,Pb,1,5
Alloy_Pb_Step_222_55,4.37305,4.37305,7.00645,,1.72,0.7395,1.4,0.82,2.1635,3.44,0.49,0.6975,1.46,1.031616679,0.528214286,134.3590725,4.708068316,1.2765,0.528214286,0.195814186,0.513869087,1.7942315,0.355905492,Stable_Cubic,Pb,1,5
Alloy_Pb_Step_222_75,4.36725,4.36725,5.83025,,1.72,0.7575,1.4,0.82,2.2375,3.44,0.49,0.5475,1.46,1.022900837,0.541071429,111.4803096,5.648450967,1.2025,0.541071429,0.108785659,0.595344832,1.7898175,0.340653392,Stable_Cubic,Pb,1,5
Alloy_Pb_Step_222_95,4.36145,4.36145,4.65405,,1.72,0.7755,1.4,0.82,2.3115,3.44,0.49,0.3975,1.46,1.014184996,0.553928571,88.60154672,6.588833618,1.1285,0.553928571,0.021757132,0.676820577,1.7854035,0.325401292,Stable_Cubic,Pb,1,5
Alloy_Sn_Step_223_15,4.1034,4.1034,9.5746,,1.72,0.554,1.4,0.82,2.0025,3.44,0.49,1.212,1.46,1.129968452,0.395714286,161.6374334,2.189970731,1.4375,0.395714286,0.435142635,0.352178827,1.719398,0.519117695,Unstable_Hexagonal,Sn,1,6
Alloy_Sn_Step_223_35,4.1706,4.1706,9.7314,,1.72,0.586,1.4,0.82,1.9925,3.44,0.49,1.188,1.46,1.11246652,0.418571429,170.0229009,2.173981389,1.4475,0.418571429,0.435142635,0.337503994,1.739862,0.49058383,Unstable_Hexagonal,Sn,1,6
Alloy_Sn_Step_223_55,4.2378,4.2378,9.8882,,1.72,0.618,1.4,0.82,1.9825,3.44,0.49,1.164,1.46,1.094964589,0.441428571,178.4083684,2.157992046,1.4575,0.441428571,0.435142635,0.322829161,1.760326,0.462049964,Unstable_Hexagonal,Sn,1,6
Alloy_Sn_Step_223_75,4.305,4.305,10.045,,1.72,0.65,1.4,0.82,1.9725,3.44,0.49,1.14,1.46,1.077462657,0.464285714,186.7938359,2.142002704,1.4675,0.464285714,0.435142635,0.308154328,1.78079,0.433516099,Unstable_Hexagonal,Sn,1,6
Alloy_Sn_Step_223_95,4.3722,4.3722,10.2018,,1.72,0.682,1.4,0.82,1.9625,3.44,0.49,1.116,1.46,1.059960726,0.487142857,195.1793035,2.126013361,1.4775,0.487142857,0.435142635,0.293479496,1.801254,0.404982233,Unstable_Hexagonal,Sn,1,6
Alloy_Ge_Step_224_15,4.053,4.053,9.457,,1.72,0.53,1.4,0.82,1.619,3.44,0.49,-0.2405,1.46,1.1430949,0.378571429,155.3483327,2.041144634,1.821,0.378571429,0.435142635,0.363184951,1.78225,0.540518094,Unstable_Hexagonal,Ge,1,2
Alloy_Ge_Step_224_35,4.053,4.053,9.457,,1.72,0.53,1.4,0.82,1.711,3.44,0.49,0.1055,1.46,1.1430949,0.378571429,155.3483327,2.078984188,1.729,0.378571429,0.435142635,0.363184951,1.76385,0.540518094,Unstable_Hexagonal,Ge,1,2
Alloy_Ge_Step_224_55,4.053,4.053,9.457,,1.72,0.53,1.4,0.82,1.803,3.44,0.49,0.4515,1.46,1.1430949,0.378571429,155.3483327,2.116823742,1.637,0.378571429,0.435142635,0.363184951,1.74545,0.540518094,Unstable_Hexagonal,Ge,1,2
Alloy_Ge_Step_224_75,4.053,4.053,9.457,,1.72,0.53,1.4,0.82,1.895,3.44,0.49,0.7975,1.46,1.1430949,0.378571429,155.3483327,2.154663295,1.545,0.378571429,0.435142635,0.363184951,1.72705,0.540518094,Unstable_Hexagonal,Ge,1,2
Alloy_Ge_Step_224_95,4.053,4.053,9.457,,1.72,0.53,1.4,0.82,1.987,3.44,0.49,1.1435,1.46,1.1430949,0.378571429,155.3483327,2.192502849,1.453,0.378571429,0.435142635,0.363184951,1.70865,0.540518094,Unstable_Hexagonal,Ge,1,2
Alloy_Mn_Step_225_15,4.14225,4.14225,9.66525,,1.72,0.5725,1.4,0.82,1.788,3.44,0.49,0.061,1.46,1.118558772,0.408928571,165.8791493,1.893973749,1.652,0.408928571,0.435142635,0.341365053,1.7729725,0.501708552,Unstable_Hexagonal,Mn,1,4
Alloy_Mn_Step_225_35,4.12125,4.12125,9.61625,,1.72,0.5625,1.4,0.82,1.732,3.44,0.49,-0.071,1.46,1.124331979,0.401785714,163.4013101,1.921924624,1.708,0.401785714,0.435142635,0.346499147,1.7784025,0.510840209,Unstable_Hexagonal,Mn,1,4
Alloy_Mn_Step_225_55,4.10025,4.10025,9.56725,,1.72,0.5525,1.4,0.82,1.676,3.44,0.49,-0.203,1.46,1.130105185,0.394642857,160.9234709,1.949875499,1.764,0.394642857,0.435142635,0.351633241,1.7838325,0.519971866,Unstable_Hexagonal,Mn,1,4
Alloy_Mn_Step_225_75,4.07925,4.07925,9.51825,,1.72,0.5425,1.4,0.82,1.62,3.44,0.49,-0.335,1.46,1.135878392,0.3875,158.4456317,1.977826374,1.82,0.3875,0.435142635,0.356767334,1.7892625,0.529103523,Unstable_Hexagonal,Mn,1,4
Alloy_Mn_Step_225_95,4.05825,4.05825,9.46925,,1.72,0.5325,1.4,0.82,1.564,3.44,0.49,-0.467,1.46,1.141651599,0.380357143,155.9677925,2.00577725,1.876,0.380357143,0.435142635,0.361901428,1.7946925,0.53823518,Unstable_Hexagonal,Mn,1,4
Alloy_Fe_Step_226_15,4.1937,4.1937,9.7853,,1.652,0.597,1.4,0.82,1.5835,3.44,0.4985,0.092,1.46,1.080716291,0.426428571,172.1018293,1.382378188,1.8565,0.426428571,0.435142635,0.31546998,1.788773,0.462581418,Unstable_Hexagonal,Fe,1,1
Alloy_Fe_Step_226_35,4.1853,4.1853,9.7657,,1.668,0.593,1.4,0.82,1.6415,3.44,0.4965,0.108,1.46,1.088601603,0.423571429,171.0749351,1.497821107,1.7985,0.423571429,0.435142635,0.320656922,1.784097,0.470176334,Unstable_Hexagonal,Fe,1,1
Alloy_Fe_Step_226_55,4.1769,4.1769,9.7461,,1.684,0.589,1.4,0.82,1.6995,3.44,0.4945,0.124,1.46,1.096486915,0.420714286,170.0480408,1.613264025,1.7405,0.420714286,0.435142635,0.325843864,1.779421,0.477771249,Unstable_Hexagonal,Fe,1,1
Alloy_Fe_Step_226_75,4.1685,4.1685,9.7265,,1.7,0.585,1.4,0.82,1.7575,3.44,0.4925,0.14,1.46,1.104372227,0.417857143,169.0211465,1.728706944,1.6825,0.417857143,0.435142635,0.331030806,1.774745,0.485366165,Unstable_Hexagonal,Fe,1,1
Alloy_Fe_Step_226_95,4.1601,4.1601,9.7069,,1.716,0.581,1.4,0.82,1.8155,3.44,0.4905,0.156,1.46,1.112257539,0.415,167.9942523,1.844149862,1.6245,0.415,0.435142635,0.336217748,1.770069,0.49296108,Unstable_Hexagonal,Fe,1,1
Alloy_Ti_Step_227_15,4.336,4.336,5.176,,1.64,0.753,1.4,0.82,2.2115,3.44,0.5,0.318,1.46,0.999368934,0.537857143,96.3803776,5.206230907,1.2285,0.537857143,0.065271395,0.610243567,1.746261,0.326288837,Unstable_Hexagonal,Ti,1,7
Alloy_Ti_Step_227_35,4.304,4.304,6.264,,1.64,0.717,1.4,0.82,2.0535,3.44,0.5,0.262,1.46,1.017117963,0.512142857,114.3784064,4.286128576,1.3865,0.512142857,0.152299922,0.539969733,1.757089,0.3570174,Unstable_Hexagonal,Ti,1,7
Alloy_Ti_Step_227_55,4.272,4.272,7.352,,1.64,0.681,1.4,0.82,1.8955,3.44,0.5,0.206,1.46,1.034866992,0.486428571,132.3764352,3.366026244,1.5445,0.486428571,0.239328449,0.4696959,1.767917,0.387745964,Unstable_Hexagonal,Ti,1,7
Alloy_Ti_Step_227_75,4.24,4.24,8.44,,1.64,0.645,1.4,0.82,1.7375,3.44,0.5,0.15,1.46,1.052616021,0.460714286,150.374464,2.445923913,1.7025,0.460714286,0.326356976,0.399422066,1.778745,0.418474527,Unstable_Hexagonal,Ti,1,7
Alloy_Ti_Step_227_95,4.208,4.208,9.528,,1.64,0.609,1.4,0.82,1.5795,3.44,0.5,0.094,1.46,1.07036505,0.435,168.3724928,1.525821582,1.8605,0.435,0.413385503,0.329148232,1.789573,0.44920309,Unstable_Hexagonal,Ti,1,7
Alloy_Pb_Step_228_15,4.38465,4.38465,9.35885,,1.64,0.7035,1.4,0.82,2.0155,3.44,0.5,0.9975,1.46,1.022149686,0.5025,180.1165982,2.356894635,1.4245,0.5025,0.369871239,0.33355378,1.7568995,0.367392328,Stable_Cubic,Pb,1,5
Alloy_Pb_Step_228_35,4.37885,4.37885,8.18265,,1.64,0.7215,1.4,0.82,2.0895,3.44,0.5,0.8475,1.46,1.013657327,0.515357143,157.2378353,3.189697698,1.3505,0.515357143,0.282842712,0.411058524,1.7524855,0.35229823,Stable_Cubic,Pb,1,5
Alloy_Pb_Step_228_55,4.37305,4.37305,7.00645,,1.64,0.7395,1.4,0.82,2.1635,3.44,0.5,0.6975,1.46,1.005164969,0.528214286,134.3590725,4.022500762,1.2765,0.528214286,0.195814186,0.488563268,1.7480715,0.337204133,Stable_Cubic,Pb,1,5
Alloy_Pb_Step_228_75,4.36725,4.36725,5.83025,,1.64,0.7575,1.4,0.82,2.2375,3.44,0.5,0.5475,1.46,0.996672611,0.541071429,111.4803096,4.855303826,1.2025,0.541071429,0.108785659,0.566068012,1.7436575,0.322110036,Stable_Cubic,Pb,1,5
Alloy_Pb_Step_228_95,4.36145,4.36145,4.65405,,1.64,0.7755,1.4,0.82,2.3115,3.44,0.5,0.3975,1.46,0.988180252,0.553928571,88.60154672,5.688106889,1.1285,0.553928571,0.021757132,0.643572756,1.7392435,0.307015938,Stable_Cubic,Pb,1,5
Alloy_Sn_Step_229_15,4.1034,4.1034,9.5746,,1.64,0.554,1.4,0.82,2.0025,3.44,0.5,1.212,1.46,1.100994902,0.395714286,161.6374334,1.710841092,1.4375,0.395714286,0.435142635,0.334493089,1.673238,0.498633395,Unstable_Hexagonal,Sn,1,6
Alloy_Sn_Step_229_35,4.1706,4.1706,9.7314,,1.64,0.586,1.4,0.82,1.9925,3.44,0.5,1.188,1.46,1.083941737,0.418571429,170.0229009,1.715888444,1.4475,0.418571429,0.435142635,0.320594767,1.693702,0.470416808,Unstable_Hexagonal,Sn,1,6
Alloy_Sn_Step_229_55,4.2378,4.2378,9.8882,,1.64,0.618,1.4,0.82,1.9825,3.44,0.5,1.164,1.46,1.066888573,0.441428571,178.4083684,1.720935796,1.4575,0.441428571,0.435142635,0.306696446,1.714166,0.442200221,Unstable_Hexagonal,Sn,1,6
Alloy_Sn_Step_229_75,4.305,4.305,10.045,,1.64,0.65,1.4,0.82,1.9725,3.44,0.5,1.14,1.46,1.049835409,0.464285714,186.7938359,1.725983147,1.4675,0.464285714,0.435142635,0.292798124,1.73463,0.413983634,Unstable_Hexagonal,Sn,1,6
Alloy_Sn_Step_229_95,4.3722,4.3722,10.2018,,1.64,0.682,1.4,0.82,1.9625,3.44,0.5,1.116,1.46,1.032782245,0.487142857,195.1793035,1.731030499,1.4775,0.487142857,0.435142635,0.278899802,1.755094,0.385767048,Unstable_Hexagonal,Sn,1,6
Alloy_Ge_Step_230_15,4.053,4.053,9.457,,1.64,0.53,1.4,0.82,1.619,3.44,0.5,-0.2405,1.46,1.113784775,0.378571429,155.3483327,1.546237475,1.821,0.378571429,0.435142635,0.34491683,1.73609,0.519795836,Unstable_Hexagonal,Ge,1,2
Alloy_Ge_Step_230_35,4.053,4.053,9.457,,1.64,0.53,1.4,0.82,1.711,3.44,0.5,0.1055,1.46,1.113784775,0.378571429,155.3483327,1.584077029,1.729,0.378571429,0.435142635,0.34491683,1.71769,0.519795836,Unstable_Hexagonal,Ge,1,2
Alloy_Ge_Step_230_55,4.053,4.053,9.457,,1.64,0.53,1.4,0.82,1.803,3.44,0.5,0.4515,1.46,1.113784775,0.378571429,155.3483327,1.621916583,1.637,0.378571429,0.435142635,0.34491683,1.69929,0.519795836,Unstable_Hexagonal,Ge,1,2
Alloy_Ge_Step_230_75,4.053,4.053,9.457,,1.64,0.53,1.4,0.82,1.895,3.44,0.5,0.7975,1.46,1.113784775,0.378571429,155.3483327,1.659756136,1.545,0.378571429,0.435142635,0.34491683,1.68089,0.519795836,Unstable_Hexagonal,Ge,1,2
Alloy_Ge_Step_230_95,4.053,4.053,9.457,,1.64,0.53,1.4,0.82,1.987,3.44,0.5,1.1435,1.46,1.113784775,0.378571429,155.3483327,1.69759569,1.453,0.378571429,0.435142635,0.34491683,1.66249,0.519795836,Unstable_Hexagonal,Ge,1,2
Alloy_Mn_Step_231_15,4.14225,4.14225,9.66525,,1.64,0.5725,1.4,0.82,1.788,3.44,0.5,0.061,1.46,1.089877778,0.408928571,165.8791493,1.430137612,1.652,0.408928571,0.435142635,0.324243833,1.7268125,0.481431089,Unstable_Hexagonal,Mn,1,4
Alloy_Mn_Step_231_35,4.12125,4.12125,9.61625,,1.64,0.5625,1.4,0.82,1.732,3.44,0.5,-0.071,1.46,1.095502954,0.401785714,163.4013101,1.450777659,1.708,0.401785714,0.435142635,0.329108068,1.7322425,0.490458088,Unstable_Hexagonal,Mn,1,4
Alloy_Mn_Step_231_55,4.10025,4.10025,9.56725,,1.64,0.5525,1.4,0.82,1.676,3.44,0.5,-0.203,1.46,1.101128129,0.394642857,160.9234709,1.471417705,1.764,0.394642857,0.435142635,0.333972302,1.7376725,0.499485087,Unstable_Hexagonal,Mn,1,4
Alloy_Mn_Step_231_75,4.07925,4.07925,9.51825,,1.64,0.5425,1.4,0.82,1.62,3.44,0.5,-0.335,1.46,1.106753305,0.3875,158.4456317,1.492057751,1.82,0.3875,0.435142635,0.338836537,1.7431025,0.508512087,Unstable_Hexagonal,Mn,1,4
Alloy_Mn_Step_231_95,4.05825,4.05825,9.46925,,1.64,0.5325,1.4,0.82,1.564,3.44,0.5,-0.467,1.46,1.112378481,0.380357143,155.9677925,1.512697798,1.876,0.380357143,0.435142635,0.343700772,1.7485325,0.517539086,Unstable_Hexagonal,Mn,1,4
Alloy_Fe_Step_232_15,4.0237,4.0237,4.8553,,1.4275,0.597,1.4,0.9135,1.5835,3.44,0.5425,0.092,1.46,1.0013007,0.426428571,79.56062931,2.830014001,1.8565,0.426428571,0.065271395,0.667478959,1.6592365,0.406434595,Unstable_Hexagonal,Fe,1,1
Alloy_Fe_Step_232_35,4.0553,4.0553,5.9957,,1.4775,0.593,1.4,0.8915,1.6415,3.44,0.5325,0.108,1.46,1.021149688,0.423571429,100.3081351,2.49698896,1.7985,0.423571429,0.152299922,0.585859359,1.6741785,0.422487829,Unstable_Hexagonal,Fe,1,1
Alloy_Fe_Step_232_55,4.0869,4.0869,7.1361,,1.5275,0.589,1.4,0.8695,1.6995,3.44,0.5225,0.124,1.46,1.040998675,0.420714286,121.0556408,2.163963919,1.7405,0.420714286,0.239328449,0.504239758,1.6891205,0.438541063,Unstable_Hexagonal,Fe,1,1
Alloy_Fe_Step_232_75,4.1185,4.1185,8.2765,,1.5775,0.585,1.4,0.8475,1.7575,3.44,0.5125,0.14,1.46,1.060847662,0.417857143,141.8031465,1.830938878,1.6825,0.417857143,0.326356976,0.422620158,1.7040625,0.454594297,Unstable_Hexagonal,Fe,1,1
Alloy_Fe_Step_232_95,4.1501,4.1501,9.4169,,1.6275,0.581,1.4,0.8255,1.8155,3.44,0.5025,0.156,1.46,1.08069665,0.415,162.5506523,1.497913837,1.6245,0.415,0.413385503,0.341000557,1.7190045,0.470647531,Unstable_Hexagonal,Fe,1,1
Alloy_Ti_Step_233_15,4.306,4.306,4.306,,1.39,0.753,1.4,0.93,2.2115,3.44,0.55,0.318,1.46,0.917183989,0.537857143,80.0495776,5.197946639,1.2285,0.537857143,0,0.598693453,1.602011,0.26818408,Stable_Cubic,Ti,1,7
Alloy_Ti_Step_233_35,4.234,4.234,4.234,,1.39,0.717,1.4,0.93,2.0535,3.44,0.55,0.262,1.46,0.933473394,0.512142857,76.2732064,4.699555143,1.3865,0.512142857,0,0.629281737,1.612839,0.29788069,Stable_Cubic,Ti,1,7
Alloy_Ti_Step_233_55,4.162,4.162,4.162,,1.39,0.681,1.4,0.93,1.8955,3.44,0.55,0.206,1.46,0.949762799,0.486428571,72.4968352,4.201163647,1.5445,0.486428571,0,0.659870021,1.623667,0.327577299,Stable_Cubic,Ti,1,7
Alloy_Ti_Step_233_75,4.09,4.09,4.09,,1.39,0.645,1.4,0.93,1.7375,3.44,0.55,0.15,1.46,0.966052204,0.460714286,68.720464,3.702772151,1.7025,0.460714286,0,0.690458305,1.634495,0.357273908,Stable_Cubic,Ti,1,7
Alloy_Ti_Step_233_95,4.018,4.018,4.018,,1.39,0.609,1.4,0.93,1.5795,3.44,0.55,0.094,1.46,0.982341609,0.435,64.9440928,3.204380655,1.8605,0.435,0,0.721046589,1.645323,0.386970517,Stable_Cubic,Ti,1,7
Alloy_Pb_Step_234_15,4.207,4.207,4.207,,1.39,0.7035,1.4,0.93,2.0155,3.44,0.55,0.9975,1.46,0.938091323,0.5025,74.5117156,4.499949097,1.4245,0.5025,0,0.634616714,1.6126495,0.307963066,Stable_Cubic,Pb,1,5
Alloy_Pb_Step_234_35,4.243,4.243,4.243,,1.39,0.7215,1.4,0.93,2.0895,3.44,0.55,0.8475,1.46,0.93029735,0.515357143,76.4811604,4.752135253,1.3505,0.515357143,0,0.620766249,1.6082355,0.293362726,Stable_Cubic,Pb,1,5
Alloy_Pb_Step_234_55,4.279,4.279,4.279,,1.39,0.7395,1.4,0.93,2.1635,3.44,0.55,0.6975,1.46,0.922503376,0.528214286,78.4506052,5.00432141,1.2765,0.528214286,0,0.606915785,1.6038215,0.278762387,Stable_Cubic,Pb,1,5
Alloy_Pb_Step_234_75,4.315,4.315,4.315,,1.39,0.7575,1.4,0.93,2.2375,3.44,0.55,0.5475,1.46,0.914709403,0.541071429,80.42005,5.256507566,1.2025,0.541071429,0,0.593065321,1.5994075,0.264162048,Stable_Cubic,Pb,1,5
Alloy_Pb_Step_234_95,4.351,4.351,4.351,,1.39,0.7755,1.4,0.93,2.3115,3.44,0.55,0.3975,1.46,0.906915429,0.553928571,82.3894948,5.508693722,1.1285,0.553928571,0,0.579214857,1.5949935,0.249561708,Stable_Cubic,Pb,1,5
Alloy_Sn_Step_235_15,4.07205,4.07205,8.66545,,1.39,0.554,1.4,0.93,2.0025,3.44,0.55,1.212,1.46,1.010452558,0.395714286,143.0012776,1.950429213,1.4375,0.395714286,0.369871239,0.350386786,1.528988,0.434619958,Stable_Cubic,Sn,1,6
Alloy_Sn_Step_235_35,4.09745,4.09745,7.61005,,1.39,0.586,1.4,0.93,1.9925,3.44,0.55,1.188,1.46,0.994801792,0.418571429,126.5385375,2.505812805,1.4475,0.418571429,0.282842712,0.419708616,1.549452,0.407394867,Stable_Cubic,Sn,1,6
Alloy_Sn_Step_235_55,4.12285,4.12285,6.55465,,1.39,0.618,1.4,0.93,1.9825,3.44,0.55,1.164,1.46,0.979151026,0.441428571,110.0757973,3.061196397,1.4575,0.441428571,0.195814186,0.489030445,1.569916,0.380169776,Stable_Cubic,Sn,1,6
Alloy_Sn_Step_235_75,4.14825,4.14825,5.49925,,1.39,0.65,1.4,0.93,1.9725,3.44,0.55,1.14,1.46,0.963500261,0.464285714,93.61305718,3.61657999,1.4675,0.464285714,0.108785659,0.558352275,1.59038,0.352944684,Stable_Cubic,Sn,1,6
Alloy_Sn_Step_235_95,4.17365,4.17365,4.44385,,1.39,0.682,1.4,0.93,1.9625,3.44,0.55,1.116,1.46,0.947849495,0.487142857,77.15031704,4.171963582,1.4775,0.487142857,0.021757132,0.627674104,1.610844,0.325719593,Stable_Cubic,Sn,1,6
Alloy_Ge_Step_236_15,4.053,4.053,9.457,,1.39,0.53,1.4,0.93,1.619,3.44,0.55,-0.2405,1.46,1.022190632,0.378571429,155.3483327,1.373073415,1.821,0.378571429,0.435142635,0.298395414,1.59184,0.455038777,Unstable_Hexagonal,Ge,1,2
Alloy_Ge_Step_236_35,4.053,4.053,9.457,,1.39,0.53,1.4,0.93,1.711,3.44,0.55,0.1055,1.46,1.022190632,0.378571429,155.3483327,1.410912969,1.729,0.378571429,0.435142635,0.298395414,1.57344,0.455038777,Unstable_Hexagonal,Ge,1,2
Alloy_Ge_Step_236_55,4.053,4.053,9.457,,1.39,0.53,1.4,0.93,1.803,3.44,0.55,0.4515,1.46,1.022190632,0.378571429,155.3483327,1.448752523,1.637,0.378571429,0.435142635,0.298395414,1.55504,0.455038777,Unstable_Hexagonal,Ge,1,2
Alloy_Ge_Step_236_75,4.053,4.053,9.457,,1.39,0.53,1.4,0.93,1.895,3.44,0.55,0.7975,1.46,1.022190632,0.378571429,155.3483327,1.486592076,1.545,0.378571429,0.435142635,0.298395414,1.53664,0.455038777,Unstable_Hexagonal,Ge,1,2
Alloy_Ge_Step_236_95,4.053,4.053,9.457,,1.39,0.53,1.4,0.93,1.987,3.44,0.55,1.1435,1.46,1.022190632,0.378571429,155.3483327,1.52443163,1.453,0.378571429,0.435142635,0.298395414,1.51824,0.455038777,Unstable_Hexagonal,Ge,1,2
Alloy_Mn_Step_237_15,3.97395,3.97395,4.78455,,1.39,0.5725,1.4,0.93,1.788,3.44,0.55,0.061,1.46,1.000249671,0.408928571,76.08651551,3.08148415,1.652,0.408928571,0.065271395,0.681910913,1.5825625,0.418064018,Unstable_Hexagonal,Mn,1,4
Alloy_Mn_Step_237_35,3.99255,3.99255,5.88395,,1.39,0.5625,1.4,0.93,1.732,3.44,0.55,-0.071,1.46,1.00541225,0.401785714,94.73635485,2.672827585,1.708,0.401785714,0.152299922,0.591671972,1.5879925,0.426763961,Unstable_Hexagonal,Mn,1,4
Alloy_Mn_Step_237_55,4.01115,4.01115,6.98335,,1.39,0.5525,1.4,0.93,1.676,3.44,0.55,-0.203,1.46,1.010574829,0.394642857,113.3861942,2.26417102,1.764,0.394642857,0.239328449,0.501433031,1.5934225,0.435463904,Unstable_Hexagonal,Mn,1,4
Alloy_Mn_Step_237_75,4.02975,4.02975,8.08275,,1.39,0.5425,1.4,0.93,1.62,3.44,0.55,-0.335,1.46,1.015737408,0.3875,132.0360335,1.855514456,1.82,0.3875,0.326356976,0.41119409,1.5988525,0.444163848,Unstable_Hexagonal,Mn,1,4
Alloy_Mn_Step_237_95,4.04835,4.04835,9.18215,,1.39,0.5325,1.4,0.93,1.564,3.44,0.55,-0.467,1.46,1.020899987,0.380357143,150.6858729,1.446857891,1.876,0.380357143,0.413385503,0.320955149,1.6042825,0.452863791,Unstable_Hexagonal,Mn,1,4
