formula,rA,rB,rX,chi_A,chi_B,chi_X,EA_A,EA_B,EA_X,tolerance_factor,octahedral_factor,a,b,c,volume,density
CsPbI3,1.88,1.19,2.2,0.79,2.33,2.66,0.47,0.36,3.05,0.8510311702776147,0.5409090909090909,6.78,6.78,6.78,311.66575200000005,3.8405283057138155
CsPbBr3,1.88,1.19,1.96,0.79,2.33,2.96,0.47,0.36,3.36,0.8619968380178864,0.6071428571428571,6.3,6.3,6.3,250.04699999999997,3.8505547406772025
CsPbCl3,1.88,1.19,1.81,0.79,2.33,3.16,0.47,0.36,3.61,0.8697413408594533,0.6574585635359116,6.0,6.0,6.0,216.0,3.4323222259123956
CsPbO3,1.88,1.19,1.4,0.79,2.33,3.44,0.47,0.36,1.46,0.8954865800354732,0.85,5.18,5.18,5.18,138.991832,4.636868743731211
CsPbF3,1.88,1.19,1.33,0.79,2.33,3.98,0.47,0.36,3.4,0.9007193522257212,0.894736842105263,5.04,5.04,5.04,128.024064,5.150455659868991
CsSnI3,1.88,1.1,2.2,0.79,1.96,2.66,0.47,1.11,3.05,0.8742411112851859,0.5,6.6000000000000005,6.6000000000000005,6.6000000000000005,287.4960000000001,3.6522247266048913
CsSnBr3,1.88,1.1,1.96,0.79,1.96,2.96,0.47,1.11,3.36,0.8873496861948832,0.5612244897959184,6.12,6.12,6.12,229.22092800000001,3.5592671484365086
CsSnCl3,1.88,1.1,1.81,0.79,1.96,3.16,0.47,1.11,3.61,0.8966405575870653,0.6077348066298343,5.82,5.82,5.82,197.13736800000004,3.015260193184152
CsSnO3,1.88,1.1,1.4,0.79,1.96,3.44,0.47,1.11,1.46,0.9277240969167503,0.7857142857142858,5.0,5.0,5.0,125.0,3.9802059116572575
CsSnF3,1.88,1.1,1.33,0.79,1.96,3.98,0.47,1.11,3.4,0.9340793282340811,0.8270676691729324,4.86,4.86,4.86,114.79125600000002,4.463938634408248
CsGeI3,1.88,0.73,2.2,0.79,2.01,2.66,0.47,1.16,3.05,0.9846401594679568,0.3318181818181818,5.86,5.86,5.86,201.23005600000002,4.837732475796767
CsGeBr3,1.88,0.73,1.96,0.79,2.01,2.96,0.47,1.16,3.36,1.009401501768157,0.37244897959183676,5.38,5.38,5.38,155.72087199999999,4.7479550190428705
CsGeCl3,1.88,0.73,1.81,0.79,2.01,3.16,0.47,1.16,3.61,1.0272535521962047,0.4033149171270718,5.08,5.08,5.08,131.09651200000002,3.950659155119987
CsGeO3,1.88,0.73,1.4,0.79,2.01,3.44,0.47,1.16,1.46,1.0888780480243547,0.5214285714285715,4.26,4.26,4.26,77.308776,5.4459912284054175
CsGeF3,1.88,0.73,1.33,0.79,2.01,3.98,0.47,1.16,3.4,1.1018508580625328,0.5488721804511277,4.12,4.12,4.12,69.934528,6.233234312645247
CsTiI3,1.88,0.605,2.2,0.79,1.54,2.66,0.47,0.08,3.05,1.0285189544531599,0.27499999999999997,5.61,5.61,5.61,176.55848100000003,5.28086367418114
CsTiBr3,1.88,0.605,1.96,0.79,1.54,2.96,0.47,0.08,3.36,1.0585926080921413,0.3086734693877551,5.13,5.13,5.13,135.005697,5.1719283182992735
CsTiCl3,1.88,0.605,1.81,0.79,1.54,3.16,0.47,0.08,3.61,1.0804240259123645,0.3342541436464088,4.83,4.83,4.83,112.67858700000001,4.231520288774977
CsTiO3,1.88,0.605,1.4,0.79,1.54,3.44,0.47,0.08,1.46,1.1567632131131549,0.43214285714285716,4.01,4.01,4.01,64.48120099999998,5.891748319617347
CsTiF3,1.88,0.605,1.33,0.79,1.54,3.98,0.47,0.08,3.4,1.1730298540614041,0.45488721804511273,3.87,3.87,3.87,57.960603000000006,6.8115645938353815
CsMgI3,1.88,0.72,2.2,0.79,1.31,2.66,0.47,-0.42,3.05,0.9880122148086007,0.3272727272727272,5.84,5.84,5.84,199.17670399999997,4.48475165952502
CsMgBr3,1.88,0.72,1.96,0.79,1.31,2.96,0.47,-0.42,3.36,1.0131679252822174,0.3673469387755102,5.359999999999999,5.359999999999999,5.359999999999999,153.99065599999994,4.280237448740096
CsMgCl3,1.88,0.72,1.81,0.79,1.31,3.16,0.47,-0.42,3.61,1.0313138429163478,0.39779005524861877,5.0600000000000005,5.0600000000000005,5.0600000000000005,129.55421600000003,3.3783424857606987
CsMgO3,1.88,0.72,1.4,0.79,1.31,3.44,0.47,-0.42,1.46,1.0940142652320166,0.5142857142857143,4.24,4.24,4.24,76.225024,4.47076005853249
CsMgF3,1.88,0.72,1.33,0.79,1.31,3.98,0.47,-0.42,3.4,1.107225740296984,0.5413533834586466,4.1,4.1,4.1,68.92099999999998,5.160679275596278
CsCaI3,1.88,1.0,2.2,0.79,1.0,2.66,0.47,0.02,3.05,0.901561146012848,0.45454545454545453,6.4,6.4,6.4,262.14400000000006,3.507405727339598
CsCaBr3,1.88,1.0,1.96,0.79,1.0,2.96,0.47,0.02,3.36,0.9173277161338994,0.5102040816326531,5.92,5.92,5.92,207.474688,3.303072255986436
CsCaCl3,1.88,1.0,1.81,0.79,1.0,3.16,0.47,0.02,3.61,0.9285494742271745,0.5524861878453039,5.62,5.62,5.62,177.50432800000002,2.613264873784976
CsCaO3,1.88,1.0,1.4,0.79,1.0,3.44,0.47,0.02,1.46,0.9663792676216149,0.7142857142857143,4.8,4.8,4.8,110.59199999999998,3.3182427837896857
CsCaF3,1.88,1.0,1.33,0.79,1.0,3.98,0.47,0.02,3.4,0.974168569789192,0.7518796992481203,4.66,4.66,4.66,101.19469600000001,3.773582061438866
CsSrI3,1.88,1.18,2.2,0.79,0.95,2.66,0.47,0.05,3.05,0.8535490139766609,0.5363636363636363,6.76,6.76,6.76,308.915776,3.2319140588512076
CsSrBr3,1.88,1.18,1.96,0.79,0.95,2.96,0.47,0.05,3.36,0.8647420508778161,0.6020408163265306,6.279999999999999,6.279999999999999,6.279999999999999,247.67315199999993,3.0857109543300876
CsSrCl3,1.88,1.18,1.81,0.79,0.95,3.16,0.47,0.05,3.61,0.8726501747753712,0.6519337016574586,5.98,5.98,5.98,213.84719200000004,2.5383064079458455
CsSrO3,1.88,1.18,1.4,0.79,0.95,3.44,0.47,0.05,1.46,0.8989574582526649,0.8428571428571429,5.16,5.16,5.16,137.38809600000002,3.2456594959470686
CsSrF3,1.88,1.18,1.33,0.79,0.95,3.98,0.47,0.05,3.4,0.9043078755413616,0.8872180451127819,5.02,5.02,5.02,126.50600799999997,3.64259665838146
CsZnI3,1.88,0.74,2.2,0.79,1.65,2.66,0.47,-0.42,3.05,0.9812910432792902,0.3363636363636363,5.880000000000001,5.880000000000001,5.880000000000001,203.29747200000008,4.729316001428724
CsZnBr3,1.88,0.74,1.96,0.79,1.65,2.96,0.47,-0.42,3.36,1.005662977687534,0.37755102040816324,5.4,5.4,5.4,157.46400000000003,4.618938336026889
CsZnCl3,1.88,0.74,1.81,0.79,1.65,3.16,0.47,-0.42,3.61,1.0232251068934746,0.4088397790055249,5.1,5.1,5.1,132.65099999999998,3.813604463585675
CsZnO3,1.88,0.74,1.4,0.79,1.65,3.44,0.47,-0.42,1.46,1.083789832846671,0.5285714285714286,4.279999999999999,4.279999999999999,4.279999999999999,78.40275199999996,5.216446054556419
CsZnF3,1.88,0.74,1.33,0.79,1.65,3.98,0.47,-0.42,3.4,1.0965279070573994,0.556390977443609,4.140000000000001,4.140000000000001,4.140000000000001,70.95794400000003,5.973666738853871
CsCdI3,1.88,0.95,2.2,0.79,1.69,2.66,0.47,-0.42,3.05,0.9158716403940043,0.43181818181818177,6.300000000000001,6.300000000000001,6.300000000000001,250.04700000000008,4.157438262118179
CsCdBr3,1.88,0.95,1.96,0.79,1.69,2.96,0.47,-0.42,3.36,0.933089360741011,0.4846938775510204,5.82,5.82,5.82,197.13736800000004,4.08554447116487
CsCdCl3,1.88,0.95,1.81,0.79,1.69,3.16,0.47,-0.42,3.61,0.945371022673319,0.5248618784530387,5.52,5.52,5.52,168.19660799999997,3.471980977448486
CsCdO3,1.88,0.95,1.4,0.79,1.69,3.44,0.47,-0.42,1.46,0.9869405286348408,0.6785714285714286,4.699999999999999,4.699999999999999,4.699999999999999,103.82299999999995,4.691452800294943
CsCdF3,1.88,0.95,1.33,0.79,1.69,3.98,0.47,-0.42,3.4,0.9955319156179022,0.7142857142857142,4.5600000000000005,4.5600000000000005,4.5600000000000005,94.81881600000003,5.294055640586273
CsMnI3,1.88,0.67,2.2,0.79,1.55,2.66,0.47,-0.52,3.05,1.0052249711641512,0.30454545454545456,5.74,5.74,5.74,189.11922400000003,4.9922029835575925
CsMnBr3,1.88,0.67,1.96,0.79,1.55,2.96,0.47,-0.52,3.36,1.0324296729111568,0.3418367346938776,5.26,5.26,5.26,145.53157599999997,4.878529406329159
CsMnCl3,1.88,0.67,1.81,0.79,1.55,3.16,0.47,-0.52,3.61,1.0521064607170807,0.3701657458563536,4.96,4.96,4.96,122.02393599999999,4.003657221976449
CsMnO3,1.88,0.67,1.4,0.79,1.55,3.44,0.47,-0.52,1.46,1.1204397305757854,0.47857142857142865,4.14,4.14,4.14,70.95794399999998,5.5194284273238505
CsMnF3,1.88,0.67,1.33,0.79,1.55,3.98,0.47,-0.52,3.4,1.1349063838044087,0.5037593984962406,4.0,4.0,4.0,64.0,6.35222932580538
CsFeI3,1.88,0.645,2.2,0.79,1.83,2.66,0.47,0.16,3.05,1.0140582310162087,0.29318181818181815,5.69,5.69,5.69,184.22000900000003,5.133170307101114
CsFeBr3,1.88,0.645,1.96,0.79,1.83,2.96,0.47,0.16,3.36,1.0423378271617436,0.32908163265306123,5.21,5.21,5.21,141.420761,5.0310236906251005
CsFeCl3,1.88,0.645,1.81,0.79,1.83,3.16,0.47,0.16,3.61,1.062820375795666,0.356353591160221,4.91,4.91,4.91,118.370771,4.139984342014595
CsFeO3,1.88,0.645,1.4,0.79,1.83,3.44,0.47,0.16,1.46,1.1341370377955382,0.46071428571428574,4.09,4.09,4.09,68.41792899999999,5.746423852289614
CsFeF3,1.88,0.645,1.33,0.79,1.83,3.98,0.47,0.16,3.4,1.1492722873968695,0.4849624060150376,3.95,3.95,3.95,61.629875000000006,6.621038947804903
CsCoI3,1.88,0.65,2.2,0.79,1.88,2.66,0.47,0.66,3.05,1.0122791814881102,0.2954545454545454,5.7,5.7,5.7,185.193,5.13381855710797
CsCoBr3,1.88,0.65,1.96,0.79,1.88,2.96,0.47,0.66,3.36,1.0403410114008975,0.3316326530612245,5.22,5.22,5.22,142.23664799999997,5.03812335911506
CsCoCl3,1.88,0.65,1.81,0.79,1.88,3.16,0.47,0.66,3.61,1.0606601717798212,0.35911602209944754,4.92,4.92,4.92,119.09548799999999,4.157737011548174
CsCoO3,1.88,0.65,1.4,0.79,1.88,3.44,0.47,0.66,1.46,1.131370849898476,0.46428571428571436,4.1,4.1,4.1,68.92099999999998,5.778688629063035
CsCoF3,1.88,0.65,1.33,0.79,1.88,3.98,0.47,0.66,3.4,1.146370084650918,0.48872180451127817,3.96,3.96,3.96,62.099136,6.653367650673011
CsNiI3,1.88,0.69,2.2,0.79,1.91,2.66,0.47,1.16,3.05,0.9982683969692435,0.3136363636363636,5.78,5.78,5.78,193.10055200000002,4.921522551396081
CsNiBr3,1.88,0.69,1.96,0.79,1.91,2.96,0.47,1.16,3.36,1.02463775085145,0.3520408163265306,5.3,5.3,5.3,148.87699999999998,4.810731275613841
CsNiCl3,1.88,0.69,1.81,0.79,1.91,3.16,0.47,1.16,3.61,1.0436896090313441,0.38121546961325964,5.0,5.0,5.0,125.0,3.958153437396214
CsNiO3,1.88,0.69,1.4,0.79,1.91,3.44,0.47,1.16,1.46,1.1097178192784094,0.4928571428571428,4.18,4.18,4.18,73.03463199999999,5.447750600183605
CsNiF3,1.88,0.69,1.33,0.79,1.91,3.98,0.47,1.16,3.4,1.123669686935058,0.5187969924812029,4.04,4.04,4.04,65.93926400000001,6.25984912275756
CsCuI3,1.88,0.73,2.2,0.79,1.9,2.66,0.47,1.24,3.05,0.9846401594679568,0.3318181818181818,5.86,5.86,5.86,201.23005600000002,4.7628030767789005
CsCuBr3,1.88,0.73,1.96,0.79,1.9,2.96,0.47,1.24,3.36,1.009401501768157,0.37244897959183676,5.38,5.38,5.38,155.72087199999999,4.651127619049811
CsCuCl3,1.88,0.73,1.81,0.79,1.9,3.16,0.47,1.24,3.61,1.0272535521962047,0.4033149171270718,5.08,5.08,5.08,131.09651200000002,3.835644293699328
CsCuO3,1.88,0.73,1.4,0.79,1.9,3.44,0.47,1.24,1.46,1.0888780480243547,0.5214285714285715,4.26,4.26,4.26,77.308776,5.250954546406832
CsCuF3,1.88,0.73,1.33,0.79,1.9,3.98,0.47,1.24,3.4,1.1018508580625328,0.5488721804511277,4.12,4.12,4.12,69.934528,6.0176319829861145
CsZrI3,1.88,0.72,2.2,0.79,1.33,2.66,0.47,0.43,3.05,0.9880122148086007,0.3272727272727272,5.84,5.84,5.84,199.17670399999997,5.042594337876483
CsZrBr3,1.88,0.72,1.96,0.79,1.33,2.96,0.47,0.43,3.36,1.0131679252822174,0.3673469387755102,5.359999999999999,5.359999999999999,5.359999999999999,153.99065599999994,5.0017699683793175
CsZrCl3,1.88,0.72,1.81,0.79,1.33,3.16,0.47,0.43,3.61,1.0313138429163478,0.39779005524861877,5.0600000000000005,5.0600000000000005,5.0600000000000005,129.55421600000003,4.2359700447478685
CsZrO3,1.88,0.72,1.4,0.79,1.33,3.44,0.47,0.43,1.46,1.0940142652320166,0.5142857142857143,4.24,4.24,4.24,76.225024,5.928408219123119
CsZrF3,1.88,0.72,1.33,0.79,1.33,3.98,0.47,0.43,3.4,1.107225740296984,0.5413533834586466,4.1,4.1,4.1,68.92099999999998,6.772804259629833
RbPbI3,1.72,1.19,2.2,0.82,2.33,2.66,0.49,0.36,3.05,0.8176573988941788,0.5409090909090909,6.78,6.78,6.78,311.66575200000005,3.5877645221605023
RbPbBr3,1.72,1.19,1.96,0.82,2.33,2.96,0.49,0.36,3.36,0.8260803031004745,0.6071428571428571,6.3,6.3,6.3,250.04699999999997,3.5355027117406084
RbPbCl3,1.72,1.19,1.81,0.82,2.33,3.16,0.49,0.36,3.61,0.8320289791961709,0.6574585635359116,6.0,6.0,6.0,216.0,3.067610120914671
RbPbO3,1.72,1.19,1.4,0.82,2.33,3.44,0.49,0.36,1.46,0.8518043078386209,0.85,5.18,5.18,5.18,138.991832,4.070088570062382
RbPbF3,1.72,1.19,1.33,0.82,2.33,3.98,0.49,0.36,3.4,0.8558236835789562,0.894736842105263,5.04,5.04,5.04,128.024064,4.535119665852205
RbSnI3,1.72,1.1,2.2,0.82,1.96,2.66,0.49,1.11,3.05,0.8399571461367472,0.5,6.6000000000000005,6.6000000000000005,6.6000000000000005,287.4960000000001,3.378211124052131
RbSnBr3,1.72,1.1,1.96,0.82,1.96,2.96,0.49,1.11,3.36,0.8503767826034296,0.5612244897959184,6.12,6.12,6.12,229.22092800000001,3.2155907862174855
RbSnCl3,1.72,1.1,1.81,0.82,1.96,3.16,0.49,1.11,3.61,0.8577618342228566,0.6077348066298343,5.82,5.82,5.82,197.13736800000004,2.615651455993806
RbSnO3,1.72,1.1,1.4,0.82,1.96,3.44,0.49,1.11,1.46,0.8824692629208113,0.7857142857142858,5.0,5.0,5.0,125.0,3.3499833942211894
RbSnF3,1.72,1.1,1.33,0.82,1.96,3.98,0.49,1.11,3.4,0.8875208570448434,0.8270676691729324,4.86,4.86,4.86,114.79125600000002,3.777668465193369
RbGeI3,1.72,0.73,2.2,0.82,2.01,2.66,0.49,1.16,3.05,0.9460268198809781,0.3318181818181818,5.86,5.86,5.86,201.23005600000002,4.446251122337777
RbGeBr3,1.72,0.73,1.96,0.82,2.01,2.96,0.49,1.16,3.36,0.9673431058611504,0.37244897959183676,5.38,5.38,5.38,155.72087199999999,4.242063845510857
RbGeCl3,1.72,0.73,1.81,0.82,2.01,3.16,0.49,1.16,3.61,0.982711392751383,0.4033149171270718,5.08,5.08,5.08,131.09651200000002,3.349744504701916
RbGeO3,1.72,0.73,1.4,0.82,2.01,3.44,0.49,1.16,1.46,1.0357620456817034,0.5214285714285715,4.26,4.26,4.26,77.308776,4.42698900439519
RbGeF3,1.72,0.73,1.33,0.82,2.01,3.98,0.49,1.16,3.4,1.0469299430189174,0.5488721804511277,4.12,4.12,4.12,69.934528,5.1067833744261675
RbTiI3,1.72,0.605,2.2,0.82,1.54,2.66,0.49,0.08,3.05,0.988184877807938,0.27499999999999997,5.61,5.61,5.61,176.55848100000003,4.834678284313019
RbTiBr3,1.72,0.605,1.96,0.82,1.54,2.96,0.49,0.08,3.36,1.0144845827549687,0.3086734693877551,5.13,5.13,5.13,135.005697,4.588413574625098
RbTiCl3,1.72,0.605,1.81,0.82,1.54,3.16,0.49,0.08,3.61,1.033576371672262,0.3342541436464088,4.83,4.83,4.83,112.67858700000001,3.5323828858582322
RbTiO3,1.72,0.605,1.4,0.82,1.54,3.44,0.49,0.08,1.46,1.1003357393027573,0.43214285714285716,4.01,4.01,4.01,64.48120099999998,4.670030773141925
RbTiF3,1.72,0.605,1.33,0.82,1.54,3.98,0.49,0.08,3.4,1.1145610762888731,0.45488721804511273,3.87,3.87,3.87,57.960603000000006,5.452403187603834
RbMgI3,1.72,0.72,2.2,0.82,1.31,2.66,0.49,-0.42,3.05,0.9492666377572829,0.3272727272727272,5.84,5.84,5.84,199.17670399999997,4.089234447434249
RbMgBr3,1.72,0.72,1.96,0.82,1.31,2.96,0.49,-0.42,3.36,0.970952595062125,0.3673469387755102,5.359999999999999,5.359999999999999,5.359999999999999,153.99065599999994,3.768662157577569
RbMgCl3,1.72,0.72,1.81,0.82,1.31,3.16,0.49,-0.42,3.61,0.9865956275053409,0.39779005524861877,5.0600000000000005,5.0600000000000005,5.0600000000000005,129.55421600000003,2.770274164159274
RbMgO3,1.72,0.72,1.4,0.82,1.31,3.44,0.49,-0.42,1.46,1.0406477157085037,0.5142857142857143,4.24,4.24,4.24,76.225024,3.4372698666565458
RbMgF3,1.72,0.72,1.33,0.82,1.31,3.98,0.49,-0.42,3.4,1.052036918350717,0.5413533834586466,4.1,4.1,4.1,68.92099999999998,4.0176631458316425
RbCaI3,1.72,1.0,2.2,0.82,1.0,2.66,0.49,0.02,3.05,0.8662058069535206,0.45454545454545453,6.4,6.4,6.4,262.14400000000006,3.2068922130897644
RbCaBr3,1.72,1.0,1.96,0.82,1.0,2.96,0.49,0.02,3.36,0.8791057279616535,0.5102040816326531,5.92,5.92,5.92,207.474688,2.923373819329389
RbCaCl3,1.72,1.0,1.81,0.82,1.0,3.16,0.49,0.02,3.61,0.888287166401606,0.5524861878453039,5.62,5.62,5.62,177.50432800000002,2.169457020944855
RbCaO3,1.72,1.0,1.4,0.82,1.0,3.44,0.49,0.02,1.46,0.9192388155425119,0.7142857142857143,4.8,4.8,4.8,110.59199999999998,2.605914453716005
RbCaF3,1.72,1.0,1.33,0.82,1.0,3.98,0.49,0.02,3.4,0.9256118809523475,0.7518796992481203,4.66,4.66,4.66,101.19469600000001,2.995104356643859
RbSrI3,1.72,1.18,2.2,0.82,0.95,2.66,0.49,0.05,3.05,0.8200765036246349,0.5363636363636363,6.76,6.76,6.76,308.915776,2.9769001657455725
RbSrBr3,1.72,1.18,1.96,0.82,0.95,2.96,0.49,0.05,3.36,0.8287111320912405,0.6020408163265306,6.279999999999999,6.279999999999999,6.279999999999999,247.67315199999993,2.767639277834815
RbSrCl3,1.72,1.18,1.81,0.82,0.95,3.16,0.49,0.05,3.61,0.8348116848122115,0.6519337016574586,5.98,5.98,5.98,213.84719200000004,2.169922732000695
RbSrO3,1.72,1.18,1.4,0.82,0.95,3.44,0.49,0.05,1.46,0.8551058749232667,0.8428571428571429,5.16,5.16,5.16,137.38809600000002,2.6722632776931348
RbSrF3,1.72,1.18,1.33,0.82,0.95,3.98,0.49,0.05,3.4,0.8592333396888326,0.8872180451127819,5.02,5.02,5.02,126.50600799999997,3.0198767107287883
RbZnI3,1.72,0.74,2.2,0.82,1.65,2.66,0.49,-0.42,3.05,0.9428090415820631,0.3363636363636363,5.880000000000001,5.880000000000001,5.880000000000001,203.29747200000008,4.341815783622235
RbZnBr3,1.72,0.74,1.96,0.82,1.65,2.96,0.49,-0.42,3.36,0.9637603536172201,0.37755102040816324,5.4,5.4,5.4,157.46400000000003,4.118647382669242
RbZnCl3,1.72,0.74,1.81,0.82,1.65,3.16,0.49,-0.42,3.61,0.9788576225837305,0.4088397790055249,5.1,5.1,5.1,132.65099999999998,3.219731709671204
RbZnO3,1.72,0.74,1.4,0.82,1.65,3.44,0.49,-0.42,1.46,1.0309220361224432,0.5285714285714286,4.279999999999999,4.279999999999999,4.279999999999999,78.40275199999996,4.211662259728548
RbZnF3,1.72,0.74,1.33,0.82,1.65,3.98,0.49,-0.42,3.4,1.0418723104439465,0.556390977443609,4.140000000000001,4.140000000000001,4.140000000000001,70.95794400000003,4.863462436999967
RbCdI3,1.72,0.95,2.2,0.82,1.69,2.66,0.49,-0.42,3.05,0.8799551054765923,0.43181818181818177,6.300000000000001,6.300000000000001,6.300000000000001,250.04700000000008,3.8423862331815855
RbCdBr3,1.72,0.95,1.96,0.82,1.69,2.96,0.49,-0.42,3.36,0.8942106373768022,0.4846938775510204,5.82,5.82,5.82,197.13736800000004,3.6859357339745253
RbCdCl3,1.72,0.95,1.81,0.82,1.69,3.16,0.49,-0.42,3.61,0.9043793252132294,0.5248618784530387,5.52,5.52,5.52,168.19660799999997,3.00361353760387
RbCdO3,1.72,0.95,1.4,0.82,1.69,3.44,0.49,-0.42,1.46,0.9387970882136292,0.6785714285714286,4.699999999999999,4.699999999999999,4.699999999999999,103.82299999999995,3.932682444212875
RbCdF3,1.72,0.95,1.33,0.82,1.69,3.98,0.49,-0.42,3.4,0.9459103871135831,0.7142857142857142,4.5600000000000005,4.5600000000000005,4.5600000000000005,94.81881600000003,4.463230937190816
RbMnI3,1.72,0.67,2.2,0.82,1.55,2.66,0.49,-0.52,3.05,0.9658043840596746,0.30454545454545456,5.74,5.74,5.74,189.11922400000003,4.57565191585911
RbMnBr3,1.72,0.67,1.96,0.82,1.55,2.96,0.49,-0.52,3.36,0.9894117698731919,0.3418367346938776,5.26,5.26,5.26,145.53157599999997,4.337218600490648
RbMnCl3,1.72,0.67,1.81,0.82,1.55,3.16,0.49,-0.52,3.61,1.006486668382465,0.3701657458563536,4.96,4.96,4.96,122.02393599999999,3.3580640927767114
RbMnO3,1.72,0.67,1.4,0.82,1.55,3.44,0.49,-0.52,1.46,1.0657841339623324,0.47857142857142865,4.14,4.14,4.14,70.95794399999998,4.409224125469946
RbMnF3,1.72,0.67,1.33,0.82,1.55,3.98,0.49,-0.52,3.4,1.0783378413094848,0.5037593984962406,4.0,4.0,4.0,64.0,5.12132597143806
RbFeI3,1.72,0.645,2.2,0.82,1.83,2.66,0.49,0.16,3.05,0.9742912415645927,0.29318181818181815,5.69,5.69,5.69,184.22000900000003,4.7055413263669505
RbFeBr3,1.72,0.645,1.96,0.82,1.83,2.96,0.49,0.16,3.36,0.9989070843633376,0.32908163265306123,5.21,5.21,5.21,141.420761,4.473978076371132
RbFeCl3,1.72,0.645,1.81,0.82,1.83,3.16,0.49,0.16,3.61,1.0167360234576426,0.356353591160221,4.91,4.91,4.91,118.370771,3.474466883490071
RbFeO3,1.72,0.645,1.4,0.82,1.83,3.44,0.49,0.16,1.46,1.0788132798542924,0.46071428571428574,4.09,4.09,4.09,68.41792899999999,4.5950032256946685
RbFeF3,1.72,0.645,1.33,0.82,1.83,3.98,0.49,0.16,3.4,1.09198768740201,0.4849624060150376,3.95,3.95,3.95,61.629875000000006,5.342798245880577
RbCoI3,1.72,0.65,2.2,0.82,1.88,2.66,0.49,0.66,3.05,0.9725819586846548,0.2954545454545454,5.7,5.7,5.7,185.193,4.708436308969495
RbCoBr3,1.72,0.65,1.96,0.82,1.88,2.96,0.49,0.66,3.36,0.9969934692591934,0.3316326530612245,5.22,5.22,5.22,142.23664799999997,4.484273027381227
RbCoCl3,1.72,0.65,1.81,0.82,1.88,3.16,0.49,0.66,3.61,1.0146694868245987,0.35911602209944754,4.92,4.92,4.92,119.09548799999999,3.4962693438603063
RbCoO3,1.72,0.65,1.4,0.82,1.88,3.44,0.49,0.66,1.46,1.076182027952209,0.46428571428571436,4.1,4.1,4.1,68.92099999999998,4.635672499298399
RbCoF3,1.72,0.65,1.33,0.82,1.88,3.98,0.49,0.66,3.4,1.0892301427368534,0.48872180451127817,3.96,3.96,3.96,62.099136,5.384786157373194
RbNiI3,1.72,0.69,2.2,0.82,1.91,2.66,0.49,1.16,3.05,0.9591206166959398,0.3136363636363636,5.78,5.78,5.78,193.10055200000002,4.5135598922344
RbNiBr3,1.72,0.69,1.96,0.82,1.91,2.96,0.49,1.16,3.36,0.9819445112326395,0.3520408163265306,5.3,5.3,5.3,148.87699999999998,4.281584297373357
RbNiCl3,1.72,0.69,1.81,0.82,1.91,3.16,0.49,1.16,3.61,0.9984347750354051,0.38121546961325964,5.0,5.0,5.0,125.0,3.3279309199601466
RbNiO3,1.72,0.69,1.4,0.82,1.91,3.44,0.49,1.16,1.46,1.0555852427282433,0.4928571428571428,4.18,4.18,4.18,73.03463199999999,4.369114170831726
RbNiF3,1.72,0.69,1.33,0.82,1.91,3.98,0.49,1.16,3.4,1.067661229019292,0.5187969924812029,4.04,4.04,4.04,65.93926400000001,5.065146453957549
RbCuI3,1.72,0.73,2.2,0.82,1.9,2.66,0.49,1.24,3.05,0.9460268198809781,0.3318181818181818,5.86,5.86,5.86,201.23005600000002,4.371321723319909
RbCuBr3,1.72,0.73,1.96,0.82,1.9,2.96,0.49,1.24,3.36,0.9673431058611504,0.37244897959183676,5.38,5.38,5.38,155.72087199999999,4.145236445517798
RbCuCl3,1.72,0.73,1.81,0.82,1.9,3.16,0.49,1.24,3.61,0.982711392751383,0.4033149171270718,5.08,5.08,5.08,131.09651200000002,3.234729643281257
RbCuO3,1.72,0.73,1.4,0.82,1.9,3.44,0.49,1.24,1.46,1.0357620456817034,0.5214285714285715,4.26,4.26,4.26,77.308776,4.231952322396605
RbCuF3,1.72,0.73,1.33,0.82,1.9,3.98,0.49,1.24,3.4,1.0469299430189174,0.5488721804511277,4.12,4.12,4.12,69.934528,4.891181044767035
RbZrI3,1.72,0.72,2.2,0.82,1.33,2.66,0.49,0.43,3.05,0.9492666377572829,0.3272727272727272,5.84,5.84,5.84,199.17670399999997,4.647077125785713
RbZrBr3,1.72,0.72,1.96,0.82,1.33,2.96,0.49,0.43,3.36,0.970952595062125,0.3673469387755102,5.359999999999999,5.359999999999999,5.359999999999999,153.99065599999994,4.49019467721679
RbZrCl3,1.72,0.72,1.81,0.82,1.33,3.16,0.49,0.43,3.61,0.9865956275053409,0.39779005524861877,5.0600000000000005,5.0600000000000005,5.0600000000000005,129.55421600000003,3.627901723146444
RbZrO3,1.72,0.72,1.4,0.82,1.33,3.44,0.49,0.43,1.46,1.0406477157085037,0.5142857142857143,4.24,4.24,4.24,76.225024,4.894918027247175
RbZrF3,1.72,0.72,1.33,0.82,1.33,3.98,0.49,0.43,3.4,1.052036918350717,0.5413533834586466,4.1,4.1,4.1,68.92099999999998,5.629788129865196
KPbI3,1.64,1.19,2.2,0.82,2.33,2.66,0.5,0.36,3.05,0.8009705132024608,0.5409090909090909,6.78,6.78,6.78,311.66575200000005,3.340701776726963
KPbBr3,1.64,1.19,1.96,0.82,2.33,2.96,0.5,0.36,3.36,0.8081220356417685,0.6071428571428571,6.3,6.3,6.3,250.04699999999997,3.2275566202188997
KPbCl3,1.64,1.19,1.81,0.82,2.33,3.16,0.5,0.36,3.61,0.8131727983645296,0.6574585635359116,6.0,6.0,6.0,216.0,2.711124026716853
KPbO3,1.64,1.19,1.4,0.82,2.33,3.44,0.5,0.36,1.46,0.8299631717401947,0.85,5.18,5.18,5.18,138.991832,3.5160920132954443
KPbF3,1.64,1.19,1.33,0.82,2.33,3.98,0.5,0.36,3.4,0.8333758492555737,0.894736842105263,5.04,5.04,5.04,128.024064,3.933662455848868
KSnI3,1.64,1.1,2.2,0.82,1.96,2.66,0.5,1.11,3.05,0.8228151635625279,0.5,6.6000000000000005,6.6000000000000005,6.6000000000000005,287.4960000000001,3.110377845165716
KSnBr3,1.64,1.1,1.96,0.82,1.96,2.96,0.5,1.11,3.36,0.8318903308077029,0.5612244897959184,6.12,6.12,6.12,229.22092800000001,2.87966597769944
KSnCl3,1.64,1.1,1.81,0.82,1.96,3.16,0.5,1.11,3.61,0.8383224725407522,0.6077348066298343,5.82,5.82,5.82,197.13736800000004,2.2250558163749963
KSnO3,1.64,1.1,1.4,0.82,1.96,3.44,0.5,1.11,1.46,0.8598418459228417,0.7857142857142858,5.0,5.0,5.0,125.0,2.7339754234473603
KSnF3,1.64,1.1,1.33,0.82,1.96,3.98,0.5,1.11,3.4,0.8642416214502245,0.8270676691729324,4.86,4.86,4.86,114.79125600000002,3.1068769865573254
KGeI3,1.64,0.73,2.2,0.82,2.01,2.66,0.5,1.16,3.05,0.9267201500874888,0.3318181818181818,5.86,5.86,5.86,201.23005600000002,4.063599554886399
KGeBr3,1.64,0.73,1.96,0.82,2.01,2.96,0.5,1.16,3.36,0.946313907907647,0.37244897959183676,5.38,5.38,5.38,155.72087199999999,3.7475829492908
KGeCl3,1.64,0.73,1.81,0.82,2.01,3.16,0.5,1.16,3.61,0.9604403130289719,0.4033149171270718,5.08,5.08,5.08,131.09651200000002,2.762383367689143
KGeO3,1.64,0.73,1.4,0.82,2.01,3.44,0.5,1.16,1.46,1.0092040445103776,0.5214285714285715,4.26,4.26,4.26,77.308776,3.430970177933254
KGeF3,1.64,0.73,1.33,0.82,2.01,3.98,0.5,1.16,3.4,1.0194694854971096,0.5488721804511277,4.12,4.12,4.12,69.934528,4.00573931866692
KTiI3,1.64,0.605,2.2,0.82,1.54,2.66,0.5,0.08,3.05,0.9680178394853269,0.27499999999999997,5.61,5.61,5.61,176.55848100000003,4.398556519385008
KTiBr3,1.64,0.605,1.96,0.82,1.54,2.96,0.5,0.08,3.36,0.9924305700863824,0.3086734693877551,5.13,5.13,5.13,135.005697,4.018059892833961
KTiCl3,1.64,0.605,1.81,0.82,1.54,3.16,0.5,0.08,3.61,1.0101525445522108,0.3342541436464088,4.83,4.83,4.83,112.67858700000001,2.8490143914811354
KTiO3,1.64,0.605,1.4,0.82,1.54,3.44,0.5,0.08,1.46,1.0721220023975584,0.43214285714285716,4.01,4.01,4.01,64.48120099999998,3.4758688290005826
KTiF3,1.64,0.605,1.33,0.82,1.54,3.98,0.5,0.08,3.4,1.0853266874026075,0.45488721804511273,3.87,3.87,3.87,57.960603000000006,4.12389740330879
KMgI3,1.64,0.72,2.2,0.82,1.31,2.66,0.5,-0.42,3.05,0.9298938492316241,0.3272727272727272,5.84,5.84,5.84,199.17670399999997,3.7026380493598605
KMgBr3,1.64,0.72,1.96,0.82,1.31,2.96,0.5,-0.42,3.36,0.9498449299520787,0.3673469387755102,5.359999999999999,5.359999999999999,5.359999999999999,153.99065599999994,3.2686253478978395
KMgCl3,1.64,0.72,1.81,0.82,1.31,3.16,0.5,-0.42,3.61,0.9642365197998374,0.39779005524861877,5.0600000000000005,5.0600000000000005,5.0600000000000005,129.55421600000003,2.175920705629382
KMgO3,1.64,0.72,1.4,0.82,1.31,3.44,0.5,-0.42,1.46,1.0139644409467472,0.5142857142857143,4.24,4.24,4.24,76.225024,2.427089845634464
KMgF3,1.64,0.72,1.33,0.82,1.31,3.98,0.5,-0.42,3.4,1.0244425073775834,0.5413533834586466,4.1,4.1,4.1,68.92099999999998,2.9004275232096735
KCaI3,1.64,1.0,2.2,0.82,1.0,2.66,0.5,0.02,3.05,0.8485281374238568,0.45454545454545453,6.4,6.4,6.4,262.14400000000006,2.913156722875498
KCaBr3,1.64,1.0,1.96,0.82,1.0,2.96,0.5,0.02,3.36,0.8599947338755306,0.5102040816326531,5.92,5.92,5.92,207.474688,2.552239407276538
KCaCl3,1.64,1.0,1.81,0.82,1.0,3.16,0.5,0.02,3.61,0.8681560124888217,0.5524861878453039,5.62,5.62,5.62,177.50432800000002,1.7356591681582536
KCaO3,1.64,1.0,1.4,0.82,1.0,3.44,0.5,0.02,1.46,0.8956685895029602,0.7142857142857143,4.8,4.8,4.8,110.59199999999998,1.9096525509858917
KCaF3,1.64,1.0,1.33,0.82,1.0,3.98,0.5,0.02,3.4,0.9013335365339252,0.7518796992481203,4.66,4.66,4.66,101.19469600000001,2.2341850655109656
KSrI3,1.64,1.18,2.2,0.82,0.95,2.66,0.5,0.05,3.05,0.803340248448622,0.5363636363636363,6.76,6.76,6.76,308.915776,2.727638061544301
KSrBr3,1.64,1.18,1.96,0.82,0.95,2.96,0.5,0.05,3.36,0.8106956726979526,0.6020408163265306,6.279999999999999,6.279999999999999,6.279999999999999,247.67315199999993,2.4567416463195157
KSrCl3,1.64,1.18,1.81,0.82,0.95,3.16,0.5,0.05,3.61,0.8158924398306316,0.6519337016574586,5.98,5.98,5.98,213.84719200000004,1.809847878426145
KSrO3,1.64,1.18,1.4,0.82,0.95,3.44,0.5,0.05,1.46,0.8331800832585676,0.8428571428571429,5.16,5.16,5.16,137.38809600000002,2.111799899943663
KSrF3,1.64,1.18,1.33,0.82,0.95,3.98,0.5,0.05,3.4,0.8366960717625682,0.8872180451127819,5.02,5.02,5.02,126.50600799999997,2.4112020907318574
KZnI3,1.64,0.74,2.2,0.82,1.65,2.66,0.5,-0.42,3.05,0.9235680407334496,0.3363636363636363,5.880000000000001,5.880000000000001,5.880000000000001,203.29747200000008,3.9630555580807756
KZnBr3,1.64,0.74,1.96,0.82,1.65,2.96,0.5,-0.42,3.36,0.9428090415820631,0.37755102040816324,5.4,5.4,5.4,157.46400000000003,3.6296403947435665
KZnCl3,1.64,0.74,1.81,0.82,1.65,3.16,0.5,-0.42,3.61,0.9566738804288585,0.4088397790055249,5.1,5.1,5.1,132.65099999999998,2.6392536405520217
KZnO3,1.64,0.74,1.4,0.82,1.65,3.44,0.5,-0.42,1.46,1.0044881377603292,0.5285714285714286,4.279999999999999,4.279999999999999,4.279999999999999,78.40275199999996,3.2295411685361275
KZnF3,1.64,0.74,1.33,0.82,1.65,3.98,0.5,-0.42,3.4,1.01454451213722,0.556390977443609,4.140000000000001,4.140000000000001,4.140000000000001,70.95794400000003,3.778298577873374
KCdI3,1.64,0.95,2.2,0.82,1.69,2.66,0.5,-0.42,3.05,0.8619968380178863,0.43181818181818177,6.300000000000001,6.300000000000001,6.300000000000001,250.04700000000008,3.5344401416598767
KCdBr3,1.64,0.95,1.96,0.82,1.69,2.96,0.5,-0.42,3.36,0.8747712756946978,0.4846938775510204,5.82,5.82,5.82,197.13736800000004,3.2953400943557156
KCdCl3,1.64,0.95,1.81,0.82,1.69,3.16,0.5,-0.42,3.61,0.8838834764831844,0.5248618784530387,5.52,5.52,5.52,168.19660799999997,2.5458100345348385
KCdO3,1.64,0.95,1.4,0.82,1.69,3.44,0.5,-0.42,1.46,0.9147253680030233,0.6785714285714286,4.699999999999999,4.699999999999999,4.699999999999999,103.82299999999995,3.19102600636453
KCdF3,1.64,0.95,1.33,0.82,1.69,3.98,0.5,-0.42,3.4,0.9210996228614236,0.7142857142857142,4.5600000000000005,4.5600000000000005,4.5600000000000005,94.81881600000003,3.651145323859295
KMnI3,1.64,0.67,2.2,0.82,1.55,2.66,0.5,-0.52,3.05,0.9460940905074363,0.30454545454545456,5.74,5.74,5.74,189.11922400000003,4.168496076711162
KMnBr3,1.64,0.67,1.96,0.82,1.55,2.96,0.5,-0.52,3.36,0.9679028183542094,0.3418367346938776,5.26,5.26,5.26,145.53157599999997,3.808116954901868
KMnCl3,1.64,0.67,1.81,0.82,1.55,3.16,0.5,-0.52,3.61,0.9836767722151569,0.3701657458563536,4.96,4.96,4.96,122.02393599999999,2.727032191406732
KMnO3,1.64,0.67,1.4,0.82,1.55,3.44,0.5,-0.52,1.46,1.038456335655606,0.47857142857142865,4.14,4.14,4.14,70.95794399999998,3.324060266343353
KMnF3,1.64,0.67,1.33,0.82,1.55,3.98,0.5,-0.52,3.4,1.0500535700620228,0.5037593984962406,4.0,4.0,4.0,64.0,3.9181854035204253
KFeI3,1.64,0.645,2.2,0.82,1.83,2.66,0.5,0.16,3.05,0.9544077468387846,0.29318181818181815,5.69,5.69,5.69,184.22000900000003,4.287557434363511
KFeBr3,1.64,0.645,1.96,0.82,1.83,2.96,0.5,0.16,3.36,0.9771917129641347,0.32908163265306123,5.21,5.21,5.21,141.420761,3.9294965179192687
KFeCl3,1.64,0.645,1.81,0.82,1.83,3.16,0.5,0.16,3.61,0.9936938472886309,0.356353591160221,4.91,4.91,4.91,118.370771,2.8239600421793165
KFeO3,1.64,0.645,1.4,0.82,1.83,3.44,0.5,0.16,1.46,1.0511514008836695,0.46071428571428574,4.09,4.09,4.09,68.41792899999999,3.469552668038521
KFeF3,1.64,0.645,1.33,0.82,1.83,3.98,0.5,0.16,3.4,1.0633453874045802,0.4849624060150376,3.95,3.95,3.95,61.629875000000006,4.093388015099992
KCoI3,1.64,0.65,2.2,0.82,1.88,2.66,0.5,0.66,3.05,0.9527333472829271,0.2954545454545454,5.7,5.7,5.7,185.193,4.292648474943756
KCoBr3,1.64,0.65,1.96,0.82,1.88,2.96,0.5,0.66,3.36,0.9753196981883413,0.3316326530612245,5.22,5.22,5.22,142.23664799999997,3.942914682471913
KCoCl3,1.64,0.65,1.81,0.82,1.88,3.16,0.5,0.66,3.61,0.9916741443469873,0.35911602209944754,4.92,4.92,4.92,119.09548799999999,2.84972095113926
KCoO3,1.64,0.65,1.4,0.82,1.88,3.44,0.5,0.66,1.46,1.0485876169790753,0.46428571428571436,4.1,4.1,4.1,68.92099999999998,3.51843687667643
KCoF3,1.64,0.65,1.33,0.82,1.88,3.98,0.5,0.66,3.4,1.0606601717798212,0.48872180451127817,3.96,3.96,3.96,62.099136,4.144817273639792
KNiI3,1.64,0.69,2.2,0.82,1.91,2.66,0.5,1.16,3.05,0.939546726559288,0.3136363636363636,5.78,5.78,5.78,193.10055200000002,4.114798751734249
KNiBr3,1.64,0.69,1.96,0.82,1.91,2.96,0.5,1.16,3.36,0.9605978914232343,0.3520408163265306,5.3,5.3,5.3,148.87699999999998,3.764372126610051
KNiCl3,1.64,0.69,1.81,0.82,1.91,3.16,0.5,1.16,3.61,0.9758073580374356,0.38121546961325964,5.0,5.0,5.0,125.0,2.711922949186317
KNiO3,1.64,0.69,1.4,0.82,1.91,3.44,0.5,1.16,1.46,1.02851895445316,0.4928571428571428,4.18,4.18,4.18,73.03463199999999,3.314806176964807
KNiF3,1.64,0.69,1.33,0.82,1.91,3.98,0.5,1.16,3.4,1.0396570000614087,0.5187969924812029,4.04,4.04,4.04,65.93926400000001,3.8973900721646215
KCuI3,1.64,0.73,2.2,0.82,1.9,2.66,0.5,1.24,3.05,0.9267201500874888,0.3318181818181818,5.86,5.86,5.86,201.23005600000002,3.988670155868531
KCuBr3,1.64,0.73,1.96,0.82,1.9,2.96,0.5,1.24,3.36,0.946313907907647,0.37244897959183676,5.38,5.38,5.38,155.72087199999999,3.650755549297742
KCuCl3,1.64,0.73,1.81,0.82,1.9,3.16,0.5,1.24,3.61,0.9604403130289719,0.4033149171270718,5.08,5.08,5.08,131.09651200000002,2.6473685062684837
KCuO3,1.64,0.73,1.4,0.82,1.9,3.44,0.5,1.24,1.46,1.0092040445103776,0.5214285714285715,4.26,4.26,4.26,77.308776,3.23593349593467
KCuF3,1.64,0.73,1.33,0.82,1.9,3.98,0.5,1.24,3.4,1.0194694854971096,0.5488721804511277,4.12,4.12,4.12,69.934528,3.790136989007788
KZrI3,1.64,0.72,2.2,0.82,1.33,2.66,0.5,0.43,3.05,0.9298938492316241,0.3272727272727272,5.84,5.84,5.84,199.17670399999997,4.260480727711324
KZrBr3,1.64,0.72,1.96,0.82,1.33,2.96,0.5,0.43,3.36,0.9498449299520787,0.3673469387755102,5.359999999999999,5.359999999999999,5.359999999999999,153.99065599999994,3.990157867537061
KZrCl3,1.64,0.72,1.81,0.82,1.33,3.16,0.5,0.43,3.61,0.9642365197998374,0.39779005524861877,5.0600000000000005,5.0600000000000005,5.0600000000000005,129.55421600000003,3.033548264616552
KZrO3,1.64,0.72,1.4,0.82,1.33,3.44,0.5,0.43,1.46,1.0139644409467472,0.5142857142857143,4.24,4.24,4.24,76.225024,3.884738006225093
KZrF3,1.64,0.72,1.33,0.82,1.33,3.98,0.5,0.43,3.4,1.0244425073775834,0.5413533834586466,4.1,4.1,4.1,68.92099999999998,4.512552507243228
NaPbI3,1.39,1.19,2.2,0.93,2.33,2.66,0.55,0.36,3.05,0.7488239954158422,0.5409090909090909,6.78,6.78,6.78,311.66575200000005,3.254866520549816
NaPbBr3,1.39,1.19,1.96,0.93,2.33,2.96,0.55,0.36,3.36,0.7520024498333123,0.6071428571428571,6.3,6.3,6.3,250.04699999999997,3.1205690952153473
NaPbCl3,1.39,1.19,1.81,0.93,2.33,3.16,0.55,0.36,3.61,0.7542472332656507,0.6574585635359116,6.0,6.0,6.0,216.0,2.587272593084616
NaPbO3,1.39,1.19,1.4,0.93,2.33,3.44,0.55,0.36,1.46,0.7617096214326129,0.85,5.18,5.18,5.18,138.991832,3.3236209214361527
NaPbF3,1.39,1.19,1.33,0.93,2.33,3.98,0.55,0.36,3.4,0.7632263669950036,0.894736842105263,5.04,5.04,5.04,128.024064,3.7247024460763045
NaSnI3,1.39,1.1,2.2,0.93,1.96,2.66,0.55,1.11,3.05,0.7692464680180925,0.5,6.6000000000000005,6.6000000000000005,6.6000000000000005,287.4960000000001,3.017326429964937
NaSnBr3,1.39,1.1,1.96,0.93,1.96,2.96,0.55,1.11,3.36,0.7741201689460568,0.5612244897959184,6.12,6.12,6.12,229.22092800000001,2.762958005622112
NaSnCl3,1.39,1.1,1.81,0.93,1.96,3.16,0.55,1.11,3.61,0.7775744672841759,0.6077348066298343,5.82,5.82,5.82,197.13736800000004,2.0893539454614958
NaSnO3,1.39,1.1,1.4,0.93,1.96,3.44,0.55,1.11,1.46,0.789131167804187,0.7857142857142858,5.0,5.0,5.0,125.0,2.519960146130854
NaSnF3,1.39,1.1,1.33,0.93,1.96,3.98,0.55,1.11,3.4,0.7914940102170407,0.8270676691729324,4.86,4.86,4.86,114.79125600000002,2.873828663917112
NaGeI3,1.39,0.73,2.2,0.93,2.01,2.66,0.55,1.16,3.05,0.8663868069828345,0.3318181818181818,5.86,5.86,5.86,201.23005600000002,3.9306576365848738
NaGeBr3,1.39,0.73,1.96,0.93,2.01,2.96,0.55,1.16,3.36,0.8805976643029493,0.37244897959183676,5.38,5.38,5.38,155.72087199999999,3.575788960977125
NaGeCl3,1.39,0.73,1.81,0.93,2.01,3.16,0.55,1.16,3.61,0.8908431888964378,0.4033149171270718,5.08,5.08,5.08,131.09651200000002,2.55832065651218
NaGeO3,1.39,0.73,1.4,0.93,2.01,3.44,0.55,1.16,1.46,0.9262102908499847,0.5214285714285715,4.26,4.26,4.26,77.308776,3.084930426061316
NaGeF3,1.39,0.73,1.33,0.93,2.01,3.98,0.55,1.16,3.4,0.9336555557414606,0.5488721804511277,4.12,4.12,4.12,69.934528,3.623211396771697
NaTiI3,1.39,0.605,2.2,0.93,1.54,2.66,0.55,0.08,3.05,0.9049958447271677,0.27499999999999997,5.61,5.61,5.61,176.55848100000003,4.247037829866132
NaTiBr3,1.39,0.605,1.96,0.93,1.54,2.96,0.55,0.08,3.36,0.9235117804970502,0.3086734693877551,5.13,5.13,5.13,135.005697,3.819905961118299
NaTiCl3,1.39,0.605,1.81,0.93,1.54,3.16,0.55,0.08,3.61,0.9369530848020505,0.3342541436464088,4.83,4.83,4.83,112.67858700000001,2.6115965255243747
NaTiO3,1.39,0.605,1.4,0.93,1.54,3.44,0.55,0.08,1.46,0.9839540745688118,0.43214285714285716,4.01,4.01,4.01,64.48120099999998,3.0609896200267412
NaTiF3,1.39,0.605,1.33,0.93,1.54,3.98,0.55,0.08,3.4,0.9939692221330277,0.45488721804511273,3.87,3.87,3.87,57.960603000000006,3.662344067423667
NaMgI3,1.39,0.72,2.2,0.93,1.31,2.66,0.55,-0.42,3.05,0.8693538850889403,0.3272727272727272,5.84,5.84,5.84,199.17670399999997,3.568325606552477
NaMgBr3,1.39,0.72,1.96,0.93,1.31,2.96,0.55,-0.42,3.36,0.8838834764831843,0.3673469387755102,5.359999999999999,5.359999999999999,5.359999999999999,153.99065599999994,3.094901108002639
NaMgCl3,1.39,0.72,1.81,0.93,1.31,3.16,0.55,-0.42,3.61,0.894364308220139,0.39779005524861877,5.0600000000000005,5.0600000000000005,5.0600000000000005,129.55421600000003,1.9694287018140584
NaMgO3,1.39,0.72,1.4,0.93,1.31,3.44,0.55,-0.42,1.46,0.9305792073162582,0.5142857142857143,4.24,4.24,4.24,76.225024,2.07613017044219
NaMgF3,1.39,0.72,1.33,0.93,1.31,3.98,0.55,-0.42,3.4,0.938209973086541,0.5413533834586466,4.1,4.1,4.1,68.92099999999998,2.5122742801551143
NaCaI3,1.39,1.0,2.2,0.93,1.0,2.66,0.55,0.02,3.05,0.7932854201436578,0.45454545454545453,6.4,6.4,6.4,262.14400000000006,2.8111062862278415
NaCaBr3,1.39,1.0,1.96,0.93,1.0,2.96,0.55,0.02,3.36,0.8002728773563965,0.5102040816326531,5.92,5.92,5.92,207.474688,2.423298812534864
NaCaCl3,1.39,1.0,1.81,0.93,1.0,3.16,0.55,0.02,3.61,0.8052461565113709,0.5524861878453039,5.62,5.62,5.62,177.50432800000002,1.5849478589412564
NaCaO3,1.39,1.0,1.4,0.93,1.0,3.44,0.55,0.02,1.46,0.8220116331293615,0.7142857142857143,4.8,4.8,4.8,110.59199999999998,1.667755219672928
NaCaF3,1.39,1.0,1.33,0.93,1.0,3.98,0.55,0.02,3.4,0.8254637102263557,0.7518796992481203,4.66,4.66,4.66,101.19469600000001,1.9698242766355951
NaSrI3,1.39,1.18,2.2,0.93,0.95,2.66,0.55,0.05,3.05,0.7510394510235815,0.5363636363636363,6.76,6.76,6.76,308.915776,2.641038697759904
NaSrBr3,1.39,1.18,1.96,0.93,0.95,2.96,0.55,0.05,3.36,0.754397362093928,0.6020408163265306,6.279999999999999,6.279999999999999,6.279999999999999,247.67315199999993,2.34872868872384
NaSrCl3,1.39,1.18,1.81,0.93,0.95,3.16,0.55,0.05,3.61,0.7567697992631945,0.6519337016574586,5.98,5.98,5.98,213.84719200000004,1.6847496275940121
NaSrO3,1.39,1.18,1.4,0.93,0.95,3.44,0.55,0.05,1.46,0.7646619843063828,0.8428571428571429,5.16,5.16,5.16,137.38809600000002,1.917082086367127
NaSrF3,1.39,1.18,1.33,0.93,0.95,3.98,0.55,0.05,3.4,0.7662671094929917,0.8872180451127819,5.02,5.02,5.02,126.50600799999997,2.199734587429063
NaZnI3,1.39,0.74,2.2,0.93,1.65,2.66,0.55,-0.42,3.05,0.8634399130815322,0.3363636363636363,5.880000000000001,5.880000000000001,5.880000000000001,203.29747200000008,3.8314655810811438
NaZnBr3,1.39,0.74,1.96,0.93,1.65,2.96,0.55,-0.42,3.36,0.8773361914721977,0.37755102040816324,5.4,5.4,5.4,157.46400000000003,3.4597481675388515
NaZnCl3,1.39,0.74,1.81,0.93,1.65,3.16,0.55,-0.42,3.61,0.8873496861948832,0.4088397790055249,5.1,5.1,5.1,132.65099999999998,2.4375822648023986
NaZnO3,1.39,0.74,1.4,0.93,1.65,3.44,0.55,-0.42,1.46,0.9218822053787232,0.5285714285714286,4.279999999999999,4.279999999999999,4.279999999999999,78.40275199999996,2.88832980819302
NaZnF3,1.39,0.74,1.33,0.93,1.65,3.98,0.55,-0.42,3.4,0.9291451424286998,0.556390977443609,4.140000000000001,4.140000000000001,4.140000000000001,70.95794400000003,3.4012877999883315
NaCdI3,1.39,0.95,2.2,0.93,1.69,2.66,0.55,-0.42,3.05,0.8058772522094302,0.43181818181818177,6.300000000000001,6.300000000000001,6.300000000000001,250.04700000000008,3.4274526166563244
NaCdBr3,1.39,0.95,1.96,0.93,1.69,2.96,0.55,-0.42,3.36,0.8140232704381215,0.4846938775510204,5.82,5.82,5.82,197.13736800000004,3.1596382234422147
NaCdCl3,1.39,0.95,1.81,0.93,1.69,3.16,0.55,-0.42,3.61,0.8198339492017943,0.5248618784530387,5.52,5.52,5.52,168.19660799999997,2.386758612614586
NaCdO3,1.39,0.95,1.4,0.93,1.69,3.44,0.55,-0.42,1.46,0.8395012423448799,0.6785714285714286,4.699999999999999,4.699999999999999,4.699999999999999,103.82299999999995,2.9333575738923106
NaCdF3,1.39,0.95,1.33,0.93,1.69,3.98,0.55,-0.42,3.4,0.8435659845734249,0.7142857142857142,4.5600000000000005,4.5600000000000005,4.5600000000000005,94.81881600000003,3.3690081828032072
NaMnI3,1.39,0.67,2.2,0.93,1.55,2.66,0.55,-0.52,3.05,0.8844994231566918,0.30454545454545456,5.74,5.74,5.74,189.11922400000003,4.027040813207314
NaMnBr3,1.39,0.67,1.96,0.93,1.55,2.96,0.55,-0.52,3.36,0.9006873448573893,0.3418367346938776,5.26,5.26,5.26,145.53157599999997,3.6242949253475167
NaMnCl3,1.39,0.67,1.81,0.93,1.55,3.16,0.55,-0.52,3.61,0.9123958466923194,0.3701657458563536,4.96,4.96,4.96,122.02393599999999,2.5077972565119646
NaMnO3,1.39,0.67,1.4,0.93,1.55,3.44,0.55,-0.52,1.46,0.9530569659470858,0.47857142857142865,4.14,4.14,4.14,70.95794399999998,2.9470494884583105
NaMnF3,1.39,0.67,1.33,0.93,1.55,3.98,0.55,-0.52,3.4,0.9616652224137044,0.5037593984962406,4.0,4.0,4.0,64.0,3.5001868150116238
NaFeI3,1.39,0.645,2.2,0.93,1.83,2.66,0.55,0.16,3.05,0.8922718258206346,0.29318181818181815,5.69,5.69,5.69,184.22000900000003,4.142340257305599
NaFeBr3,1.39,0.645,1.96,0.93,1.83,2.96,0.55,0.16,3.36,0.9093311773416253,0.32908163265306123,5.21,5.21,5.21,141.420761,3.7403311543941546
NaFeCl3,1.39,0.645,1.81,0.93,1.83,3.16,0.55,0.16,3.61,0.9216870467604692,0.356353591160221,4.91,4.91,4.91,118.370771,2.59795906711966
NaFeO3,1.39,0.645,1.4,0.93,1.83,3.44,0.55,0.16,1.46,0.964708029100473,0.46071428571428574,4.09,4.09,4.09,68.41792899999999,3.078545368408577
NaFeF3,1.39,0.645,1.33,0.93,1.83,3.98,0.55,0.16,3.4,0.9738381999126121,0.4849624060150376,3.95,3.95,3.95,61.629875000000006,3.659314286010597
NaCoI3,1.39,0.65,2.2,0.93,1.88,2.66,0.55,0.66,3.05,0.8907064366525282,0.2954545454545454,5.7,5.7,5.7,185.193,4.14819425872304
NaCoBr3,1.39,0.65,1.96,0.93,1.88,2.96,0.55,0.66,3.36,0.9075891635919288,0.3316326530612245,5.22,5.22,5.22,142.23664799999997,3.754834394861625
NaCoCl3,1.39,0.65,1.81,0.93,1.88,3.16,0.55,0.66,3.61,0.919813699104452,0.35911602209944754,4.92,4.92,4.92,119.09548799999999,2.6250952317789826
NaCoO3,1.39,0.65,1.4,0.93,1.88,3.44,0.55,0.66,1.46,0.9623550826880329,0.46428571428571436,4.1,4.1,4.1,68.92099999999998,3.1302836336218713
NaCoF3,1.39,0.65,1.33,0.93,1.88,3.98,0.55,0.66,3.4,0.9713790125390954,0.48872180451127817,3.96,3.96,3.96,62.099136,3.714023684747295
NaNiI3,1.39,0.69,2.2,0.93,1.91,2.66,0.55,1.16,3.05,0.878378319882251,0.3136363636363636,5.78,5.78,5.78,193.10055200000002,3.9762599988022367
NaNiBr3,1.39,0.69,1.96,0.93,1.91,2.96,0.55,1.16,3.36,0.893889704518843,0.3520408163265306,5.3,5.3,5.3,148.87699999999998,3.584680772911607
NaNiCl3,1.39,0.69,1.81,0.93,1.91,3.16,0.55,1.16,3.61,0.9050966799187808,0.38121546961325964,5.0,5.0,5.0,125.0,2.497907671869811
NaNiO3,1.39,0.69,1.4,0.93,1.91,3.44,0.55,1.16,1.46,0.9439368035935253,0.4928571428571428,4.18,4.18,4.18,73.03463199999999,2.9485154333547996
NaNiF3,1.39,0.69,1.33,0.93,1.91,3.98,0.55,1.16,3.4,0.9521437845680242,0.5187969924812029,4.04,4.04,4.04,65.93926400000001,3.491684760310317
NaCuI3,1.39,0.73,2.2,0.93,1.9,2.66,0.55,1.24,3.05,0.8663868069828345,0.3318181818181818,5.86,5.86,5.86,201.23005600000002,3.8557282375670057
NaCuBr3,1.39,0.73,1.96,0.93,1.9,2.96,0.55,1.24,3.36,0.8805976643029493,0.37244897959183676,5.38,5.38,5.38,155.72087199999999,3.4789615609840667
NaCuCl3,1.39,0.73,1.81,0.93,1.9,3.16,0.55,1.24,3.61,0.8908431888964378,0.4033149171270718,5.08,5.08,5.08,131.09651200000002,2.4433057950915202
NaCuO3,1.39,0.73,1.4,0.93,1.9,3.44,0.55,1.24,1.46,0.9262102908499847,0.5214285714285715,4.26,4.26,4.26,77.308776,2.8898937440627313
NaCuF3,1.39,0.73,1.33,0.93,1.9,3.98,0.55,1.24,3.4,0.9336555557414606,0.5488721804511277,4.12,4.12,4.12,69.934528,3.4076090671125647
NaZrI3,1.39,0.72,2.2,0.93,1.33,2.66,0.55,0.43,3.05,0.8693538850889403,0.3272727272727272,5.84,5.84,5.84,199.17670399999997,4.126168284903939
NaZrBr3,1.39,0.72,1.96,0.93,1.33,2.96,0.55,0.43,3.36,0.8838834764831843,0.3673469387755102,5.359999999999999,5.359999999999999,5.359999999999999,153.99065599999994,3.8164336276418607
NaZrCl3,1.39,0.72,1.81,0.93,1.33,3.16,0.55,0.43,3.61,0.894364308220139,0.39779005524861877,5.0600000000000005,5.0600000000000005,5.0600000000000005,129.55421600000003,2.8270562608012284
NaZrO3,1.39,0.72,1.4,0.93,1.33,3.44,0.55,0.43,1.46,0.9305792073162582,0.5142857142857143,4.24,4.24,4.24,76.225024,3.5337783310328192
NaZrF3,1.39,0.72,1.33,0.93,1.33,3.98,0.55,0.43,3.4,0.938209973086541,0.5413533834586466,4.1,4.1,4.1,68.92099999999998,4.124399264188669
MAPbI3,2.17,1.19,2.2,2.55,2.33,2.66,0.6,0.36,3.05,0.9115211309100921,0.5409090909090909,6.78,6.78,6.78,311.66575200000005,3.3031921427426605
MAPbBr3,2.17,1.19,1.96,2.55,2.33,2.96,0.6,0.36,3.36,0.9270955575556956,0.6071428571428571,6.3,6.3,6.3,250.04699999999997,3.1808035366667577
MAPbCl3,2.17,1.19,1.81,2.55,2.33,3.16,0.6,0.36,3.61,0.938094996374153,0.6574585635359116,6.0,6.0,6.0,216.0,2.6570014883698048
MAPbO3,2.17,1.19,1.4,2.55,2.33,3.44,0.6,0.36,1.46,0.9746606983922681,0.85,5.18,5.18,5.18,138.991832,3.43198298246432
MAPbF3,2.17,1.19,1.33,2.55,2.33,3.98,0.6,0.36,3.4,0.9820927516479826,0.894736842105263,5.04,5.04,5.04,128.024064,3.842347839536091
MASnI3,2.17,1.1,2.2,2.55,1.96,2.66,0.6,1.11,3.05,0.936380798116731,0.5,6.6000000000000005,6.6000000000000005,6.6000000000000005,287.4960000000001,3.0697147810432153
MASnBr3,2.17,1.1,1.96,2.55,1.96,2.96,0.6,1.11,3.36,0.9543630739543926,0.5612244897959184,6.12,6.12,6.12,229.22092800000001,2.828665101012638
MASnCl3,2.17,1.1,1.81,2.55,1.96,3.16,0.6,1.11,3.61,0.9671082436846937,0.6077348066298343,5.82,5.82,5.82,197.13736800000004,2.1657546884276937
MASnO3,2.17,1.1,1.4,2.55,1.96,3.44,0.6,1.11,1.46,1.0097484835343897,0.7857142857142858,5.0,5.0,5.0,125.0,2.64045167718366
MASnF3,2.17,1.1,1.33,2.55,1.96,3.98,0.6,1.11,3.4,1.0184665572645744,0.8270676691729324,4.86,4.86,4.86,114.79125600000002,3.005035882188169
MAGeI3,2.17,0.73,2.2,2.55,2.01,2.66,0.6,1.16,3.05,1.0546268374693557,0.3318181818181818,5.86,5.86,5.86,201.23005600000002,4.005504514238184
MAGeBr3,2.17,0.73,1.96,2.55,2.01,2.96,0.6,1.16,3.36,1.0856323443496063,0.37244897959183676,5.38,5.38,5.38,155.72087199999999,3.672509722864464
MAGeCl3,2.17,0.73,1.81,2.55,2.01,3.16,0.6,1.16,3.61,1.1079862161899445,0.4033149171270718,5.08,5.08,5.08,131.09651200000002,2.6732088495832578
MAGeO3,2.17,0.73,1.4,2.55,2.01,3.44,0.6,1.16,1.46,1.1851508022704105,0.5214285714285715,4.26,4.26,4.26,77.308776,3.2797523099519728
MAGeF3,2.17,0.73,1.33,2.55,2.01,3.98,0.6,1.16,3.4,1.2013950165790857,0.5488721804511277,4.12,4.12,4.12,69.934528,3.838576278931205
MATiI3,2.17,0.605,2.2,2.55,1.54,2.66,0.6,0.08,3.05,1.1016244683726248,0.27499999999999997,5.61,5.61,5.61,176.55848100000003,4.332343510433246
MATiBr3,2.17,0.605,1.96,2.55,1.54,2.96,0.6,0.08,3.36,1.1385384040157664,0.3086734693877551,5.13,5.13,5.13,135.005697,3.9314674856782648
MATiCl3,2.17,0.605,1.81,2.55,1.54,3.16,0.6,0.08,3.61,1.1653353992225504,0.3342541436464088,4.83,4.83,4.83,112.67858700000001,2.7452638156688707
MATiO3,2.17,0.605,1.4,2.55,1.54,3.44,0.6,0.08,1.46,1.259038009394501,0.43214285714285716,4.01,4.01,4.01,64.48120099999998,3.2945684173819703
MATiF3,2.17,0.605,1.33,2.55,1.54,3.98,0.6,0.08,3.4,1.2790045137741168,0.45488721804511273,3.87,3.87,3.87,57.960603000000006,3.9222006010349686
MAMgI3,2.17,0.72,2.2,2.55,1.31,2.66,0.6,-0.42,3.05,1.058238573214114,0.3272727272727272,5.84,5.84,5.84,199.17670399999997,3.6439440954576896
MAMgBr3,2.17,0.72,1.96,2.55,1.31,2.96,0.6,-0.42,3.36,1.0896832113061348,0.3673469387755102,5.359999999999999,5.359999999999999,5.359999999999999,153.99065599999994,3.1927086099175663
MAMgCl3,2.17,0.72,1.81,2.55,1.31,3.16,0.6,-0.42,3.61,1.1123656083487978,0.39779005524861877,5.0600000000000005,5.0600000000000005,5.0600000000000005,129.55421600000003,2.085684597196119
MAMgO3,2.17,0.72,1.4,2.55,1.31,3.44,0.6,-0.42,1.46,1.190741136243384,0.5142857142857143,4.24,4.24,4.24,76.225024,2.273721992539889
MAMgF3,2.17,0.72,1.33,2.55,1.31,3.98,0.6,-0.42,3.4,1.2072554800745934,0.5413533834586466,4.1,4.1,4.1,68.92099999999998,2.730806242570065
MACaI3,2.17,1.0,2.2,2.55,1.0,2.66,0.6,0.02,3.05,0.9656426980578788,0.45454545454545453,6.4,6.4,6.4,262.14400000000006,2.8685611254826053
MACaBr3,2.17,1.0,1.96,2.55,1.0,2.96,0.6,0.02,3.36,0.986605069696095,0.5102040816326531,5.92,5.92,5.92,207.474688,2.4958929276377186
MACaCl3,2.17,1.0,1.81,2.55,1.0,3.16,0.6,0.02,3.61,1.0015249071610175,0.5524861878453039,5.62,5.62,5.62,177.50432800000002,1.6697989808902425
MACaO3,2.17,1.0,1.4,2.55,1.0,3.44,0.6,0.02,1.46,1.0518213370149894,0.7142857142857143,4.8,4.8,4.8,110.59199999999998,1.8039444682768127
MACaF3,2.17,1.0,1.33,2.55,1.0,3.98,0.6,0.02,3.4,1.0621775683059724,0.7518796992481203,4.66,4.66,4.66,101.19469600000001,2.1186605494536965
MASrI3,2.17,1.18,2.2,2.55,0.95,2.66,0.6,0.05,3.05,0.9142179389897079,0.5363636363636363,6.76,6.76,6.76,308.915776,2.689794515855775
MASrBr3,2.17,1.18,1.96,2.55,0.95,2.96,0.6,0.05,3.36,0.9300480911784845,0.6020408163265306,6.279999999999999,6.279999999999999,6.279999999999999,247.67315199999993,2.409540453180251
MASrCl3,2.17,1.18,1.81,2.55,0.95,3.16,0.6,0.05,3.61,0.9412324378335982,0.6519337016574586,5.98,5.98,5.98,213.84719200000004,1.7551804863803218
MASrO3,2.17,1.18,1.4,2.55,0.95,3.44,0.6,0.05,1.46,0.9784384530371993,0.8428571428571429,5.16,5.16,5.16,137.38809600000002,2.026709061484395
MASrF3,2.17,1.18,1.33,2.55,0.95,3.98,0.6,0.05,3.4,0.9860054717740703,0.8872180451127819,5.02,5.02,5.02,126.50600799999997,2.3187917106417477
MAZnI3,2.17,0.74,2.2,2.55,1.65,2.66,0.6,-0.42,3.05,1.0510396713555143,0.3363636363636363,5.880000000000001,5.880000000000001,5.880000000000001,203.29747200000008,3.905551309907131
MAZnBr3,2.17,0.74,1.96,2.55,1.65,2.96,0.6,-0.42,3.36,1.0816114838149782,0.37755102040816324,5.4,5.4,5.4,157.46400000000003,3.555398229658452
MAZnCl3,2.17,0.74,1.81,2.55,1.65,3.16,0.6,-0.42,3.61,1.103641172204886,0.4088397790055249,5.1,5.1,5.1,132.65099999999998,2.551124125637227
MAZnO3,2.17,0.74,1.4,2.55,1.65,3.44,0.6,-0.42,1.46,1.179612714409334,0.5285714285714286,4.279999999999999,4.279999999999999,4.279999999999999,78.40275199999996,3.0804332866729696
MAZnF3,2.17,0.74,1.33,2.55,1.65,3.98,0.6,-0.42,3.4,1.195591175919283,0.556390977443609,4.140000000000001,4.140000000000001,4.140000000000001,70.95794400000003,3.6135465060974155
MACdI3,2.17,0.95,2.2,2.55,1.69,2.66,0.6,-0.42,3.05,0.9809703599318134,0.43181818181818177,6.300000000000001,6.300000000000001,6.300000000000001,250.04700000000008,3.487687058107735
MACdBr3,2.17,0.95,1.96,2.55,1.69,2.96,0.6,-0.42,3.36,1.0035570468386394,0.4846938775510204,5.82,5.82,5.82,197.13736800000004,3.236038966408413
MACdCl3,2.17,0.95,1.81,2.55,1.69,3.16,0.6,-0.42,3.61,1.0196684743197315,0.5248618784530387,5.52,5.52,5.52,168.19660799999997,2.4763052542543553
MACdO3,2.17,0.95,1.4,2.55,1.69,3.44,0.6,-0.42,1.46,1.0742005143982871,0.6785714285714286,4.699999999999999,4.699999999999999,4.699999999999999,103.82299999999995,3.078426020976298
MACdF3,2.17,0.95,1.33,2.55,1.69,3.98,0.6,-0.42,3.4,1.0854709360319807,0.7142857142857142,4.5600000000000005,4.5600000000000005,4.5600000000000005,94.81881600000003,3.5278526191395643
MAMnI3,2.17,0.67,2.2,2.55,1.55,2.66,0.6,-0.52,3.05,1.0766747852910148,0.30454545454545456,5.74,5.74,5.74,189.11922400000003,4.106680741201101
MAMnBr3,2.17,0.67,1.96,2.55,1.55,2.96,0.6,-0.52,3.36,1.1103996221674681,0.3418367346938776,5.26,5.26,5.26,145.53157599999997,3.727787526716727
MAMnCl3,2.17,0.67,1.81,2.55,1.55,3.16,0.6,-0.52,3.61,1.1347923343235722,0.3701657458563536,4.96,4.96,4.96,122.02393599999999,2.631227477461409
MAMnO3,2.17,0.67,1.4,2.55,1.55,3.44,0.6,-0.52,1.46,1.2195029994376687,0.47857142857142865,4.14,4.14,4.14,70.95794399999998,3.159308194567394
MAMnF3,2.17,0.67,1.33,2.55,1.55,3.98,0.6,-0.52,3.4,1.2374368670764582,0.5037593984962406,4.0,4.0,4.0,64.0,3.735521836599137
MAFeI3,2.17,0.645,2.2,2.55,1.83,2.66,0.6,0.16,3.05,1.0861358993972627,0.29318181818181815,5.69,5.69,5.69,184.22000900000003,4.224098158976316
MAFeBr3,2.17,0.645,1.96,2.55,1.83,2.96,0.6,0.16,3.36,1.1210560484838545,0.32908163265306123,5.21,5.21,5.21,141.420761,3.8468320760063692
MAFeCl3,2.17,0.645,1.81,2.55,1.83,3.16,0.6,0.16,3.61,1.1463482644083336,0.356353591160221,4.91,4.91,4.91,118.370771,2.7251985980812417
MAFeO3,2.17,0.645,1.4,2.55,1.83,3.44,0.6,0.16,1.46,1.234411349064046,0.46071428571428574,4.09,4.09,4.09,68.41792899999999,3.298684177076708
MAFeF3,2.17,0.645,1.33,2.55,1.83,3.98,0.6,0.16,3.4,1.2531006248875525,0.4849624060150376,3.95,3.95,3.95,61.629875000000006,3.903699681593515
MACoI3,2.17,0.65,2.2,2.55,1.88,2.66,0.6,0.66,3.05,1.0842303978193728,0.2954545454545454,5.7,5.7,5.7,185.193,4.229522610127255
MACoBr3,2.17,0.65,1.96,2.55,1.88,2.96,0.6,0.66,3.36,1.1189084315327362,0.3316326530612245,5.22,5.22,5.22,142.23664799999997,3.8607244140190007
MACoCl3,2.17,0.65,1.81,2.55,1.88,3.16,0.6,0.66,3.61,1.144018288261162,0.35911602209944754,4.92,4.92,4.92,119.09548799999999,2.7515604878061533
MACoO3,2.17,0.65,1.4,2.55,1.88,3.44,0.6,0.66,1.46,1.2314005896760851,0.46428571428571436,4.1,4.1,4.1,68.92099999999998,3.3488155960368213
MACoF3,2.17,0.65,1.33,2.55,1.88,3.98,0.6,0.66,3.4,1.2499362293701597,0.48872180451127817,3.96,3.96,3.96,62.099136,3.9565623471467335
MANiI3,2.17,0.69,2.2,2.55,1.91,2.66,0.6,1.16,3.05,1.0692237487146063,0.3136363636363636,5.78,5.78,5.78,193.10055200000002,4.05425791867147
MANiBr3,2.17,0.69,1.96,2.55,1.91,2.96,0.6,1.16,3.36,1.1020192476605437,0.3520408163265306,5.3,5.3,5.3,148.87699999999998,3.685847785825629
MANiCl3,2.17,0.69,1.81,2.55,1.91,3.16,0.6,1.16,3.61,1.1257139956489837,0.38121546961325964,5.0,5.0,5.0,125.0,2.6183992029226175
MANiO3,2.17,0.69,1.4,2.55,1.91,3.44,0.6,1.16,1.46,1.207833114275586,0.4928571428571428,4.18,4.18,4.18,73.03463199999999,3.1547387135871254
MANiF3,2.17,0.69,1.33,2.55,1.91,3.98,0.6,1.16,3.4,1.2251850169073841,0.5187969924812029,4.04,4.04,4.04,65.93926400000001,3.7200986137254968
MACuI3,2.17,0.73,2.2,2.55,1.9,2.66,0.6,1.24,3.05,1.0546268374693557,0.3318181818181818,5.86,5.86,5.86,201.23005600000002,3.9305751152203166
MACuBr3,2.17,0.73,1.96,2.55,1.9,2.96,0.6,1.24,3.36,1.0856323443496063,0.37244897959183676,5.38,5.38,5.38,155.72087199999999,3.575682322871406
MACuCl3,2.17,0.73,1.81,2.55,1.9,3.16,0.6,1.24,3.61,1.1079862161899445,0.4033149171270718,5.08,5.08,5.08,131.09651200000002,2.558193988162598
MACuO3,2.17,0.73,1.4,2.55,1.9,3.44,0.6,1.24,1.46,1.1851508022704105,0.5214285714285715,4.26,4.26,4.26,77.308776,3.0847156279533885
MACuF3,2.17,0.73,1.33,2.55,1.9,3.98,0.6,1.24,3.4,1.2013950165790857,0.5488721804511277,4.12,4.12,4.12,69.934528,3.6229739492720725
MAZrI3,2.17,0.72,2.2,2.55,1.33,2.66,0.6,0.43,3.05,1.058238573214114,0.3272727272727272,5.84,5.84,5.84,199.17670399999997,4.201786773809152
MAZrBr3,2.17,0.72,1.96,2.55,1.33,2.96,0.6,0.43,3.36,1.0896832113061348,0.3673469387755102,5.359999999999999,5.359999999999999,5.359999999999999,153.99065599999994,3.9142411295567876
MAZrCl3,2.17,0.72,1.81,2.55,1.33,3.16,0.6,0.43,3.61,1.1123656083487978,0.39779005524861877,5.0600000000000005,5.0600000000000005,5.0600000000000005,129.55421600000003,2.9433121561832882
MAZrO3,2.17,0.72,1.4,2.55,1.33,3.44,0.6,0.43,1.46,1.190741136243384,0.5142857142857143,4.24,4.24,4.24,76.225024,3.731370153130518
MAZrF3,2.17,0.72,1.33,2.55,1.33,3.98,0.6,0.43,3.4,1.2072554800745934,0.5413533834586466,4.1,4.1,4.1,68.92099999999998,4.3429312266036195
FAPbI3,2.53,1.19,2.2,2.57,2.33,2.66,0.5,0.36,3.05,0.9866121165228229,0.5409090909090909,6.78,6.78,6.78,311.66575200000005,3.3724570918614014
FAPbBr3,2.53,1.19,1.96,2.57,2.33,2.96,0.5,0.36,3.36,1.0079077611198726,0.6071428571428571,6.3,6.3,6.3,250.04699999999997,3.267137355726111
FAPbCl3,2.53,1.19,1.81,2.57,2.33,3.16,0.5,0.36,3.61,1.0229478101165386,0.6574585635359116,6.0,6.0,6.0,216.0,2.7569436756583885
FAPbO3,2.53,1.19,1.4,2.57,2.33,3.44,0.5,0.36,1.46,1.072945810835186,0.85,5.18,5.18,5.18,138.991832,3.5872979541695216
FAPbF3,2.53,1.19,1.33,2.57,2.33,3.98,0.5,0.36,3.4,1.0831080061032037,0.894736842105263,5.04,5.04,5.04,128.024064,4.0109685798863906
FASnI3,2.53,1.1,2.2,2.57,1.96,2.66,0.5,1.11,3.05,1.0135197197007182,0.5,6.6000000000000005,6.6000000000000005,6.6000000000000005,287.4960000000001,3.144802825587606
FASnBr3,2.53,1.1,1.96,2.57,1.96,2.96,0.5,1.11,3.36,1.037552107035163,0.5612244897959184,6.12,6.12,6.12,229.22092800000001,2.922842856258154
FASnCl3,2.53,1.1,1.81,2.57,1.96,3.16,0.5,1.11,3.61,1.0545853712541635,0.6077348066298343,5.82,5.82,5.82,197.13736800000004,2.275259612194019
FASnO3,2.53,1.1,1.4,2.57,1.96,3.44,0.5,1.11,1.46,1.1115718600252527,0.7857142857142858,5.0,5.0,5.0,125.0,2.813151776818333
FASnF3,2.53,1.1,1.33,2.57,1.96,3.98,0.5,1.11,3.4,1.1232231174403593,0.8270676691729324,4.86,4.86,4.86,114.79125600000002,3.1930947396880307
FAGeI3,2.53,0.73,2.2,2.57,2.01,2.66,0.5,1.16,3.05,1.141506851540058,0.3318181818181818,5.86,5.86,5.86,201.23005600000002,4.112782288162443
FAGeBr3,2.53,0.73,1.96,2.57,2.01,2.96,0.5,1.16,3.36,1.180263735140371,0.37244897959183676,5.38,5.38,5.38,155.72087199999999,3.811139260299459
FAGeCl3,2.53,0.73,1.81,2.57,2.01,3.16,0.5,1.16,3.61,1.2082060749407937,0.4033149171270718,5.08,5.08,5.08,131.09651200000002,2.837877704040149
FAGeO3,2.53,0.73,1.4,2.57,2.01,3.44,0.5,1.16,1.46,1.3046618075413763,0.5214285714285715,4.26,4.26,4.26,77.308776,3.5589898502583166
FAGeF3,2.53,0.73,1.33,2.57,2.01,3.98,0.5,1.16,3.4,1.32496707542722,0.5488721804511277,4.12,4.12,4.12,69.934528,4.147258028443179
FATiI3,2.53,0.605,2.2,2.57,1.54,2.66,0.5,0.08,3.05,1.1923761408243743,0.27499999999999997,5.61,5.61,5.61,176.55848100000003,4.454611850827124
FATiBr3,2.53,0.605,1.96,2.57,1.54,2.96,0.5,0.08,3.36,1.2377814610244047,0.3086734693877551,5.13,5.13,5.13,135.005697,4.091368237528271
FATiCl3,2.53,0.605,1.81,2.57,1.54,3.16,0.5,0.08,3.61,1.2707426212627808,0.3342541436464088,4.83,4.83,4.83,112.67858700000001,2.9368486857767473
FATiO3,2.53,0.605,1.4,2.57,1.54,3.44,0.5,0.08,1.46,1.385999825467896,0.43214285714285716,4.01,4.01,4.01,64.48120099999998,3.6293561092913396
FATiF3,2.53,0.605,1.33,2.57,1.54,3.98,0.5,0.08,3.4,1.4105592637623117,0.45488721804511273,3.87,3.87,3.87,57.960603000000006,4.294652082506514
FAMgI3,2.53,0.72,2.2,2.57,1.31,2.66,0.5,-0.42,3.05,1.1454161215795788,0.3272727272727272,5.84,5.84,5.84,199.17670399999997,3.7523278171520404
FAMgBr3,2.53,0.72,1.96,2.57,1.31,2.96,0.5,-0.42,3.36,1.1846677043013427,0.3673469387755102,5.359999999999999,5.359999999999999,5.359999999999999,153.99065599999994,3.3328957681197764
FAMgCl3,2.53,0.72,1.81,2.57,1.31,3.16,0.5,-0.42,3.61,1.2129815930235635,0.39779005524861877,5.0600000000000005,5.0600000000000005,5.0600000000000005,129.55421600000003,2.252313774700725
FAMgO3,2.53,0.72,1.4,2.57,1.31,3.44,0.5,-0.42,1.46,1.3108158726712882,0.5142857142857143,4.24,4.24,4.24,76.225024,2.5569296758111215
FAMgF3,2.53,0.72,1.33,2.57,1.31,3.98,0.5,-0.42,3.4,1.3314303294536942,0.5413533834586466,4.1,4.1,4.1,68.92099999999998,3.0440273573875243
FACaI3,2.53,1.0,2.2,2.57,1.0,2.66,0.5,0.02,3.05,1.0451922109413654,0.45454545454545453,6.4,6.4,6.4,262.14400000000006,2.950910950213799
FACaBr3,2.53,1.0,1.96,2.57,1.0,2.96,0.5,0.02,3.36,1.0726045430836482,0.5102040816326531,5.92,5.92,5.92,207.474688,2.5999418246980395
FACaCl3,2.53,1.0,1.81,2.57,1.0,3.16,0.5,0.02,3.61,1.0921150997685467,0.5524861878453039,5.62,5.62,5.62,177.50432800000002,1.7914158039703765
FACaO3,2.53,1.0,1.4,2.57,1.0,3.44,0.5,0.02,1.46,1.1578873541929715,0.7142857142857143,4.8,4.8,4.8,110.59199999999998,1.9991440528248277
FACaF3,2.53,1.0,1.33,2.57,1.0,3.98,0.5,0.02,3.4,1.1714301181888724,0.7518796992481203,4.66,4.66,4.66,101.19469600000001,2.3319870705821764
FASrI3,2.53,1.18,2.2,2.57,0.95,2.66,0.5,0.05,3.05,0.9895310872817663,0.5363636363636363,6.76,6.76,6.76,308.915776,2.7596760632919737
FASrBr3,2.53,1.18,1.96,2.57,0.95,2.96,0.5,0.05,3.36,1.01111765844828,0.6020408163265306,6.279999999999999,6.279999999999999,6.279999999999999,247.67315199999993,2.4967017473294613
FASrCl3,2.53,1.18,1.81,2.57,0.95,3.16,0.5,0.05,3.61,1.0263690402507075,0.6519337016574586,5.98,5.98,5.98,213.84719200000004,1.8561287955558479
FASrO3,2.53,1.18,1.4,2.57,0.95,3.44,0.5,0.05,1.46,1.0771045155283454,0.8428571428571429,5.16,5.16,5.16,137.38809600000002,2.183837030230203
FASrF3,2.53,1.18,1.33,2.57,0.95,3.98,0.5,0.05,3.4,1.0874231774422605,0.8872180451127819,5.02,5.02,5.02,126.50600799999997,2.48943587842178
FAZnI3,2.53,0.74,2.2,2.57,1.65,2.66,0.5,-0.42,3.05,1.1376241751742753,0.3363636363636363,5.880000000000001,5.880000000000001,5.880000000000001,203.29747200000008,4.01173813181869
FAZnBr3,2.53,0.74,1.96,2.57,1.65,2.96,0.5,-0.42,3.36,1.1758923879731844,0.37755102040816324,5.4,5.4,5.4,157.46400000000003,3.692493136775851
FAZnCl3,2.53,0.74,1.81,2.57,1.65,3.16,0.5,-0.42,3.61,1.2034680119018102,0.4088397790055249,5.1,5.1,5.1,132.65099999999998,2.713863286701479
FAZnO3,2.53,0.74,1.4,2.57,1.65,3.44,0.5,-0.42,1.46,1.2985652570388466,0.5285714285714286,4.279999999999999,4.279999999999999,4.279999999999999,78.40275199999996,3.3557745457952786
FAZnF3,2.53,0.74,1.33,2.57,1.65,3.98,0.5,-0.42,3.4,1.318566268299552,0.556390977443609,4.140000000000001,4.140000000000001,4.140000000000001,70.95794400000003,3.917776184092794
FACdI3,2.53,0.95,2.2,2.57,1.69,2.66,0.5,-0.42,3.05,1.0617825634959903,0.43181818181818177,6.300000000000001,6.300000000000001,6.300000000000001,250.04700000000008,3.5740208771670883
FACdBr3,2.53,0.95,1.96,2.57,1.69,2.96,0.5,-0.42,3.36,1.0910341744081093,0.4846938775510204,5.82,5.82,5.82,197.13736800000004,3.3455438901747385
FACdCl3,2.53,0.95,1.81,2.57,1.69,3.16,0.5,-0.42,3.61,1.1118997936049335,0.5248618784530387,5.52,5.52,5.52,168.19660799999997,2.604652149658656
FACdO3,2.53,0.95,1.4,2.57,1.69,3.44,0.5,-0.42,1.46,1.1825232553460137,0.6785714285714286,4.699999999999999,4.699999999999999,4.699999999999999,103.82299999999995,3.2863521303579772
FACdF3,2.53,0.95,1.33,2.57,1.69,3.98,0.5,-0.42,3.4,1.1971193751666986,0.7142857142857142,4.5600000000000005,4.5600000000000005,4.5600000000000005,94.81881600000003,3.7555238068322487
FAMnI3,2.53,0.67,2.2,2.57,1.55,2.66,0.5,-0.52,3.05,1.1653711062760872,0.30454545454545456,5.74,5.74,5.74,189.11922400000003,4.220828377796385
FAMnBr3,2.53,0.67,1.96,2.57,1.55,2.96,0.5,-0.52,3.36,1.207189904002889,0.3418367346938776,5.26,5.26,5.26,145.53157599999997,3.8761231185358804
FAMnCl3,2.53,0.67,1.81,2.57,1.55,3.16,0.5,-0.52,3.61,1.2374368670764582,0.3701657458563536,4.96,4.96,4.96,122.02393599999999,2.8081395912808986
FAMnO3,2.53,0.67,1.4,2.57,1.55,3.44,0.5,-0.52,1.46,1.342478091817938,0.47857142857142865,4.14,4.14,4.14,70.95794399999998,3.463537872562773
FAMnF3,2.53,0.67,1.33,2.57,1.55,3.98,0.5,-0.52,3.4,1.3647160876900366,0.5037593984962406,4.0,4.0,4.0,64.0,4.072826718698107
FAFeI3,2.53,0.645,2.2,2.57,1.83,2.66,0.5,0.16,3.05,1.1756116256633988,0.29318181818181815,5.69,5.69,5.69,184.22000900000003,4.341281480003807
FAFeBr3,2.53,0.645,1.96,2.57,1.83,2.96,0.5,0.16,3.36,1.2187752197802681,0.32908163265306123,5.21,5.21,5.21,141.420761,3.999479482947802
FAFeCl3,2.53,0.645,1.81,2.57,1.83,3.16,0.5,0.16,3.61,1.2500380571688863,0.356353591160221,4.91,4.91,4.91,118.370771,2.9075705829214358
FAFeO3,2.53,0.645,1.4,2.57,1.83,3.44,0.5,0.16,1.46,1.3588898044318491,0.46071428571428574,4.09,4.09,4.09,68.41792899999999,3.6142083791368744
FAFeF3,2.53,0.645,1.33,2.57,1.83,3.98,0.5,0.16,3.4,1.3819909748759864,0.4849624060150376,3.95,3.95,3.95,61.629875000000006,4.253976433807179
FACoI3,2.53,0.65,2.2,2.57,1.88,2.66,0.5,0.66,3.05,1.1735491491271475,0.2954545454545454,5.7,5.7,5.7,185.193,4.346090258225908
FACoBr3,2.53,0.65,1.96,2.57,1.88,2.96,0.5,0.66,3.36,1.2164404013515704,0.3316326530612245,5.22,5.22,5.22,142.23664799999997,4.0124962165598905
FACoCl3,2.53,0.65,1.81,2.57,1.88,3.16,0.5,0.66,3.61,1.247497329410413,0.35911602209944754,4.92,4.92,4.92,119.09548799999999,2.93282270702922
FACoO3,2.53,0.65,1.4,2.57,1.88,3.44,0.5,0.66,1.46,1.3555754390551862,0.46428571428571436,4.1,4.1,4.1,68.92099999999998,3.662036710854281
FACoF3,2.53,0.65,1.33,2.57,1.88,3.98,0.5,0.66,3.4,1.3785010986768047,0.48872180451127817,3.96,3.96,3.96,62.099136,4.304192183000393
FANiI3,2.53,0.69,2.2,2.57,1.91,2.66,0.5,1.16,3.05,1.1573062543295398,0.3136363636363636,5.78,5.78,5.78,193.10055200000002,4.166052070633988
FANiBr3,2.53,0.69,1.96,2.57,1.91,2.96,0.5,1.16,3.36,1.1980790368028673,0.3520408163265306,5.3,5.3,5.3,148.87699999999998,3.8308501196605
FANiCl3,2.53,0.69,1.81,2.57,1.91,3.16,0.5,1.16,3.61,1.2275373721398464,0.38121546961325964,5.0,5.0,5.0,125.0,2.7910993025572908
FANiO3,2.53,0.69,1.4,2.57,1.91,3.44,0.5,1.16,1.46,1.3296314115134602,0.4928571428571428,4.18,4.18,4.18,73.03463199999999,3.4503178363015947
FANiF3,2.53,0.69,1.33,2.57,1.91,3.98,0.5,1.16,3.4,1.351204047217858,0.5187969924812029,4.04,4.04,4.04,65.93926400000001,4.047483409138653
FACuI3,2.53,0.73,2.2,2.57,1.9,2.66,0.5,1.24,3.05,1.141506851540058,0.3318181818181818,5.86,5.86,5.86,201.23005600000002,4.037852889144577
FACuBr3,2.53,0.73,1.96,2.57,1.9,2.96,0.5,1.24,3.36,1.180263735140371,0.37244897959183676,5.38,5.38,5.38,155.72087199999999,3.714311860306401
FACuCl3,2.53,0.73,1.81,2.57,1.9,3.16,0.5,1.24,3.61,1.2082060749407937,0.4033149171270718,5.08,5.08,5.08,131.09651200000002,2.7228628426194894
FACuO3,2.53,0.73,1.4,2.57,1.9,3.44,0.5,1.24,1.46,1.3046618075413763,0.5214285714285715,4.26,4.26,4.26,77.308776,3.3639531682597323
FACuF3,2.53,0.73,1.33,2.57,1.9,3.98,0.5,1.24,3.4,1.32496707542722,0.5488721804511277,4.12,4.12,4.12,69.934528,3.9316556987840463
FAZrI3,2.53,0.72,2.2,2.57,1.33,2.66,0.5,0.43,3.05,1.1454161215795788,0.3272727272727272,5.84,5.84,5.84,199.17670399999997,4.310170495503503
FAZrBr3,2.53,0.72,1.96,2.57,1.33,2.96,0.5,0.43,3.36,1.1846677043013427,0.3673469387755102,5.359999999999999,5.359999999999999,5.359999999999999,153.99065599999994,4.054428287758998
FAZrCl3,2.53,0.72,1.81,2.57,1.33,3.16,0.5,0.43,3.61,1.2129815930235635,0.39779005524861877,5.0600000000000005,5.0600000000000005,5.0600000000000005,129.55421600000003,3.1099413336878943
FAZrO3,2.53,0.72,1.4,2.57,1.33,3.44,0.5,0.43,1.46,1.3108158726712882,0.5142857142857143,4.24,4.24,4.24,76.225024,4.014577836401751
FAZrF3,2.53,0.72,1.33,2.57,1.33,3.98,0.5,0.43,3.4,1.3314303294536942,0.5413533834586466,4.1,4.1,4.1,68.92099999999998,4.656152341421079
LiPbI3,0.92,1.19,2.2,0.98,2.33,2.66,0.62,0.36,3.05,0.6507885419769994,0.5409090909090909,6.78,6.78,6.78,311.66575200000005,3.1693509487532165
LiPbBr3,0.92,1.19,1.96,0.98,2.33,2.96,0.62,0.36,3.36,0.6464976285134149,0.6071428571428571,6.3,6.3,6.3,250.04699999999997,3.0139800339920693
LiPbCl3,0.92,1.19,1.81,0.98,2.33,3.16,0.62,0.36,3.61,0.6434671708797581,0.6574585635359116,6.0,6.0,6.0,216.0,2.463882431086018
LiPbO3,0.92,1.19,1.4,0.98,2.33,3.44,0.62,0.36,1.46,0.6333929468543591,0.85,5.18,5.18,5.18,138.991832,3.1318666679078078
LiPbF3,0.92,1.19,1.33,0.98,2.33,3.98,0.62,0.36,3.4,0.6313453403451317,0.894736842105263,5.04,5.04,5.04,128.024064,3.5165206858745894
LiSnI3,0.92,1.1,2.2,0.98,1.96,2.66,0.62,1.11,3.05,0.6685373203945539,0.5,6.6000000000000005,6.6000000000000005,6.6000000000000005,287.4960000000001,2.924621574969747
LiSnBr3,0.92,1.1,1.96,0.98,1.96,2.96,0.62,1.11,3.36,0.6655122646461623,0.5612244897959184,6.12,6.12,6.12,229.22092800000001,2.6466847001074556
LiSnCl3,0.92,1.1,1.81,0.98,1.96,3.16,0.62,1.11,3.61,0.6633682174018125,0.6077348066298343,5.82,5.82,5.82,197.13736800000004,1.9541574818884548
LiSnO3,0.92,1.1,1.4,0.98,1.96,3.44,0.62,1.11,1.46,0.656195092941116,0.7857142857142858,5.0,5.0,5.0,125.0,2.3067419461972767
LiSnF3,0.92,1.1,1.33,0.98,1.96,3.98,0.62,1.11,3.4,0.654728501098655,0.8270676691729324,4.86,4.86,4.86,114.79125600000002,2.6416483052345914
LiGeI3,0.92,0.73,2.2,0.98,2.01,2.66,0.62,1.16,3.05,0.7529601219460846,0.3318181818181818,5.86,5.86,5.86,201.23005600000002,3.7982108464706914
LiGeBr3,0.92,0.73,1.96,0.98,2.01,2.96,0.62,1.16,3.36,0.7570511263261177,0.37244897959183676,5.38,5.38,5.38,155.72087199999999,3.404634801297765
LiGeCl3,0.92,0.73,1.81,0.98,2.01,3.16,0.62,1.16,3.61,0.7600005955272734,0.4033149171270718,5.08,5.08,5.08,131.09651200000002,2.3550179554327104
LiGeO3,0.92,0.73,1.4,0.98,2.01,3.44,0.62,1.16,1.46,0.7701820339684461,0.5214285714285715,4.26,4.26,4.26,77.308776,2.740179462836945
LiGeF3,0.92,0.73,1.33,0.98,2.01,3.98,0.62,1.16,3.4,0.7723253678008407,0.5488721804511277,4.12,4.12,4.12,69.934528,3.242108159874222
LiTiI3,0.92,0.605,2.2,0.98,1.54,2.66,0.62,0.08,3.05,0.7865144945818282,0.27499999999999997,5.61,5.61,5.61,176.55848100000003,4.096083455764459
LiTiBr3,0.92,0.605,1.96,0.98,1.54,2.96,0.62,0.08,3.36,0.7939444560691059,0.3086734693877551,5.13,5.13,5.13,135.005697,3.6224900328727148
LiTiCl3,0.92,0.605,1.81,0.98,1.54,3.16,0.62,0.08,3.61,0.7993381004717494,0.3342541436464088,4.83,4.83,4.83,112.67858700000001,2.3750628974296495
LiTiO3,0.92,0.605,1.4,0.98,1.54,3.44,0.62,0.08,1.46,0.8181983702507681,0.43214285714285716,4.01,4.01,4.01,64.48120099999998,2.647655585015558
LiTiF3,0.92,0.605,1.33,0.98,1.54,3.98,0.62,0.08,3.4,0.822217187426218,0.45488721804511273,3.87,3.87,3.87,57.960603000000006,3.2025097383761048
LiMgI3,0.92,0.72,2.2,0.98,1.31,2.66,0.62,-0.42,3.05,0.7555387525006947,0.3272727272727272,5.84,5.84,5.84,199.17670399999997,3.434513396306759
LiMgBr3,0.92,0.72,1.96,0.98,1.31,2.96,0.62,-0.42,3.36,0.759875943961663,0.3673469387755102,5.359999999999999,5.359999999999999,5.359999999999999,153.99065599999994,2.92182388576068
LiMgCl3,0.92,0.72,1.81,0.98,1.31,3.16,0.62,-0.42,3.61,0.763004550450306,0.39779005524861877,5.0600000000000005,5.0600000000000005,5.0600000000000005,129.55421600000003,1.763705755741064
LiMgO3,0.92,0.72,1.4,0.98,1.31,3.44,0.62,-0.42,1.46,0.7738149680909386,0.5142857142857143,4.24,4.24,4.24,76.225024,1.7264776076342454
LiMgF3,0.92,0.72,1.33,0.98,1.31,3.98,0.62,-0.42,3.4,0.7760928086193815,0.5413533834586466,4.1,4.1,4.1,68.92099999999998,2.1255666730150975
LiCaI3,0.92,1.0,2.2,0.98,1.0,2.66,0.62,0.02,3.05,0.6894291116568837,0.45454545454545453,6.4,6.4,6.4,262.14400000000006,2.709435925694329
LiCaBr3,0.92,1.0,1.96,0.98,1.0,2.96,0.62,0.02,3.36,0.6879957871004245,0.5102040816326531,5.92,5.92,5.92,207.474688,2.2948384434719302
LiCaCl3,0.92,1.0,1.81,0.98,1.0,3.16,0.62,0.02,3.61,0.6869756272737632,0.5524861878453039,5.62,5.62,5.62,177.50432800000002,1.4347978581384755
LiCaO3,0.92,1.0,1.4,0.98,1.0,3.44,0.62,0.02,1.46,0.6835365551469959,0.7142857142857143,4.8,4.8,4.8,110.59199999999998,1.4267588095194166
LiCaF3,0.92,1.0,1.33,0.98,1.0,3.98,0.62,0.02,3.4,0.6828284367681252,0.7518796992481203,4.66,4.66,4.66,101.19469600000001,1.7064480717038948
LiSrI3,0.92,1.18,2.2,0.98,0.95,2.66,0.62,0.05,3.05,0.6527139518645054,0.5363636363636363,6.76,6.76,6.76,308.915776,2.554761864194443
LiSrBr3,0.92,1.18,1.96,0.98,0.95,2.96,0.62,0.05,3.36,0.6485565381583621,0.6020408163265306,6.279999999999999,6.279999999999999,6.279999999999999,247.67315199999993,2.241118014024238
LiSrCl3,0.92,1.18,1.81,0.98,0.95,3.16,0.62,0.05,3.61,0.6456192349964128,0.6519337016574586,5.98,5.98,5.98,213.84719200000004,1.5601172920349973
LiSrO3,0.92,1.18,1.4,0.98,0.95,3.44,0.62,0.05,1.46,0.6358479582762753,0.8428571428571429,5.16,5.16,5.16,137.38809600000002,1.7230894788001867
LiSrF3,0.92,1.18,1.33,0.98,0.95,3.98,0.62,0.05,3.4,0.633860660426188,0.8872180451127819,5.02,5.02,5.02,126.50600799999997,1.9890546725929465
LiZnI3,0.92,0.74,2.2,0.98,1.65,2.66,0.62,-0.42,3.05,0.7503990330959278,0.3363636363636363,5.880000000000001,5.880000000000001,5.880000000000001,203.29747200000008,3.700365697105719
LiZnBr3,0.92,0.74,1.96,0.98,1.65,2.96,0.62,-0.42,3.36,0.7542472332656506,0.37755102040816324,5.4,5.4,5.4,157.46400000000003,3.2904886860592932
LiZnCl3,0.92,0.74,1.81,0.98,1.65,3.16,0.62,-0.42,3.61,0.7570202010350097,0.4088397790055249,5.1,5.1,5.1,132.65099999999998,2.236661992873072
LiZnO3,0.92,0.74,1.4,0.98,1.65,3.44,0.62,-0.42,1.46,0.7665830525013039,0.5285714285714286,4.279999999999999,4.279999999999999,4.279999999999999,78.40275199999996,2.5483892536612465
LiZnF3,0.92,0.74,1.33,0.98,1.65,3.98,0.62,-0.42,3.4,0.7685943273766819,0.556390977443609,4.140000000000001,4.140000000000001,4.140000000000001,70.95794400000003,3.025681159078653
LiCdI3,0.92,0.95,2.2,0.98,1.69,2.66,0.62,-0.42,3.05,0.7003724308895326,0.43181818181818177,6.300000000000001,6.300000000000001,6.300000000000001,250.04700000000008,3.3208635554330463
LiCdBr3,0.92,0.95,1.96,0.98,1.69,2.96,0.62,-0.42,3.36,0.6998170205557582,0.4846938775510204,5.82,5.82,5.82,197.13736800000004,3.024441759869174
LiCdCl3,0.92,0.95,1.81,0.98,1.69,3.16,0.62,-0.42,3.61,0.6994208379127808,0.5248618784530387,5.52,5.52,5.52,168.19660799999997,2.228299560980815
LiCdO3,0.92,0.95,1.4,0.98,1.69,3.44,0.62,-0.42,1.46,0.6980798861075703,0.6785714285714286,4.699999999999999,4.699999999999999,4.699999999999999,103.82299999999995,2.6766488003864675
LiCdF3,0.92,0.95,1.33,0.98,1.69,3.98,0.62,-0.42,3.4,0.6978027445919875,0.7142857142857142,4.5600000000000005,4.5600000000000005,4.5600000000000005,94.81881600000003,3.087921831844162
LiMnI3,0.92,0.67,2.2,0.98,1.55,2.66,0.62,-0.52,3.05,0.768701448537292,0.30454545454545456,5.74,5.74,5.74,189.11922400000003,3.886112384949291
LiMnBr3,0.92,0.67,1.96,0.98,1.55,2.96,0.62,-0.52,3.36,0.7743222546833676,0.3418367346938776,5.26,5.26,5.26,145.53157599999997,3.4411575216015624
LiMnCl3,0.92,0.67,1.81,0.98,1.55,3.16,0.62,-0.52,3.61,0.778387706709385,0.3701657458563536,4.96,4.96,4.96,122.02393599999999,2.289378839065595
LiMnO3,0.92,0.67,1.4,0.98,1.55,3.44,0.62,-0.52,1.46,0.7925061508950677,0.47857142857142865,4.14,4.14,4.14,70.95794399999998,2.5714428475486315
LiMnF3,0.92,0.67,1.33,0.98,1.55,3.98,0.62,-0.52,3.4,0.795495128834866,0.5037593984962406,4.0,4.0,4.0,64.0,3.083745018266357
LiFeI3,0.92,0.645,2.2,0.98,1.83,2.66,0.62,0.16,3.05,0.7754562943065125,0.29318181818181815,5.69,5.69,5.69,184.22000900000003,3.997663926344736
LiFeBr3,0.92,0.645,1.96,0.98,1.83,2.96,0.62,0.16,3.36,0.7817533703713078,0.32908163265306123,5.21,5.21,5.21,141.420761,3.5518703173626163
LiFeCl3,0.92,0.645,1.81,0.98,1.83,3.16,0.62,0.16,3.61,0.7863142617675253,0.356353591160221,4.91,4.91,4.91,118.370771,2.3727998089131126
LiFeO3,0.92,0.645,1.4,0.98,1.83,3.44,0.62,0.16,1.46,0.8021944901480635,0.46071428571428574,4.09,4.09,4.09,68.41792899999999,2.688994334326602
LiFeF3,0.92,0.645,1.33,0.98,1.83,3.98,0.62,0.16,3.4,0.8055646874277123,0.4849624060150376,3.95,3.95,3.95,61.629875000000006,3.2268572188544957
LiCoI3,0.92,0.65,2.2,0.98,1.88,2.66,0.62,0.66,3.05,0.7740958446673784,0.2954545454545454,5.7,5.7,5.7,185.193,4.004278047032009
LiCoBr3,0.92,0.65,1.96,0.98,1.88,2.96,0.62,0.66,3.36,0.7802557585506731,0.3316326530612245,5.22,5.22,5.22,142.23664799999997,3.567454592493834
LiCoCl3,0.92,0.65,1.81,0.98,1.88,3.16,0.62,0.66,3.61,0.7847160620484855,0.35911602209944754,4.92,4.92,4.92,119.09548799999999,2.401306107276658
LiCoO3,0.92,0.65,1.4,0.98,1.88,3.44,0.62,0.66,1.46,0.8002379182208732,0.46428571428571436,4.1,4.1,4.1,68.92099999999998,2.7435760264818536
LiCoF3,0.92,0.65,1.33,0.98,1.88,3.98,0.62,0.66,3.4,0.8035304331665313,0.48872180451127817,3.96,3.96,3.96,62.099136,3.284834541251046
LiNiI3,0.92,0.69,2.2,0.98,1.91,2.66,0.62,1.16,3.05,0.7633817153294216,0.3136363636363636,5.78,5.78,5.78,193.10055200000002,3.8382372188792817
LiNiBr3,0.92,0.69,1.96,0.98,1.91,2.96,0.62,1.16,3.36,0.7684783131385874,0.3520408163265306,5.3,5.3,5.3,148.87699999999998,3.4056586607539394
LiNiCl3,0.92,0.69,1.81,0.98,1.91,3.16,0.62,1.16,3.61,0.7721606050557098,0.38121546961325964,5.0,5.0,5.0,125.0,2.2846894719362343
LiNiO3,0.92,0.69,1.4,0.98,1.91,3.44,0.62,1.16,1.46,0.7849223599774116,0.4928571428571428,4.18,4.18,4.18,73.03463199999999,2.5835889010803967
LiNiF3,0.92,0.69,1.33,0.98,1.91,3.98,0.62,1.16,3.4,0.7876189394404612,0.5187969924812029,4.04,4.04,4.04,65.93926400000001,3.0874904552040747
LiCuI3,0.92,0.73,2.2,0.98,1.9,2.66,0.62,1.24,3.05,0.7529601219460846,0.3318181818181818,5.86,5.86,5.86,201.23005600000002,3.723281447452824
LiCuBr3,0.92,0.73,1.96,0.98,1.9,2.96,0.62,1.24,3.36,0.7570511263261177,0.37244897959183676,5.38,5.38,5.38,155.72087199999999,3.307807401304707
LiCuCl3,0.92,0.73,1.81,0.98,1.9,3.16,0.62,1.24,3.61,0.7600005955272734,0.4033149171270718,5.08,5.08,5.08,131.09651200000002,2.2400030940120508
LiCuO3,0.92,0.73,1.4,0.98,1.9,3.44,0.62,1.24,1.46,0.7701820339684461,0.5214285714285715,4.26,4.26,4.26,77.308776,2.5451427808383604
LiCuF3,0.92,0.73,1.33,0.98,1.9,3.98,0.62,1.24,3.4,0.7723253678008407,0.5488721804511277,4.12,4.12,4.12,69.934528,3.02650583021509
LiZrI3,0.92,0.72,2.2,0.98,1.33,2.66,0.62,0.43,3.05,0.7555387525006947,0.3272727272727272,5.84,5.84,5.84,199.17670399999997,3.992356074658222
LiZrBr3,0.92,0.72,1.96,0.98,1.33,2.96,0.62,0.43,3.36,0.759875943961663,0.3673469387755102,5.359999999999999,5.359999999999999,5.359999999999999,153.99065599999994,3.6433564053999015
LiZrCl3,0.92,0.72,1.81,0.98,1.33,3.16,0.62,0.43,3.61,0.763004550450306,0.39779005524861877,5.0600000000000005,5.0600000000000005,5.0600000000000005,129.55421600000003,2.6213333147282336
LiZrO3,0.92,0.72,1.4,0.98,1.33,3.44,0.62,0.43,1.46,0.7738149680909386,0.5142857142857143,4.24,4.24,4.24,76.225024,3.1841257682248747
LiZrF3,0.92,0.72,1.33,0.98,1.33,3.98,0.62,0.43,3.4,0.7760928086193815,0.5413533834586466,4.1,4.1,4.1,68.92099999999998,3.7376916570486514
BaPbI3,1.61,1.19,2.2,0.89,2.33,2.66,0.14,0.36,3.05,0.7947129310680667,0.5409090909090909,6.78,6.78,6.78,311.66575200000005,3.864078388414187
BaPbBr3,1.61,1.19,1.96,0.89,2.33,2.96,0.14,0.36,3.36,0.8013876853447539,0.6071428571428571,6.3,6.3,6.3,250.04699999999997,3.8799082391573823
BaPbCl3,1.61,1.19,1.81,0.89,2.33,3.16,0.14,0.36,3.61,0.8061017305526641,0.6574585635359116,6.0,6.0,6.0,216.0,3.466302569590514
BaPbO3,1.61,1.19,1.4,0.89,2.33,3.44,0.14,0.36,1.46,0.8217727457032848,0.85,5.18,5.18,5.18,138.991832,4.689675834110978
BaPbF3,1.61,1.19,1.33,0.89,2.33,3.98,0.14,0.36,3.4,0.8249579113843055,0.894736842105263,5.04,5.04,5.04,128.024064,5.207786711588092
BaSnI3,1.61,1.1,2.2,0.89,1.96,2.66,0.14,1.11,3.05,0.8163869200971958,0.5,6.6000000000000005,6.6000000000000005,6.6000000000000005,287.4960000000001,3.677754661749984
BaSnBr3,1.61,1.1,1.96,0.89,1.96,2.96,0.14,1.11,3.36,0.8249579113843055,0.5612244897959184,6.12,6.12,6.12,229.22092800000001,3.5912875852199835
BaSnCl3,1.61,1.1,1.81,0.89,1.96,3.16,0.14,1.11,3.61,0.831032711909963,0.6077348066298343,5.82,5.82,5.82,197.13736800000004,3.0524918672647026
BaSnO3,1.61,1.1,1.4,0.89,1.96,3.44,0.14,1.11,1.46,0.8513565645486031,0.7857142857142858,5.0,5.0,5.0,125.0,4.038923945533046
BaSnF3,1.61,1.1,1.33,0.89,1.96,3.98,0.14,1.11,3.4,0.8555119081022426,0.8270676691729324,4.86,4.86,4.86,114.79125600000002,4.5278786459582
BaGeI3,1.61,0.73,2.2,0.89,2.01,2.66,0.14,1.16,3.05,0.9194801489149304,0.3318181818181818,5.86,5.86,5.86,201.23005600000002,4.874206918931016
BaGeBr3,1.61,0.73,1.96,0.89,2.01,2.96,0.14,1.16,3.36,0.9384279586750834,0.37244897959183676,5.38,5.38,5.38,155.72087199999999,4.795089061770769
BaGeCl3,1.61,0.73,1.81,0.89,2.01,3.16,0.14,1.16,3.61,0.9520886581330678,0.4033149171270718,5.08,5.08,5.08,131.09651200000002,4.0066465656353305
BaGeO3,1.61,0.73,1.4,0.89,2.01,3.44,0.14,1.16,1.46,0.9992447940711304,0.5214285714285715,4.26,4.26,4.26,77.308776,5.540931992109575
BaGeF3,1.61,0.73,1.33,0.89,2.01,3.98,0.14,1.16,3.4,1.009171813926432,0.5488721804511277,4.12,4.12,4.12,69.934528,6.338186107479318
BaTiI3,1.61,0.605,2.2,0.89,1.54,2.66,0.14,0.08,3.05,0.960455200114348,0.27499999999999997,5.61,5.61,5.61,176.55848100000003,5.32243490991506
BaTiBr3,1.61,0.605,1.96,0.89,1.54,2.96,0.14,0.08,3.36,0.9841603153356626,0.3086734693877551,5.13,5.13,5.13,135.005697,5.226294573928276
BaTiCl3,1.61,0.605,1.81,0.89,1.54,3.16,0.14,0.08,3.61,1.0013686093821914,0.3342541436464088,4.83,4.83,4.83,112.67858700000001,4.296659144611655
BaTiO3,1.61,0.605,1.4,0.89,1.54,3.44,0.14,0.08,1.46,1.0615418510581087,0.43214285714285716,4.01,4.01,4.01,64.48120099999998,6.005576134866533
BaTiF3,1.61,0.605,1.33,0.89,1.54,3.98,0.14,0.08,3.4,1.0743637915702582,0.45488721804511273,3.87,3.87,3.87,57.960603000000006,6.938198097535707
BaMgI3,1.61,0.72,2.2,0.89,1.31,2.66,0.14,-0.42,3.05,0.9226290535345022,0.3272727272727272,5.84,5.84,5.84,199.17670399999997,4.521602124901099
BaMgBr3,1.61,0.72,1.96,0.89,1.31,2.96,0.14,-0.42,3.36,0.9419295555358116,0.3673469387755102,5.359999999999999,5.359999999999999,5.359999999999999,153.99065599999994,4.3279010825288475
BaMgCl3,1.61,0.72,1.81,0.89,1.31,3.16,0.14,-0.42,3.61,0.9558518544102735,0.39779005524861877,5.0600000000000005,5.0600000000000005,5.0600000000000005,129.55421600000003,3.434996406112265
BaMgO3,1.61,0.72,1.4,0.89,1.31,3.44,0.14,-0.42,1.46,1.0039582129110884,0.5142857142857143,4.24,4.24,4.24,76.225024,4.56705067084471
BaMgF3,1.61,0.72,1.33,0.89,1.31,3.98,0.14,-0.42,3.4,1.0140946032626585,0.5413533834586466,4.1,4.1,4.1,68.92099999999998,5.267174454634215
BaCaI3,1.61,1.0,2.2,0.89,1.0,2.66,0.14,0.02,3.05,0.8418990113502332,0.45454545454545453,6.4,6.4,6.4,262.14400000000006,3.5354046677482045
BaCaBr3,1.61,1.0,1.96,0.89,1.0,2.96,0.14,0.02,3.36,0.8528281110932346,0.5102040816326531,5.92,5.92,5.92,207.474688,3.338448880986945
BaCaCl3,1.61,1.0,1.81,0.89,1.0,3.16,0.14,0.02,3.61,0.8606068297715275,0.5524861878453039,5.62,5.62,5.62,177.50432800000002,2.6546145936322216
BaCaO3,1.61,1.0,1.4,0.89,1.0,3.44,0.14,0.02,1.46,0.8868297547381283,0.7142857142857143,4.8,4.8,4.8,110.59199999999998,3.384610642536011
BaCaF3,1.61,1.0,1.33,0.89,1.0,3.98,0.14,0.02,3.4,0.892229157377017,0.7518796992481203,4.66,4.66,4.66,101.19469600000001,3.8461130786225497
BaSrI3,1.61,1.18,2.2,0.89,0.95,2.66,0.14,0.05,3.05,0.7970641527576172,0.5363636363636363,6.76,6.76,6.76,308.915776,3.255673784979516
BaSrBr3,1.61,1.18,1.96,0.89,0.95,2.96,0.14,0.05,3.36,0.8039398754254697,0.6020408163265306,6.279999999999999,6.279999999999999,6.279999999999999,247.67315199999993,3.1153457943408194
BaSrCl3,1.61,1.18,1.81,0.89,0.95,3.16,0.14,0.05,3.61,0.8087977229625392,0.6519337016574586,5.98,5.98,5.98,213.84719200000004,2.5726288330655245
BaSrO3,1.61,1.18,1.4,0.89,0.95,3.44,0.14,0.05,1.46,0.8249579113843053,0.8428571428571429,5.16,5.16,5.16,137.38809600000002,3.2990830053206444
BaSrF3,1.61,1.18,1.33,0.89,0.95,3.98,0.14,0.05,3.4,0.8282445962902192,0.8872180451127819,5.02,5.02,5.02,126.50600799999997,3.7006156754266715
BaZnI3,1.61,0.74,2.2,0.89,1.65,2.66,0.14,-0.42,3.05,0.9163526654152196,0.3363636363636363,5.880000000000001,5.880000000000001,5.880000000000001,203.29747200000008,4.765419520878654
BaZnBr3,1.61,0.74,1.96,0.89,1.65,2.96,0.14,-0.42,3.36,0.9349522995688795,0.37755102040816324,5.4,5.4,5.4,157.46400000000003,4.665550604446805
BaZnCl3,1.61,0.74,1.81,0.89,1.65,3.16,0.14,-0.42,3.61,0.9483549771207813,0.4088397790055249,5.1,5.1,5.1,132.65099999999998,3.868935778347521
BaZnO3,1.61,0.74,1.4,0.89,1.65,3.44,0.14,-0.42,1.46,0.9945754258745365,0.5285714285714286,4.279999999999999,4.279999999999999,4.279999999999999,78.40275199999996,5.310062082658005
BaZnF3,1.61,0.74,1.33,0.89,1.65,3.98,0.14,-0.42,3.4,1.0042965877721979,0.556390977443609,4.140000000000001,4.140000000000001,4.140000000000001,70.95794400000003,6.0771048293723
BaCdI3,1.61,0.95,2.2,0.89,1.69,2.66,0.14,-0.42,3.05,0.8552624877208717,0.43181818181818177,6.300000000000001,6.300000000000001,6.300000000000001,250.04700000000008,4.186791760598359
BaCdBr3,1.61,0.95,1.96,0.89,1.69,2.96,0.14,-0.42,3.36,0.8674815150639088,0.4846938775510204,5.82,5.82,5.82,197.13736800000004,4.122776145245422
BaCdCl3,1.61,0.95,1.81,0.89,1.69,3.16,0.14,-0.42,3.61,0.8761975332094176,0.5248618784530387,5.52,5.52,5.52,168.19660799999997,3.5156189218859484
BaCdO3,1.61,0.95,1.4,0.89,1.69,3.44,0.14,-0.42,1.46,0.905698472924046,0.6785714285714286,4.699999999999999,4.699999999999999,4.699999999999999,103.82299999999995,4.762147677484714
BaCdF3,1.61,0.95,1.33,0.89,1.69,3.98,0.14,-0.42,3.4,0.9117955862668639,0.7142857142857142,4.5600000000000005,4.5600000000000005,4.5600000000000005,94.81881600000003,5.371463844401787
BaMnI3,1.61,0.67,2.2,0.89,1.55,2.66,0.14,-0.52,3.05,0.9387027304253471,0.30454545454545456,5.74,5.74,5.74,189.11922400000003,5.031013179999989
BaMnBr3,1.61,0.67,1.96,0.89,1.55,2.96,0.14,-0.52,3.36,0.9598369615345912,0.3418367346938776,5.26,5.26,5.26,145.53157599999997,4.928963507547672
BaMnCl3,1.61,0.67,1.81,0.89,1.55,3.16,0.14,-0.52,3.61,0.9751230611524163,0.3701657458563536,4.96,4.96,4.96,122.02393599999999,4.063807340675075
BaMnO3,1.61,0.67,1.4,0.89,1.55,3.44,0.14,-0.52,1.46,1.0282084112905834,0.47857142857142865,4.14,4.14,4.14,70.95794399999998,5.62286651784228
BaMnF3,1.61,0.67,1.33,0.89,1.55,3.98,0.14,-0.52,3.4,1.039446968344225,0.5037593984962406,4.0,4.0,4.0,64.0,6.466912985719031
BaFeI3,1.61,0.645,2.2,0.89,1.83,2.66,0.14,0.16,3.05,0.9469514363166067,0.29318181818181815,5.69,5.69,5.69,184.22000900000003,5.173012636250462
BaFeBr3,1.61,0.645,1.96,0.89,1.83,2.96,0.14,0.16,3.36,0.9690484486894337,0.32908163265306123,5.21,5.21,5.21,141.420761,5.082923808985187
BaFeCl3,1.61,0.645,1.81,0.89,1.83,3.16,0.14,0.16,3.61,0.9850530312252513,0.356353591160221,4.91,4.91,4.91,118.370771,4.2019908168602615
BaFeO3,1.61,0.645,1.4,0.89,1.83,3.44,0.14,0.16,1.46,1.0407781962696858,0.46071428571428574,4.09,4.09,4.09,68.41792899999999,5.853702080990071
BaFeF3,1.61,0.645,1.33,0.89,1.83,3.98,0.14,0.16,3.4,1.0526045249055442,0.4849624060150376,3.95,3.95,3.95,61.629875000000006,6.74013304355755
BaCoI3,1.61,0.65,2.2,0.89,1.88,2.66,0.14,0.66,3.05,0.9452901180072795,0.2954545454545454,5.7,5.7,5.7,185.193,5.173451557461512
BaCoBr3,1.61,0.65,1.96,0.89,1.88,2.96,0.14,0.66,3.36,0.967192034036772,0.3316326530612245,5.22,5.22,5.22,142.23664799999997,5.089725771978963
BaCoCl3,1.61,0.65,1.81,0.89,1.88,3.16,0.14,0.66,3.61,0.983050890917883,0.35911602209944754,4.92,4.92,4.92,119.09548799999999,4.219366166084018
BaCoO3,1.61,0.65,1.4,0.89,1.88,3.44,0.14,0.66,1.46,1.03823971286415,0.46428571428571436,4.1,4.1,4.1,68.92099999999998,5.8851838081009715
BaCoF3,1.61,0.65,1.33,0.89,1.88,3.98,0.14,0.66,3.4,1.0499464326709342,0.48872180451127817,3.96,3.96,3.96,62.099136,6.771561794863256
BaNiI3,1.61,0.69,2.2,0.89,1.91,2.66,0.14,1.16,3.05,0.9322065177580436,0.3136363636363636,5.78,5.78,5.78,193.10055200000002,4.959532563063337
BaNiBr3,1.61,0.69,1.96,0.89,1.91,2.96,0.14,1.16,3.36,0.9525929089947075,0.3520408163265306,5.3,5.3,5.3,148.87699999999998,4.860032069117697
BaNiCl3,1.61,0.69,1.81,0.89,1.91,3.16,0.14,1.16,3.61,0.9673220766631969,0.38121546961325964,5.0,5.0,5.0,125.0,4.016871471272003
BaNiO3,1.61,0.69,1.4,0.89,1.91,3.44,0.14,1.16,1.46,1.0183690963500038,0.4928571428571428,4.18,4.18,4.18,73.03463199999999,5.548247501906525
BaNiF3,1.61,0.69,1.33,0.89,1.91,3.98,0.14,1.16,3.4,1.0291554142022028,0.5187969924812029,4.04,4.04,4.04,65.93926400000001,6.371159953198034
BaCuI3,1.61,0.73,2.2,0.89,1.9,2.66,0.14,1.24,3.05,0.9194801489149304,0.3318181818181818,5.86,5.86,5.86,201.23005600000002,4.799277519913148
BaCuBr3,1.61,0.73,1.96,0.89,1.9,2.96,0.14,1.24,3.36,0.9384279586750834,0.37244897959183676,5.38,5.38,5.38,155.72087199999999,4.69826166177771
BaCuCl3,1.61,0.73,1.81,0.89,1.9,3.16,0.14,1.24,3.61,0.9520886581330678,0.4033149171270718,5.08,5.08,5.08,131.09651200000002,3.8916317042146713
BaCuO3,1.61,0.73,1.4,0.89,1.9,3.44,0.14,1.24,1.46,0.9992447940711304,0.5214285714285715,4.26,4.26,4.26,77.308776,5.34589531011099
BaCuF3,1.61,0.73,1.33,0.89,1.9,3.98,0.14,1.24,3.4,1.009171813926432,0.5488721804511277,4.12,4.12,4.12,69.934528,6.122583777820187
BaZrI3,1.61,0.72,2.2,0.89,1.33,2.66,0.14,0.43,3.05,0.9226290535345022,0.3272727272727272,5.84,5.84,5.84,199.17670399999997,5.079444803252562
BaZrBr3,1.61,0.72,1.96,0.89,1.33,2.96,0.14,0.43,3.36,0.9419295555358116,0.3673469387755102,5.359999999999999,5.359999999999999,5.359999999999999,153.99065599999994,5.049433602168069
BaZrCl3,1.61,0.72,1.81,0.89,1.33,3.16,0.14,0.43,3.61,0.9558518544102735,0.39779005524861877,5.0600000000000005,5.0600000000000005,5.0600000000000005,129.55421600000003,4.292623965099435
BaZrO3,1.61,0.72,1.4,0.89,1.33,3.44,0.14,0.43,1.46,1.0039582129110884,0.5142857142857143,4.24,4.24,4.24,76.225024,6.024698831435338
BaZrF3,1.61,0.72,1.33,0.89,1.33,3.98,0.14,0.43,3.4,1.0140946032626585,0.5413533834586466,4.1,4.1,4.1,68.92099999999998,6.879299438667768
