formula,A_site,B_site,X_site,rA,rB,rX,chi_A,chi_B,chi_X,EA_A,EA_B,EA_X,tolerance_factor,octahedral_factor,volume,density,chi_diff_BX,r_ratio_BX,bond_len_BX,inv_bond_sq,stability_index,lattice_strain,packing_index,PC1_Size,PC2_Shape,Stability_Tag,B_site_encoded
CsPbI3,Cs,Pb,I,1.88,1.19,2.2,0.79,2.33,2.66,0.47,0.36,3.05,0.8510311702776147,0.5409090909090909,311.66575200000005,3.8404750249837245,0.33000000000000007,0.5409090909090909,3.39,0.08701629815264399,0.4603304966501643,0.0,0.6,0.0,0.0,1,0
CsPbBr3,Cs,Pb,Br,1.88,1.19,1.96,0.79,2.33,2.96,0.47,0.36,3.36,0.8619968380178864,0.6071428571428571,250.04699999999997,3.850488330047157,0.6299999999999999,0.6071428571428571,3.15,0.10078105316200554,0.5233552230822881,0.0,0.6,0.0,0.0,1,0
CsPbCl3,Cs,Pb,Cl,1.88,1.19,1.81,0.79,2.33,3.16,0.47,0.36,3.61,0.8697413408594533,0.6574585635359116,216.0,3.43109216822269,0.8300000000000001,0.6574585635359116,3.0,0.1111111111111111,0.5718188926092538,0.0,0.6,0.0,0.0,1,0
CsPbF3,Cs,Pb,F,1.88,1.19,1.33,0.79,2.33,3.98,0.47,0.36,3.4,0.9007193522257212,0.894736842105263,128.024064,5.146823828538368,1.65,0.894736842105263,2.52,0.15747039556563364,0.8059067888335399,0.0,0.6,0.0,0.0,0,0
CsPbO3,Cs,Pb,O,1.88,1.19,1.4,0.79,2.33,3.44,0.47,0.36,1.46,0.8954865800354732,0.85,138.991832,4.636749270676052,1.1099999999999999,0.85,2.59,0.14907350814686723,0.7611635930301522,0.0,0.6,0.0,0.0,0,0
CsSnI3,Cs,Sn,I,1.88,1.1,2.2,0.79,1.96,2.66,0.47,1.11,3.05,0.8742411112851859,0.5,287.4960000000001,3.6521669665706264,0.7000000000000002,0.5,3.3000000000000003,0.09182736455463726,0.43712055564259295,0.0,0.6,0.0,0.0,1,0
CsSnBr3,Cs,Sn,Br,1.88,1.1,1.96,0.79,1.96,2.96,0.47,1.11,3.36,0.8873496861948832,0.5612244897959184,229.22092800000001,3.5591947040093967,1.0,0.5612244897959184,3.06,0.10679653124866505,0.49800237490529164,0.0,0.6,0.0,0.0,1,0
CsSnCl3,Cs,Sn,Cl,1.88,1.1,1.81,0.79,1.96,3.16,0.47,1.11,3.61,0.8966405575870653,0.6077348066298343,197.13736800000004,3.013912440276258,1.2000000000000002,0.6077348066298343,2.91,0.11809024456489647,0.5449196758816419,0.0,0.6,0.0,0.0,1,0
CsSnF3,Cs,Sn,F,1.88,1.1,1.33,0.79,1.96,3.98,0.47,1.11,3.4,0.9340793282340811,0.8270676691729324,114.79125600000002,4.45988813593902,2.02,0.8270676691729324,2.43,0.16935087808430285,0.7725468128251799,0.0,0.6,0.0,0.0,0,0
CsSnO3,Cs,Sn,O,1.88,1.1,1.4,0.79,1.96,3.44,0.47,1.11,1.46,0.9277240969167503,0.7857142857142858,125.0,3.9800730654267693,1.48,0.7857142857142858,2.5,0.16,0.7289260761488753,0.0,0.6,0.0,0.0,0,0
CsGeI3,Cs,Ge,I,1.88,0.73,2.2,0.79,2.01,2.66,0.47,1.23,3.05,0.9846401594679568,0.3318181818181818,201.23005600000002,4.837402390338539,0.6500000000000004,0.3318181818181818,2.93,0.11648359328588567,0.326721507459822,0.0,0.6,0.0,0.0,0,0
CsGeBr3,Cs,Ge,Br,1.88,0.73,1.96,0.79,2.01,2.96,0.47,1.23,3.36,1.009401501768157,0.37244897959183676,155.72087199999999,4.747528466619993,0.9500000000000002,0.37244897959183676,2.69,0.13819598955238319,0.3759505593320177,0.0,0.6,0.0,0.0,0,0
CsGeCl3,Cs,Ge,Cl,1.88,0.73,1.81,0.79,2.01,3.16,0.47,1.23,3.61,1.0272535521962047,0.4033149171270718,131.09651200000002,3.948252456477925,1.1500000000000004,0.4033149171270718,2.54,0.15500031000062,0.4143066812725024,0.0,0.6,0.0,0.0,1,0
CsGeF3,Cs,Ge,F,1.88,0.73,1.33,0.79,2.01,3.98,0.47,1.23,3.4,1.1018508580625328,0.5488721804511277,69.934528,6.225873440156884,1.9700000000000002,0.5488721804511277,2.06,0.2356489772834386,0.6047752829967284,0.0,0.6,0.0,0.0,0,0
CsGeO3,Cs,Ge,O,1.88,0.73,1.4,0.79,2.01,3.44,0.47,1.23,1.46,1.0888780480243547,0.5214285714285715,77.308776,5.445132035973706,1.4300000000000002,0.5214285714285715,2.13,0.2204148206925434,0.5677721250412707,0.0,0.6,0.0,0.0,0,0
CsTiI3,Cs,Ti,I,1.88,0.6,2.2,0.79,1.54,2.66,0.47,0.08,3.05,1.0303555954432548,0.2727272727272727,175.61600000000004,5.3084481052467485,1.12,0.2727272727272727,2.8000000000000003,0.12755102040816324,0.281006071484524,0.0,0.6,0.0,0.0,0,0
CsTiBr3,Cs,Ti,Br,1.88,0.6,1.96,0.79,1.54,2.96,0.47,0.08,3.36,1.0606601717798212,0.30612244897959184,134.21772800000002,5.2013020307983675,1.42,0.30612244897959184,2.56,0.152587890625,0.3246918893203534,0.0,0.6,0.0,0.0,0,0
CsTiCl3,Cs,Ti,Cl,1.88,0.6,1.81,0.79,1.54,3.16,0.47,0.08,3.61,1.0826655695345893,0.3314917127071823,111.98016800000002,4.254501512163677,1.62,0.3314917127071823,2.41,0.1721733441228629,0.35889466393411795,0.0,0.6,0.0,0.0,0,0
CsTiF3,Cs,Ti,F,1.88,0.6,1.33,0.79,1.54,3.98,0.47,0.08,3.4,1.1760687915071593,0.45112781954887216,57.512456000000014,6.854535806534897,2.44,0.45112781954887216,1.9300000000000002,0.2684635829149775,0.5305573495521019,0.0,0.6,0.0,0.0,0,0
CsTiO3,Cs,Ti,O,1.88,0.6,1.4,0.79,1.54,3.44,0.47,0.08,1.46,1.1596551211459378,0.4285714285714286,64.0,5.933971272002657,1.9,0.4285714285714286,2.0,0.25,0.4969950519196877,0.0,0.6,0.0,0.0,0,0
CsZnI3,Cs,Zn,I,1.88,0.74,2.2,0.79,1.65,2.66,0.47,0.0,3.05,0.9812910432792902,0.3363636363636363,203.29747200000008,4.7285808618924134,1.0100000000000002,0.3363636363636363,2.9400000000000004,0.11569253551760837,0.33007062364848844,0.0,0.6,0.0,0.0,0,0
CsZnBr3,Cs,Zn,Br,1.88,0.74,1.96,0.79,1.65,2.96,0.47,0.0,3.36,1.005662977687534,0.37755102040816324,157.46400000000003,4.6179892174391535,1.31,0.37755102040816324,2.7,0.1371742112482853,0.3796890834126404,0.0,0.6,0.0,0.0,0,0
CsZnCl3,Cs,Zn,Cl,1.88,0.74,1.81,0.79,1.65,3.16,0.47,0.0,3.61,1.0232251068934746,0.4088397790055249,132.65099999999998,3.810600048304489,1.5100000000000002,0.4088397790055249,2.55,0.15378700499807768,0.4183351265752327,0.0,0.6,0.0,0.0,1,0
CsZnF3,Cs,Zn,F,1.88,0.74,1.33,0.79,1.65,3.98,0.47,0.0,3.4,1.0965279070573994,0.556390977443609,70.95794400000003,5.965241917001691,2.33,0.556390977443609,2.0700000000000003,0.23337767509160068,0.6100982340018614,0.0,0.6,0.0,0.0,0,0
CsZnO3,Cs,Zn,O,1.88,0.74,1.4,0.79,1.65,3.44,0.47,0.0,1.46,1.083789832846671,0.5285714285714286,78.40275199999996,5.214539845839418,1.79,0.5285714285714286,2.1399999999999997,0.218359682068303,0.5728603402189547,0.0,0.6,0.0,0.0,0,0
CsMgI3,Cs,Mg,I,1.88,0.72,2.2,0.79,1.31,2.66,0.47,0.0,3.05,0.9880122148086007,0.3272727272727272,199.17670399999997,4.4845849153377975,1.35,0.3272727272727272,2.92,0.11728279226871835,0.32334945211917837,0.0,0.6,0.0,0.0,0,0
CsMgBr3,Cs,Mg,Br,1.88,0.72,1.96,0.79,1.31,2.96,0.47,0.0,3.36,1.0131679252822174,0.3673469387755102,153.99065599999994,4.280021776189016,1.65,0.3673469387755102,2.6799999999999997,0.13922922699933174,0.37218413581795745,0.0,0.6,0.0,0.0,0,0
CsMgCl3,Cs,Mg,Cl,1.88,0.72,1.81,0.79,1.31,3.16,0.47,0.0,3.61,1.0313138429163478,0.39779005524861877,129.55421600000003,3.3761634888241,1.85,0.39779005524861877,2.5300000000000002,0.1562280304332203,0.4102463905523593,0.0,0.6,0.0,0.0,0,0
CsMgF3,Cs,Mg,F,1.88,0.72,1.33,0.79,1.31,3.98,0.47,0.0,3.4,1.107225740296984,0.5413533834586466,68.92099999999998,5.153692035342658,2.67,0.5413533834586466,2.05,0.2379535990481856,0.5994004007622771,0.0,0.6,0.0,0.0,0,0
CsMgO3,Cs,Mg,O,1.88,0.72,1.4,0.79,1.31,3.44,0.47,0.0,1.46,1.0940142652320166,0.5142857142857143,76.225024,4.470324354404381,2.13,0.5142857142857143,2.12,0.22249911000355996,0.5626359078336086,0.0,0.6,0.0,0.0,0,0
CsSrI3,Cs,Sr,I,1.88,1.18,2.2,0.79,0.95,2.66,0.47,0.05,3.05,0.8535490139766609,0.5363636363636363,308.915776,3.2317527937417396,1.7100000000000002,0.5363636363636363,3.38,0.08753194916144394,0.45781265295111806,0.0,0.6,0.0,0.0,1,0
CsSrBr3,Cs,Sr,Br,1.88,1.18,1.96,0.79,0.95,2.96,0.47,0.05,3.36,0.8647420508778161,0.6020408163265306,247.67315199999993,3.0855098128820515,2.01,0.6020408163265306,3.1399999999999997,0.10142399285975091,0.5206100102223586,0.0,0.6,0.0,0.0,1,0
CsSrCl3,Cs,Sr,Cl,1.88,1.18,1.81,0.79,0.95,3.16,0.47,0.05,3.61,0.8726501747753712,0.6519337016574586,213.84719200000004,2.5369086621264922,2.21,0.6519337016574586,2.99,0.11185557208532342,0.5689100586933359,0.0,0.6,0.0,0.0,1,0
CsSrF3,Cs,Sr,F,1.88,1.18,1.33,0.79,0.95,3.98,0.47,0.05,3.4,0.9043078755413616,0.8872180451127819,126.50600799999997,3.6386587160480746,3.0300000000000002,0.8872180451127819,2.51,0.15872763924382155,0.8023182655178998,0.0,0.6,0.0,0.0,0,0
CsSrO3,Cs,Sr,O,1.88,1.18,1.4,0.79,0.95,3.44,0.47,0.05,1.46,0.8989574582526649,0.8428571428571429,137.38809600000002,3.245296892942271,2.49,0.8428571428571429,2.58,0.15023135628868456,0.7576927148129604,0.0,0.6,0.0,0.0,0,0
CsCaI3,Cs,Ca,I,1.88,1.0,2.2,0.79,1.0,2.66,0.47,0.02,3.05,0.901561146012848,0.45454545454545453,262.14400000000006,3.506835613168382,1.6600000000000001,0.45454545454545453,3.2,0.09765624999999999,0.4098005209149309,0.0,0.6,0.0,0.0,1,0
CsCaBr3,Cs,Ca,Br,1.88,1.0,1.96,0.79,1.0,2.96,0.47,0.02,3.36,0.9173277161338994,0.5102040816326531,207.474688,3.302351917468326,1.96,0.5102040816326531,2.96,0.11413440467494522,0.4680243449662752,0.0,0.6,0.0,0.0,1,0
CsCaCl3,Cs,Ca,Cl,1.88,1.0,1.81,0.79,1.0,3.16,0.47,0.02,3.61,0.9285494742271745,0.5524861878453039,177.50432800000002,2.6110196401281116,2.16,0.5524861878453039,2.81,0.12664479933131545,0.5130107592415329,0.0,0.6,0.0,0.0,1,0
CsCaF3,Cs,Ca,F,1.88,1.0,1.33,0.79,1.0,3.98,0.47,0.02,3.4,0.974168569789192,0.7518796992481203,101.19469600000001,3.7676745577768465,2.98,0.7518796992481203,2.33,0.18419937740610434,0.7324575712700692,0.0,0.6,0.0,0.0,0,0
CsCaO3,Cs,Ca,O,1.88,1.0,1.4,0.79,1.0,3.44,0.47,0.02,1.46,0.9663792676216149,0.7142857142857143,110.59199999999998,3.3168914020505067,2.44,0.7142857142857143,2.4,0.1736111111111111,0.6902709054440106,0.0,0.6,0.0,0.0,0,0
CsMnI3,Cs,Mn,I,1.88,0.67,2.2,0.79,1.55,2.66,0.47,0.0,3.05,1.0052249711641512,0.30454545454545456,189.11922400000003,4.991763954186072,1.11,0.30454545454545456,2.87,0.12140489747356407,0.3061366957636279,0.0,0.6,0.0,0.0,0,0
CsMnBr3,Cs,Mn,Br,1.88,0.67,1.96,0.79,1.55,2.96,0.47,0.0,3.36,1.0324296729111568,0.3418367346938776,145.53157599999997,4.877958884822163,1.41,0.3418367346938776,2.63,0.14457343607685524,0.35292238818901794,0.0,0.6,0.0,0.0,0,0
CsMnCl3,Cs,Mn,Cl,1.88,0.67,1.81,0.79,1.55,3.16,0.47,0.0,3.61,1.0521064607170807,0.3701657458563536,122.02393599999999,4.000935497148457,1.61,0.3701657458563536,2.48,0.1625910509885536,0.38945377275162657,0.0,0.6,0.0,0.0,0,0
CsMnF3,Cs,Mn,F,1.88,0.67,1.33,0.79,1.55,3.98,0.47,0.0,3.4,1.1349063838044087,0.5037593984962406,64.0,6.343926436399868,2.4299999999999997,0.5037593984962406,2.0,0.25,0.5717197572548525,0.0,0.6,0.0,0.0,0,0
CsMnO3,Cs,Mn,O,1.88,0.67,1.4,0.79,1.55,3.44,0.47,0.0,1.46,1.1204397305757854,0.47857142857142865,70.95794399999998,5.518258313177715,1.89,0.47857142857142865,2.07,0.23337767509160076,0.5362104424898403,0.0,0.6,0.0,0.0,0,0
CsFeI3,Cs,Fe,I,1.88,0.64,2.2,0.79,1.83,2.66,0.47,0.15,3.05,1.015843544803209,0.2909090909090909,183.25043200000005,5.15978617447316,0.8300000000000001,0.2909090909090909,2.8400000000000003,0.12398333663955562,0.2955181221245699,0.0,0.6,0.0,0.0,0,0
CsFeBr3,Cs,Fe,Br,1.88,0.64,1.96,0.79,1.83,2.96,0.47,0.15,3.36,1.0443423229832085,0.326530612244898,140.608,5.059396081761806,1.13,0.326530612244898,2.6,0.14792899408284022,0.34100973811696605,0.0,0.6,0.0,0.0,0,0
CsFeCl3,Cs,Fe,Cl,1.88,0.64,1.81,0.79,1.83,3.16,0.47,0.15,3.61,1.0649893969707593,0.35359116022099446,117.64900000000003,4.1624188657546055,1.33,0.35359116022099446,2.45,0.16659725114535606,0.37657083649794804,0.0,0.6,0.0,0.0,0,0
CsFeF3,Cs,Fe,F,1.88,0.64,1.33,0.79,1.83,3.98,0.47,0.15,3.4,1.1521892221364554,0.48120300751879697,61.162984000000016,6.662621497057498,2.15,0.48120300751879697,1.9700000000000002,0.2576721894405936,0.5544369189228056,0.0,0.6,0.0,0.0,0,0
CsFeO3,Cs,Fe,O,1.88,0.64,1.4,0.79,1.83,3.44,0.47,0.15,1.46,1.1369167854371938,0.4571428571428572,67.91731200000001,5.787313615370865,1.6099999999999999,0.4571428571428572,2.04,0.24029219530949636,0.5197333876284315,0.0,0.6,0.0,0.0,0,0
RbPbI3,Rb,Pb,I,1.72,1.19,2.2,0.82,2.33,2.66,0.48,0.36,3.05,0.8176573988941788,0.5409090909090909,311.66575200000005,3.5873915570498633,0.33000000000000007,0.5409090909090909,3.39,0.08701629815264399,0.44227832031094216,0.0,0.6,0.0,0.0,1,0
RbPbBr3,Rb,Pb,Br,1.72,1.19,1.96,0.82,2.33,2.96,0.48,0.36,3.36,0.8260803031004745,0.6071428571428571,250.04699999999997,3.535037837330289,0.6299999999999999,0.6071428571428571,3.15,0.10078105316200554,0.5015487554538595,0.0,0.6,0.0,0.0,1,0
RbPbCl3,Rb,Pb,Cl,1.72,1.19,1.81,0.82,2.33,3.16,0.48,0.36,3.61,0.8320289791961709,0.6574585635359116,216.0,3.0659187915913257,0.8300000000000001,0.6574585635359116,3.0,0.1111111111111111,0.5470245774825654,0.0,0.6,0.0,0.0,1,0
RbPbF3,Rb,Pb,F,1.72,1.19,1.33,0.82,2.33,3.98,0.48,0.36,3.4,0.8558236835789562,0.894736842105263,128.024064,4.530709584950736,1.65,0.894736842105263,2.52,0.15747039556563364,0.7657369800443291,0.0,0.6,0.0,0.0,0,0
RbPbO3,Rb,Pb,O,1.72,1.19,1.4,0.82,2.33,3.44,0.48,0.36,1.46,0.8518043078386209,0.85,138.991832,4.069252258676278,1.1099999999999999,0.85,2.59,0.14907350814686723,0.7240336616628278,0.0,0.6,0.0,0.0,0,0
RbSnI3,Rb,Sn,I,1.72,1.1,2.2,0.82,1.96,2.66,0.48,1.11,3.05,0.8399571461367472,0.5,287.4960000000001,3.3778068038122764,0.7000000000000002,0.5,3.3000000000000003,0.09182736455463726,0.4199785730683736,0.0,0.6,0.0,0.0,1,0
RbSnBr3,Rb,Sn,Br,1.72,1.1,1.96,0.82,1.96,2.96,0.48,1.11,3.36,0.8503767826034296,0.5612244897959184,229.22092800000001,3.2150836752277026,1.0,0.5612244897959184,3.06,0.10679653124866505,0.47725227595090447,0.0,0.6,0.0,0.0,1,0
RbSnCl3,Rb,Sn,Cl,1.72,1.1,1.81,0.82,1.96,3.16,0.48,1.11,3.61,0.8577618342228566,0.6077348066298343,197.13736800000004,2.6137982957454526,1.2000000000000002,0.6077348066298343,2.91,0.11809024456489647,0.5212917224558797,0.0,0.6,0.0,0.0,1,0
RbSnF3,Rb,Sn,F,1.72,1.1,1.33,0.82,1.96,3.98,0.48,1.11,3.4,0.8875208570448434,0.8270676691729324,114.79125600000002,3.7727500027664496,2.02,0.8270676691729324,2.43,0.16935087808430285,0.7340398065784419,0.0,0.6,0.0,0.0,0,0
RbSnO3,Rb,Sn,O,1.72,1.1,1.4,0.82,1.96,3.44,0.48,1.11,1.46,0.8824692629208113,0.7857142857142858,125.0,3.3490534706077724,1.48,0.7857142857142858,2.5,0.16,0.6933687065806375,0.0,0.6,0.0,0.0,0,0
RbGeI3,Rb,Ge,I,1.72,0.73,2.2,0.82,2.01,2.66,0.48,1.23,3.05,0.9460268198809781,0.3318181818181818,201.23005600000002,4.445425908692205,0.6500000000000004,0.3318181818181818,2.93,0.11648359328588567,0.31390889932414273,0.0,0.6,0.0,0.0,0,0
RbGeBr3,Rb,Ge,Br,1.72,0.73,1.96,0.82,2.01,2.96,0.48,1.23,3.36,0.9673431058611504,0.37244897959183676,155.72087199999999,4.240997464453665,0.9500000000000002,0.37244897959183676,2.69,0.13819598955238319,0.3602859526931836,0.0,0.6,0.0,0.0,0,0
RbGeCl3,Rb,Ge,Cl,1.72,0.73,1.81,0.82,2.01,3.16,0.48,1.23,3.61,0.982711392751383,0.4033149171270718,131.09651200000002,3.3465777959623604,1.1500000000000004,0.4033149171270718,2.54,0.15500031000062,0.39634216392735333,0.0,0.6,0.0,0.0,1,0
RbGeF3,Rb,Ge,F,1.72,0.73,1.33,0.82,2.01,3.98,0.48,1.23,3.4,1.0469299430189174,0.5488721804511277,69.934528,5.097997816940057,1.9700000000000002,0.5488721804511277,2.06,0.2356489772834386,0.5746307206043682,0.0,0.6,0.0,0.0,1,0
RbGeO3,Rb,Ge,O,1.72,0.73,1.4,0.82,2.01,3.44,0.48,1.23,1.46,1.0357620456817034,0.5214285714285715,77.308776,4.424841023315911,1.4300000000000002,0.5214285714285715,2.13,0.2204148206925434,0.5400759238197453,0.0,0.6,0.0,0.0,1,0
RbTiI3,Rb,Ti,I,1.72,0.6,2.2,0.82,1.54,2.66,0.48,0.08,3.05,0.9899494936611664,0.2727272727272727,175.61600000000004,4.859300821671365,1.12,0.2727272727272727,2.8000000000000003,0.12755102040816324,0.26998622554395446,0.0,0.6,0.0,0.0,0,0
RbTiBr3,Rb,Ti,Br,1.72,0.6,1.96,0.82,1.54,2.96,0.48,0.08,3.36,1.0164659979556618,0.30612244897959184,134.21772800000002,4.613619237118724,1.42,0.30612244897959184,2.56,0.152587890625,0.311163060598672,0.0,0.6,0.0,0.0,0,0
RbTiCl3,Rb,Ti,Cl,1.72,0.6,1.81,0.82,1.54,3.16,0.48,0.08,3.61,1.0357207209910841,0.3314917127071823,111.98016800000002,3.55011384458691,1.62,0.3314917127071823,2.41,0.1721733441228629,0.34333283568765216,0.0,0.6,0.0,0.0,0,0
RbTiF3,Rb,Ti,F,1.72,0.6,1.33,0.82,1.54,3.98,0.48,0.08,3.4,1.1174485402170826,0.45112781954887216,57.512456000000014,5.483051178015909,2.44,0.45112781954887216,1.9300000000000002,0.2684635829149775,0.5041121234062027,0.0,0.6,0.0,0.0,0,0
RbTiO3,Rb,Ti,O,1.72,0.6,1.4,0.82,1.54,3.44,0.48,0.08,1.46,1.103086578651014,0.4285714285714286,64.0,4.701511125871804,1.9,0.4285714285714286,2.0,0.25,0.4727513908504346,0.0,0.6,0.0,0.0,0,0
RbZnI3,Rb,Zn,I,1.72,0.74,2.2,0.82,1.65,2.66,0.48,0.0,3.05,0.9428090415820631,0.3363636363636363,203.29747200000008,4.340590551061718,1.0100000000000002,0.3363636363636363,2.9400000000000004,0.11569253551760837,0.3171266776230576,0.0,0.6,0.0,0.0,0,0
RbZnBr3,Rb,Zn,Br,1.72,0.74,1.96,0.82,1.65,2.96,0.48,0.0,3.36,0.9637603536172201,0.37755102040816324,157.46400000000003,4.117065518356349,1.31,0.37755102040816324,2.7,0.1371742112482853,0.3638687049371137,0.0,0.6,0.0,0.0,0,0
RbZnCl3,Rb,Zn,Cl,1.72,0.74,1.81,0.82,1.65,3.16,0.48,0.0,3.61,0.9788576225837305,0.4088397790055249,132.65099999999998,3.2159761905697213,1.5100000000000002,0.4088397790055249,2.55,0.15378700499807768,0.40019593409500587,0.0,0.6,0.0,0.0,1,0
RbZnF3,Rb,Zn,F,1.72,0.74,1.33,0.82,1.65,3.98,0.48,0.0,3.4,1.0418723104439465,0.556390977443609,70.95794400000003,4.853633478172423,2.33,0.556390977443609,2.0700000000000003,0.23337767509160068,0.5796883531793386,0.0,0.6,0.0,0.0,1,0
RbZnO3,Rb,Zn,O,1.72,0.74,1.4,0.82,1.65,3.44,0.48,0.0,1.46,1.0309220361224432,0.5285714285714286,78.40275199999996,4.2084852452002135,1.79,0.5285714285714286,2.1399999999999997,0.218359682068303,0.5449159333790057,0.0,0.6,0.0,0.0,1,0
RbMgI3,Rb,Mg,I,1.72,0.72,2.2,0.82,1.31,2.66,0.48,0.0,3.05,0.9492666377572829,0.3272727272727272,199.17670399999997,4.088567470685361,1.35,0.3272727272727272,2.92,0.11728279226871835,0.310669081447838,0.0,0.6,0.0,0.0,0,0
RbMgBr3,Rb,Mg,Br,1.72,0.72,1.96,0.82,1.31,2.96,0.48,0.0,3.36,0.970952595062125,0.3673469387755102,153.99065599999994,3.7677994673732482,1.65,0.3673469387755102,2.6799999999999997,0.13922922699933174,0.35667646349220916,0.0,0.6,0.0,0.0,0,0
RbMgCl3,Rb,Mg,Cl,1.72,0.72,1.81,0.82,1.31,3.16,0.48,0.0,3.61,0.9865956275053409,0.39779005524861877,129.55421600000003,2.767326109480346,1.85,0.39779005524861877,2.5300000000000002,0.1562280304332203,0.3924579291733953,0.0,0.6,0.0,0.0,0,0
RbMgF3,Rb,Mg,F,1.72,0.72,1.33,0.82,1.31,3.98,0.48,0.0,3.4,1.052036918350717,0.5413533834586466,68.92099999999998,4.00923026966348,2.67,0.5413533834586466,2.05,0.2379535990481856,0.5695237452725685,0.0,0.6,0.0,0.0,0,0
RbMgO3,Rb,Mg,O,1.72,0.72,1.4,0.82,1.31,3.44,0.48,0.0,1.46,1.0406477157085037,0.5142857142857143,76.225024,3.435527050144107,2.13,0.5142857142857143,2.12,0.22249911000355996,0.5351902537929448,0.0,0.6,0.0,0.0,1,0
RbSrI3,Rb,Sr,I,1.72,1.18,2.2,0.82,0.95,2.66,0.48,0.05,3.05,0.8200765036246349,0.5363636363636363,308.915776,2.976416370417168,1.7100000000000002,0.5363636363636363,3.38,0.08753194916144394,0.4398592155804859,0.0,0.6,0.0,0.0,1,0
RbSrBr3,Rb,Sr,Br,1.72,1.18,1.96,0.82,0.95,2.96,0.48,0.05,3.36,0.8287111320912405,0.6020408163265306,247.67315199999993,2.767035853490705,2.01,0.6020408163265306,3.1399999999999997,0.10142399285975091,0.49891792646309374,0.0,0.6,0.0,0.0,1,0
RbSrCl3,Rb,Sr,Cl,1.72,1.18,1.81,0.82,0.95,3.16,0.48,0.05,3.61,0.8348116848122115,0.6519337016574586,213.84719200000004,2.1680590709082233,2.21,0.6519337016574586,2.99,0.11185557208532342,0.5442418718665246,0.0,0.6,0.0,0.0,1,0
RbSrF3,Rb,Sr,F,1.72,1.18,1.33,0.82,0.95,3.98,0.48,0.05,3.4,0.8592333396888326,0.8872180451127819,126.50600799999997,3.0151511799287256,3.0300000000000002,0.8872180451127819,2.51,0.15872763924382155,0.762327323934453,0.0,0.6,0.0,0.0,0,0
RbSrO3,Rb,Sr,O,1.72,1.18,1.4,0.82,0.95,3.44,0.48,0.05,1.46,0.8551058749232667,0.8428571428571429,137.38809600000002,2.6711754686787406,2.49,0.8428571428571429,2.58,0.15023135628868456,0.720732094578182,0.0,0.6,0.0,0.0,0,0
RbCaI3,Rb,Ca,I,1.72,1.0,2.2,0.82,1.0,2.66,0.48,0.02,3.05,0.8662058069535206,0.45454545454545453,262.14400000000006,3.2059420228044044,1.6600000000000001,0.45454545454545453,3.2,0.09765624999999999,0.39372991225160026,0.0,0.6,0.0,0.0,1,0
RbCaBr3,Rb,Ca,Br,1.72,1.0,1.96,0.82,1.0,2.96,0.48,0.02,3.36,0.8791057279616535,0.5102040816326531,207.474688,2.9221732551325394,1.96,0.5102040816326531,2.96,0.11413440467494522,0.4485233305926804,0.0,0.6,0.0,0.0,1,0
RbCaCl3,Rb,Ca,Cl,1.72,1.0,1.81,0.82,1.0,3.16,0.48,0.02,3.61,0.888287166401606,0.5524861878453039,177.50432800000002,2.166650478873775,2.16,0.5524861878453039,2.81,0.12664479933131545,0.4907663902771304,0.0,0.6,0.0,0.0,1,0
RbCaF3,Rb,Ca,F,1.72,1.0,1.33,0.82,1.0,3.98,0.48,0.02,3.4,0.9256118809523475,0.7518796992481203,101.19469600000001,2.9882122690381694,2.98,0.7518796992481203,2.33,0.18419937740610434,0.695948782670938,0.0,0.6,0.0,0.0,0,0
RbCaO3,Rb,Ca,O,1.72,1.0,1.4,0.82,1.0,3.44,0.48,0.02,1.46,0.9192388155425119,0.7142857142857143,110.59199999999998,2.603662150817374,2.44,0.7142857142857143,2.4,0.1736111111111111,0.6565991539589371,0.0,0.6,0.0,0.0,0,0
RbMnI3,Rb,Mn,I,1.72,0.67,2.2,0.82,1.55,2.66,0.48,0.0,3.05,0.9658043840596746,0.30454545454545456,189.11922400000003,4.574686051241765,1.11,0.30454545454545456,2.87,0.12140489747356407,0.29413133514544637,0.0,0.6,0.0,0.0,0,0
RbMnBr3,Rb,Mn,Br,1.72,0.67,1.96,0.82,1.55,2.96,0.48,0.0,3.36,0.9894117698731919,0.3418367346938776,145.53157599999997,4.335963453175256,1.41,0.3418367346938776,2.63,0.14457343607685524,0.3382172886811422,0.0,0.6,0.0,0.0,0,0
RbMnCl3,Rb,Mn,Cl,1.72,0.67,1.81,0.82,1.55,3.16,0.48,0.0,3.61,1.006486668382465,0.3701657458563536,122.02393599999999,3.354525850500322,1.61,0.3701657458563536,2.48,0.1625910509885536,0.37256688829627155,0.0,0.6,0.0,0.0,0,0
RbMnF3,Rb,Mn,F,1.72,0.67,1.33,0.82,1.55,3.98,0.48,0.0,3.4,1.0783378413094848,0.5037593984962406,64.0,5.111466290269014,2.4299999999999997,0.5037593984962406,2.0,0.25,0.5432228223138007,0.0,0.6,0.0,0.0,0,0
RbMnO3,Rb,Mn,O,1.72,0.67,1.4,0.82,1.55,3.44,0.48,0.0,1.46,1.0657841339623324,0.47857142857142865,70.95794399999998,4.406649874348447,1.89,0.47857142857142865,2.07,0.23337767509160076,0.5100538355391163,0.0,0.6,0.0,0.0,0,0
RbFeI3,Rb,Fe,I,1.72,0.64,2.2,0.82,1.83,2.66,0.48,0.15,3.05,0.9760065430462204,0.2909090909090909,183.25043200000005,4.729350903508153,0.8300000000000001,0.2909090909090909,2.8400000000000003,0.12398333663955562,0.28392917615890045,0.0,0.6,0.0,0.0,0,0
RbFeBr3,Rb,Fe,Br,1.72,0.64,1.96,0.82,1.83,2.96,0.48,0.15,3.36,1.0008280595255747,0.326530612244898,140.608,4.498421959717722,1.13,0.326530612244898,2.6,0.14792899408284022,0.32680099902875914,0.0,0.6,0.0,0.0,0,0
RbFeCl3,Rb,Fe,Cl,1.72,0.64,1.81,0.82,1.83,3.16,0.48,0.15,3.61,1.0188109949340869,0.35359116022099446,117.64900000000003,3.4919716086391634,1.33,0.35359116022099446,2.45,0.16659725114535606,0.36024256174464947,0.0,0.6,0.0,0.0,0,0
RbFeF3,Rb,Fe,F,1.72,0.64,1.33,0.82,1.83,3.98,0.48,0.15,3.4,1.094759229755822,0.48120300751879697,61.162984000000016,5.372994271669432,2.15,0.48120300751879697,1.9700000000000002,0.2576721894405936,0.5268014338674631,0.0,0.6,0.0,0.0,0,0
RbFeO3,Rb,Fe,O,1.72,0.64,1.4,0.82,1.83,3.44,0.48,0.15,1.46,1.0814574300500137,0.4571428571428572,67.91731200000001,4.625938893232647,1.6099999999999999,0.4571428571428572,2.04,0.24029219530949636,0.4943805394514349,0.0,0.6,0.0,0.0,0,0
KPbI3,K,Pb,I,1.64,1.19,2.2,0.82,2.33,2.66,0.5,0.36,3.05,0.8009705132024608,0.5409090909090909,311.66575200000005,3.340701776726963,0.33000000000000007,0.5409090909090909,3.39,0.08701629815264399,0.4332522321413311,0.0,0.6,0.0,0.0,1,0
KPbBr3,K,Pb,Br,1.64,1.19,1.96,0.82,2.33,2.96,0.5,0.36,3.36,0.8081220356417685,0.6071428571428571,250.04699999999997,3.2275566202188997,0.6299999999999999,0.6071428571428571,3.15,0.10078105316200554,0.49064552163964514,0.0,0.6,0.0,0.0,1,0
KPbCl3,K,Pb,Cl,1.64,1.19,1.81,0.82,2.33,3.16,0.5,0.36,3.61,0.8131727983645296,0.6574585635359116,216.0,2.709970847632754,0.8300000000000001,0.6574585635359116,3.0,0.1111111111111111,0.5346274199192211,0.0,0.6,0.0,0.0,1,0
KPbF3,K,Pb,F,1.64,1.19,1.33,0.82,2.33,3.98,0.5,0.36,3.4,0.8333758492555737,0.894736842105263,128.024064,3.9301603327800545,1.65,0.894736842105263,2.52,0.15747039556563364,0.7456520756497238,0.0,0.6,0.0,0.0,0,0
KPbO3,K,Pb,O,1.64,1.19,1.4,0.82,2.33,3.44,0.5,0.36,1.46,0.8299631717401947,0.85,138.991832,3.5160920132954443,1.1099999999999999,0.85,2.59,0.14907350814686723,0.7054686959791655,0.0,0.6,0.0,0.0,0,0
KSnI3,K,Sn,I,1.64,1.1,2.2,0.82,1.96,2.66,0.5,1.11,3.05,0.8228151635625279,0.5,287.4960000000001,3.110377845165716,0.7000000000000002,0.5,3.3000000000000003,0.09182736455463726,0.41140758178126396,0.0,0.6,0.0,0.0,1,0
KSnBr3,K,Sn,Br,1.64,1.1,1.96,0.82,1.96,2.96,0.5,1.11,3.36,0.8318903308077029,0.5612244897959184,229.22092800000001,2.87966597769944,1.0,0.5612244897959184,3.06,0.10679653124866505,0.4668772264737109,0.0,0.6,0.0,0.0,1,0
KSnCl3,K,Sn,Cl,1.64,1.1,1.81,0.82,1.96,3.16,0.5,1.11,3.61,0.8383224725407522,0.6077348066298343,197.13736800000004,2.223792298023846,1.2000000000000002,0.6077348066298343,2.91,0.11809024456489647,0.5094777457429985,0.0,0.6,0.0,0.0,1,0
KSnF3,K,Sn,F,1.64,1.1,1.33,0.82,1.96,3.98,0.5,1.11,3.4,0.8642416214502245,0.8270676691729324,114.79125600000002,3.1029711487477125,2.02,0.8270676691729324,2.43,0.16935087808430285,0.714786303455073,0.0,0.6,0.0,0.0,0,0
KSnO3,K,Sn,O,1.64,1.1,1.4,0.82,1.96,3.44,0.5,1.11,1.46,0.8598418459228417,0.7857142857142858,125.0,2.7339754234473603,1.48,0.7857142857142858,2.5,0.16,0.6755900217965186,0.0,0.6,0.0,0.0,0,0
KGeI3,K,Ge,I,1.64,0.73,2.2,0.82,2.01,2.66,0.5,1.23,3.05,0.9267201500874888,0.3318181818181818,201.23005600000002,4.063351990792727,0.6500000000000004,0.3318181818181818,2.93,0.11648359328588567,0.3075025952563031,0.0,0.6,0.0,0.0,0,0
KGeBr3,K,Ge,Br,1.64,0.73,1.96,0.82,2.01,2.96,0.5,1.23,3.36,0.946313907907647,0.37244897959183676,155.72087199999999,3.747263034973642,0.9500000000000002,0.37244897959183676,2.69,0.13819598955238319,0.3524536493737665,0.0,0.6,0.0,0.0,0,0
KGeCl3,K,Ge,Cl,1.64,0.73,1.81,0.82,2.01,3.16,0.5,1.23,3.61,0.9604403130289719,0.4033149171270718,131.09651200000002,2.7601033373966626,1.1500000000000004,0.4033149171270718,2.54,0.15500031000062,0.3873599052547787,0.0,0.6,0.0,0.0,1,0
KGeF3,K,Ge,F,1.64,0.73,1.33,0.82,2.01,3.98,0.5,1.23,3.4,1.0194694854971096,0.5488721804511277,69.934528,3.9986158936781817,1.9700000000000002,0.5488721804511277,2.06,0.2356489772834386,0.5595584394081878,0.0,0.6,0.0,0.0,1,0
KGeO3,K,Ge,O,1.64,0.73,1.4,0.82,2.01,3.44,0.5,1.23,1.46,1.0092040445103776,0.5214285714285715,77.308776,3.4303257836094705,1.4300000000000002,0.5214285714285715,2.13,0.2204148206925434,0.5262278232089826,0.0,0.6,0.0,0.0,1,0
KTiI3,K,Ti,I,1.64,0.6,2.2,0.82,1.54,2.66,0.5,0.08,3.05,0.9697464427701221,0.2727272727272727,175.61600000000004,4.421500416838937,1.12,0.2727272727272727,2.8000000000000003,0.12755102040816324,0.26447630257366966,0.0,0.6,0.0,0.0,0,0
KTiBr3,K,Ti,Br,1.64,0.6,1.96,0.82,1.54,2.96,0.5,0.08,3.36,0.9943689110435823,0.30612244897959184,134.21772800000002,4.040783166647828,1.42,0.30612244897959184,2.56,0.152587890625,0.3043986462378313,0.0,0.6,0.0,0.0,0,0
KTiCl3,K,Ti,Cl,1.64,0.6,1.81,0.82,1.54,3.16,0.5,0.08,3.61,1.0122482967193314,0.3314917127071823,111.98016800000002,2.863521233875239,1.62,0.3314917127071823,2.41,0.1721733441228629,0.3355519215644192,0.0,0.6,0.0,0.0,0,0
KTiF3,K,Ti,F,1.64,0.6,1.33,0.82,1.54,3.98,0.5,0.08,3.4,1.0881384145720445,0.45112781954887216,57.512456000000014,4.146214582217402,2.44,0.45112781954887216,1.9300000000000002,0.2684635829149775,0.4908895103332531,0.0,0.6,0.0,0.0,0,0
KTiO3,K,Ti,O,1.64,0.6,1.4,0.82,1.54,3.44,0.5,0.08,1.46,1.0748023074035522,0.4285714285714286,64.0,3.5001868150116247,1.9,0.4285714285714286,2.0,0.25,0.4606295603158081,0.0,0.6,0.0,0.0,0,0
KZnI3,K,Zn,I,1.64,0.74,2.2,0.82,1.65,2.66,0.5,0.0,3.05,0.9235680407334496,0.3363636363636363,203.29747200000008,3.9624021007151655,1.0100000000000002,0.3363636363636363,2.9400000000000004,0.11569253551760837,0.31065470461034206,0.0,0.6,0.0,0.0,0,0
KZnBr3,K,Zn,Br,1.64,0.74,1.96,0.82,1.65,2.96,0.5,0.0,3.36,0.9428090415820631,0.37755102040816324,157.46400000000003,3.6287967337766904,1.31,0.37755102040816324,2.7,0.1371742112482853,0.35595851569935033,0.0,0.6,0.0,0.0,0,0
KZnCl3,K,Zn,Cl,1.64,0.74,1.81,0.82,1.65,3.16,0.5,0.0,3.61,0.9566738804288585,0.4088397790055249,132.65099999999998,2.6363744092408847,1.5100000000000002,0.4088397790055249,2.55,0.15378700499807768,0.3911263378548924,0.0,0.6,0.0,0.0,1,0
KZnF3,K,Zn,F,1.64,0.74,1.33,0.82,1.65,3.98,0.5,0.0,3.4,1.01454451213722,0.556390977443609,70.95794400000003,3.770107778850422,2.33,0.556390977443609,2.0700000000000003,0.23337767509160068,0.5644834127680773,0.0,0.6,0.0,0.0,1,0
KZnO3,K,Zn,O,1.64,0.74,1.4,0.82,1.65,3.44,0.5,0.0,1.46,1.0044881377603292,0.5285714285714286,78.40275199999996,3.2278467607876826,1.79,0.5285714285714286,2.1399999999999997,0.218359682068303,0.5309437299590312,0.0,0.6,0.0,0.0,1,0
KMgI3,K,Mg,I,1.64,0.72,2.2,0.82,1.31,2.66,0.5,0.0,3.05,0.9298938492316241,0.3272727272727272,199.17670399999997,3.70255467726625,1.35,0.3272727272727272,2.92,0.11728279226871835,0.30432889611216785,0.0,0.6,0.0,0.0,0,0
KMgBr3,K,Mg,Br,1.64,0.72,1.96,0.82,1.31,2.96,0.5,0.0,3.36,0.9498449299520787,0.3673469387755102,153.99065599999994,3.2685175116222998,1.65,0.3673469387755102,2.6799999999999997,0.13922922699933174,0.34892262732933504,0.0,0.6,0.0,0.0,0,0
KMgCl3,K,Mg,Cl,1.64,0.72,1.81,0.82,1.31,3.16,0.5,0.0,3.61,0.9642365197998374,0.39779005524861877,129.55421600000003,2.1738698849831715,1.85,0.39779005524861877,2.5300000000000002,0.1562280304332203,0.3835636984839132,0.0,0.6,0.0,0.0,0,0
KMgF3,K,Mg,F,1.64,0.72,1.33,0.82,1.31,3.98,0.5,0.0,3.4,1.0244425073775834,0.5413533834586466,68.92099999999998,2.8936812222751436,2.67,0.5413533834586466,2.05,0.2379535990481856,0.5545854175277143,0.0,0.6,0.0,0.0,1,0
KMgO3,K,Mg,O,1.64,0.72,1.4,0.82,1.31,3.44,0.5,0.0,1.46,1.0139644409467472,0.5142857142857143,76.225024,2.4268719935704093,2.13,0.5142857142857143,2.12,0.22249911000355996,0.5214674267726129,0.0,0.6,0.0,0.0,1,0
KSrI3,K,Sr,I,1.64,1.18,2.2,0.82,0.95,2.66,0.5,0.05,3.05,0.803340248448622,0.5363636363636363,308.915776,2.727530551471322,1.7100000000000002,0.5363636363636363,3.38,0.08753194916144394,0.4308824968951699,0.0,0.6,0.0,0.0,1,0
KSrBr3,K,Sr,Br,1.64,1.18,1.96,0.82,0.95,2.96,0.5,0.05,3.36,0.8106956726979526,0.6020408163265306,247.67315199999993,2.4566075520208246,2.01,0.6020408163265306,3.1399999999999997,0.10142399285975091,0.4880718845834613,0.0,0.6,0.0,0.0,1,0
KSrCl3,K,Sr,Cl,1.64,1.18,1.81,0.82,0.95,3.16,0.5,0.05,3.61,0.8158924398306316,0.6519337016574586,213.84719200000004,1.808527785152311,2.21,0.6519337016574586,2.99,0.11185557208532342,0.531907778453119,0.0,0.6,0.0,0.0,1,0
KSrF3,K,Sr,F,1.64,1.18,1.33,0.82,0.95,3.98,0.5,0.05,3.4,0.8366960717625682,0.8872180451127819,126.50600799999997,2.407395413142918,3.0300000000000002,0.8872180451127819,2.51,0.15872763924382155,0.7423318531427296,0.0,0.6,0.0,0.0,0,0
KSrO3,K,Sr,O,1.64,1.18,1.4,0.82,0.95,3.44,0.5,0.05,1.46,0.8331800832585676,0.8428571428571429,137.38809600000002,2.111558164607131,2.49,0.8428571428571429,2.58,0.15023135628868456,0.7022517844607927,0.0,0.6,0.0,0.0,0,0
KCaI3,K,Ca,I,1.64,1.0,2.2,0.82,1.0,2.66,0.5,0.02,3.05,0.8485281374238568,0.45454545454545453,262.14400000000006,2.9126499547233062,1.6600000000000001,0.45454545454545453,3.2,0.09765624999999999,0.3856946079199349,0.0,0.6,0.0,0.0,1,0
KCaBr3,K,Ca,Br,1.64,1.0,1.96,0.82,1.0,2.96,0.5,0.02,3.36,0.8599947338755306,0.5102040816326531,207.474688,2.5515991063715515,1.96,0.5102040816326531,2.96,0.11413440467494522,0.438772823405883,0.0,0.6,0.0,0.0,1,0
KCaCl3,K,Ca,Cl,1.64,1.0,1.81,0.82,1.0,3.16,0.5,0.02,3.61,0.8681560124888217,0.5524861878453039,177.50432800000002,1.7335074859037587,2.16,0.5524861878453039,2.81,0.12664479933131545,0.4796442057949291,0.0,0.6,0.0,0.0,1,0
KCaF3,K,Ca,F,1.64,1.0,1.33,0.82,1.0,3.98,0.5,0.02,3.4,0.9013335365339252,0.7518796992481203,101.19469600000001,2.2284416591728906,2.98,0.7518796992481203,2.33,0.18419937740610434,0.6776943883713723,0.0,0.6,0.0,0.0,0,0
KCaO3,K,Ca,O,1.64,1.0,1.4,0.82,1.0,3.44,0.5,0.02,1.46,0.8956685895029602,0.7142857142857143,110.59199999999998,1.9084513227732884,2.44,0.7142857142857143,2.4,0.1736111111111111,0.6397632782164002,0.0,0.6,0.0,0.0,0,0
KMnI3,K,Mn,I,1.64,0.67,2.2,0.82,1.55,2.66,0.5,0.0,3.05,0.9460940905074363,0.30454545454545456,189.11922400000003,4.1681448532139465,1.11,0.30454545454545456,2.87,0.12140489747356407,0.28812865483635564,0.0,0.6,0.0,0.0,0,0
KMnBr3,K,Mn,Br,1.64,0.67,1.96,0.82,1.55,2.96,0.5,0.0,3.36,0.9679028183542094,0.3418367346938776,145.53157599999997,3.807660537696271,1.41,0.3418367346938776,2.63,0.14457343607685524,0.3308647389272043,0.0,0.6,0.0,0.0,0,0
KMnCl3,K,Mn,Cl,1.64,0.67,1.81,0.82,1.55,3.16,0.5,0.0,3.61,0.9836767722151569,0.3701657458563536,122.02393599999999,2.7244465528201394,1.61,0.3701657458563536,2.48,0.1625910509885536,0.364123446068594,0.0,0.6,0.0,0.0,0,0
KMnF3,K,Mn,F,1.64,0.67,1.33,0.82,1.55,3.98,0.5,0.0,3.4,1.0500535700620228,0.5037593984962406,64.0,3.9101419794088343,2.4299999999999997,0.5037593984962406,2.0,0.25,0.5289743548432747,0.0,0.6,0.0,0.0,0,0
KMnO3,K,Mn,O,1.64,0.67,1.4,0.82,1.55,3.44,0.5,0.0,1.46,1.038456335655606,0.47857142857142865,70.95794399999998,3.323124175026444,1.89,0.47857142857142865,2.07,0.23337767509160076,0.4969755320637544,0.0,0.6,0.0,0.0,1,0
KFeI3,K,Fe,I,1.64,0.64,2.2,0.82,1.83,2.66,0.5,0.15,3.05,0.9560880421677261,0.2909090909090909,183.25043200000005,4.309789786756998,0.8300000000000001,0.2909090909090909,2.8400000000000003,0.12398333663955562,0.27813470317606576,0.0,0.6,0.0,0.0,0,0
KFeBr3,K,Fe,Br,1.64,0.64,1.96,0.82,1.83,2.96,0.5,0.15,3.36,0.979070927796758,0.326530612244898,140.608,3.951619815493699,1.13,0.326530612244898,2.6,0.14792899408284022,0.3196966294846557,0.0,0.6,0.0,0.0,0,0
KFeCl3,K,Fe,Cl,1.64,0.64,1.81,0.82,1.83,3.16,0.5,0.15,3.61,0.9957217939157506,0.35359116022099446,117.64900000000003,2.838461966440323,1.33,0.35359116022099446,2.45,0.16659725114535606,0.3520784243680002,0.0,0.6,0.0,0.0,0,0
KFeF3,K,Fe,F,1.64,0.64,1.33,0.82,1.83,3.98,0.5,0.15,3.4,1.0660442335655054,0.48120300751879697,61.162984000000016,4.115947102501698,2.15,0.48120300751879697,1.9700000000000002,0.2576721894405936,0.512983691339792,0.0,0.6,0.0,0.0,0,0
KFeO3,K,Fe,O,1.64,0.64,1.4,0.82,1.83,3.44,0.5,0.15,1.46,1.0537277523564237,0.4571428571428572,67.91731200000001,3.4939041640747637,1.6099999999999999,0.4571428571428572,2.04,0.24029219530949636,0.48170411536293656,0.0,0.6,0.0,0.0,0,0
NaPbI3,Na,Pb,I,1.39,1.19,2.2,0.93,2.33,2.66,0.54,0.36,3.05,0.7488239954158422,0.5409090909090909,311.66575200000005,3.254386993978994,0.33000000000000007,0.5409090909090909,3.39,0.08701629815264399,0.40504570661129646,0.0,0.6,0.0,0.0,0,0
NaPbBr3,Na,Pb,Br,1.39,1.19,1.96,0.93,2.33,2.96,0.54,0.36,3.36,0.7520024498333123,0.6071428571428571,250.04699999999997,3.1199713995449363,0.6299999999999999,0.6071428571428571,3.15,0.10078105316200554,0.4565729159702253,0.0,0.6,0.0,0.0,0,0
NaPbCl3,Na,Pb,Cl,1.39,1.19,1.81,0.93,2.33,3.16,0.54,0.36,3.61,0.7542472332656507,0.6574585635359116,216.0,2.585427506550057,0.8300000000000001,0.6574585635359116,3.0,0.1111111111111111,0.4958863025337703,0.0,0.6,0.0,0.0,0,0
NaPbF3,Na,Pb,F,1.39,1.19,1.33,0.93,2.33,3.98,0.54,0.36,3.4,0.7632263669950036,0.894736842105263,128.024064,3.72003294865122,1.65,0.894736842105263,2.52,0.15747039556563364,0.682886749416582,0.0,0.6,0.0,0.0,0,0
NaPbO3,Na,Pb,O,1.39,1.19,1.4,0.93,2.33,3.44,0.54,0.36,1.46,0.7617096214326129,0.85,138.991832,3.3225456639397324,1.1099999999999999,0.85,2.59,0.14907350814686723,0.647453178217721,0.0,0.6,0.0,0.0,0,0
NaSnI3,Na,Sn,I,1.39,1.1,2.2,0.93,1.96,2.66,0.54,1.11,3.05,0.7692464680180925,0.5,287.4960000000001,3.016806589656553,0.7000000000000002,0.5,3.3000000000000003,0.09182736455463726,0.38462323400904624,0.0,0.6,0.0,0.0,0,0
NaSnBr3,Na,Sn,Br,1.39,1.1,1.96,0.93,1.96,2.96,0.54,1.11,3.36,0.7741201689460568,0.5612244897959184,229.22092800000001,2.7623060057781044,1.0,0.5612244897959184,3.06,0.10679653124866505,0.4344551968574809,0.0,0.6,0.0,0.0,0,0
NaSnCl3,Na,Sn,Cl,1.39,1.1,1.81,0.93,1.96,3.16,0.54,1.11,3.61,0.7775744672841759,0.6077348066298343,197.13736800000004,2.0873323160996553,1.2000000000000002,0.6077348066298343,2.91,0.11809024456489647,0.47255906851524504,0.0,0.6,0.0,0.0,0,0
NaSnF3,Na,Sn,F,1.39,1.1,1.33,0.93,1.96,3.98,0.54,1.11,3.4,0.7914940102170407,0.8270676691729324,114.79125600000002,2.868620880170962,2.02,0.8270676691729324,2.43,0.16935087808430285,0.654619106194545,0.0,0.6,0.0,0.0,0,0
NaSnO3,Na,Sn,O,1.39,1.1,1.4,0.93,1.96,3.44,0.54,1.11,1.46,0.789131167804187,0.7857142857142858,125.0,2.51876453005646,1.48,0.7857142857142858,2.5,0.16,0.6200316318461471,0.0,0.6,0.0,0.0,0,0
NaGeI3,Na,Ge,I,1.39,0.73,2.2,0.93,2.01,2.66,0.54,1.23,3.05,0.8663868069828345,0.3318181818181818,201.23005600000002,3.929667380210188,0.6500000000000004,0.3318181818181818,2.93,0.11648359328588567,0.2874828950443042,0.0,0.6,0.0,0.0,0,0
NaGeBr3,Na,Ge,Br,1.39,0.73,1.96,0.93,2.01,2.96,0.54,1.23,3.36,0.8805976643029493,0.37244897959183676,155.72087199999999,3.5745093037084947,0.9500000000000002,0.37244897959183676,2.69,0.13819598955238319,0.32797770150058825,0.0,0.6,0.0,0.0,0,0
NaGeCl3,Na,Ge,Cl,1.39,0.73,1.81,0.93,2.01,3.16,0.54,1.23,3.61,0.8908431888964378,0.4033149171270718,131.09651200000002,2.55490061107346,1.1500000000000004,0.4033149171270718,2.54,0.15500031000062,0.35929034690298317,0.0,0.6,0.0,0.0,1,0
NaGeF3,Na,Ge,F,1.39,0.73,1.33,0.93,2.01,3.98,0.54,1.23,3.4,0.9336555557414606,0.5488721804511277,69.934528,3.613950944286338,1.9700000000000002,0.5488721804511277,2.06,0.2356489772834386,0.5124575606701249,0.0,0.6,0.0,0.0,1,0
NaGeO3,Na,Ge,O,1.39,0.73,1.4,0.93,2.01,3.44,0.54,1.23,1.46,0.9262102908499847,0.5214285714285715,77.308776,3.0823528487661807,1.4300000000000002,0.5214285714285715,2.13,0.2204148206925434,0.48295250880034923,0.0,0.6,0.0,0.0,1,0
NaTiI3,Na,Ti,I,1.39,0.6,2.2,0.93,1.54,2.66,0.54,0.08,3.05,0.9066119087356089,0.2727272727272727,175.61600000000004,4.268317553809017,1.12,0.2727272727272727,2.8000000000000003,0.12755102040816324,0.2472577932915297,0.0,0.6,0.0,0.0,0,0
NaTiBr3,Na,Ti,Br,1.39,0.6,1.96,0.93,1.54,2.96,0.54,0.08,3.36,0.9253155144433335,0.30612244897959184,134.21772800000002,3.840352403329718,1.42,0.30612244897959184,2.56,0.152587890625,0.28325985136020415,0.0,0.6,0.0,0.0,0,0
NaTiCl3,Na,Ti,Cl,1.39,0.6,1.81,0.93,1.54,3.16,0.54,0.08,3.61,0.9388969708701045,0.3314917127071823,111.98016800000002,2.6232879661964255,1.62,0.3314917127071823,2.41,0.1721733441228629,0.3112365649293164,0.0,0.6,0.0,0.0,0,0
NaTiF3,Na,Ti,F,1.39,0.6,1.33,0.93,1.54,3.98,0.54,0.08,3.4,0.9965442719313,0.45112781954887216,57.512456000000014,3.678466140490926,2.44,0.45112781954887216,1.9300000000000002,0.2684635829149775,0.4495688444802857,0.0,0.6,0.0,0.0,1,0
NaTiO3,Na,Ti,O,1.39,0.6,1.4,0.93,1.54,3.44,0.54,0.08,1.46,0.9864139597552337,0.4285714285714286,64.0,3.0798530388575225,1.9,0.4285714285714286,2.0,0.25,0.4227488398951002,0.0,0.6,0.0,0.0,1,0
NaZnI3,Na,Zn,I,1.39,0.74,2.2,0.93,1.65,2.66,0.54,0.0,3.05,0.8634399130815322,0.3363636363636363,203.29747200000008,3.830076984179223,1.0100000000000002,0.3363636363636363,2.9400000000000004,0.11569253551760837,0.2904297889456062,0.0,0.6,0.0,0.0,0,0
NaZnBr3,Na,Zn,Br,1.39,0.74,1.96,0.93,1.65,2.96,0.54,0.0,3.36,0.8773361914721977,0.37755102040816324,157.46400000000003,3.457955387984239,1.31,0.37755102040816324,2.7,0.1371742112482853,0.3312391743313399,0.0,0.6,0.0,0.0,0,0
NaZnCl3,Na,Zn,Cl,1.39,0.74,1.81,0.93,1.65,3.16,0.54,0.0,3.61,0.8873496861948832,0.4088397790055249,132.65099999999998,2.433576377760817,1.5100000000000002,0.4088397790055249,2.55,0.15378700499807768,0.3627838496045379,0.0,0.6,0.0,0.0,1,0
NaZnF3,Na,Zn,F,1.39,0.74,1.33,0.93,1.65,3.98,0.54,0.0,3.4,0.9291451424286998,0.556390977443609,70.95794400000003,3.390990795502334,2.33,0.556390977443609,2.0700000000000003,0.23337767509160068,0.5169679739828856,0.0,0.6,0.0,0.0,1,0
NaZnO3,Na,Zn,O,1.39,0.74,1.4,0.93,1.65,3.44,0.54,0.0,1.46,0.9218822053787232,0.5285714285714286,78.40275199999996,2.8847291917275744,1.79,0.5285714285714286,2.1399999999999997,0.218359682068303,0.48728059427161086,0.0,0.6,0.0,0.0,1,0
NaMgI3,Na,Mg,I,1.39,0.72,2.2,0.93,1.31,2.66,0.54,0.0,3.05,0.8693538850889403,0.3272727272727272,199.17670399999997,3.5674918856163664,1.35,0.3272727272727272,2.92,0.11728279226871835,0.2845158169381986,0.0,0.6,0.0,0.0,0,0
NaMgBr3,Na,Mg,Br,1.39,0.72,1.96,0.93,1.31,2.96,0.54,0.0,3.36,0.8838834764831843,0.3673469387755102,153.99065599999994,3.093822745247238,1.65,0.3673469387755102,2.6799999999999997,0.13922922699933174,0.3246918893203534,0.0,0.6,0.0,0.0,0,0
NaMgCl3,Na,Mg,Cl,1.39,0.72,1.81,0.93,1.31,3.16,0.54,0.0,3.61,0.894364308220139,0.39779005524861877,129.55421600000003,1.9662242945543542,1.85,0.39779005524861877,2.5300000000000002,0.1562280304332203,0.3557692275792818,0.0,0.6,0.0,0.0,0,0
NaMgF3,Na,Mg,F,1.39,0.72,1.33,0.93,1.31,3.98,0.54,0.0,3.4,0.938209973086541,0.5413533834586466,68.92099999999998,2.5033595253487717,2.67,0.5413533834586466,2.05,0.2379535990481856,0.5079031433250447,0.0,0.6,0.0,0.0,1,0
NaMgO3,Na,Mg,O,1.39,0.72,1.4,0.93,1.31,3.44,0.54,0.0,1.46,0.9305792073162582,0.5142857142857143,76.225024,2.0739516498016424,2.13,0.5142857142857143,2.12,0.22249911000355996,0.4785835923340757,0.0,0.6,0.0,0.0,1,0
NaSrI3,Na,Sr,I,1.39,1.18,2.2,0.93,0.95,2.66,0.54,0.05,3.05,0.7510394510235815,0.5363636363636363,308.915776,2.6404473923585208,1.7100000000000002,0.5363636363636363,3.38,0.08753194916144394,0.4028302510035573,0.0,0.6,0.0,0.0,0,0
NaSrBr3,Na,Sr,Br,1.39,1.18,1.96,0.93,0.95,2.96,0.54,0.05,3.36,0.754397362093928,0.6020408163265306,247.67315199999993,2.3479911700810394,2.01,0.6020408163265306,3.1399999999999997,0.10142399285975091,0.45417800370960976,0.0,0.6,0.0,0.0,0,0
NaSrCl3,Na,Sr,Cl,1.39,1.18,1.81,0.93,0.95,3.16,0.54,0.05,3.61,0.7567697992631945,0.6519337016574586,213.84719200000004,1.6827306614105015,2.21,0.6519337016574586,2.99,0.11185557208532342,0.4933637365362263,0.0,0.6,0.0,0.0,0,0
NaSrF3,Na,Sr,F,1.39,1.18,1.33,0.93,0.95,3.98,0.54,0.05,3.4,0.7662671094929917,0.8872180451127819,126.50600799999997,2.1947465271401083,3.0300000000000002,0.8872180451127819,2.51,0.15872763924382155,0.6798460069185941,0.0,0.6,0.0,0.0,0,0
NaSrO3,Na,Sr,O,1.39,1.18,1.4,0.93,0.95,3.44,0.54,0.05,1.46,0.7646619843063828,0.8428571428571429,137.38809600000002,1.9157525420162007,2.49,0.8428571428571429,2.58,0.15023135628868456,0.6445008153439512,0.0,0.6,0.0,0.0,0,0
NaCaI3,Na,Ca,I,1.39,1.0,2.2,0.93,1.0,2.66,0.54,0.02,3.05,0.7932854201436578,0.45454545454545453,262.14400000000006,2.8100294039044336,1.6600000000000001,0.45454545454545453,3.2,0.09765624999999999,0.3605842818834808,0.0,0.6,0.0,0.0,0,0
NaCaBr3,Na,Ca,Br,1.39,1.0,1.96,0.93,1.0,2.96,0.54,0.02,3.36,0.8002728773563965,0.5102040816326531,207.474688,2.421938173111768,1.96,0.5102040816326531,2.96,0.11413440467494522,0.40830248844714107,0.0,0.6,0.0,0.0,1,0
NaCaCl3,Na,Ca,Cl,1.39,1.0,1.81,0.93,1.0,3.16,0.54,0.02,3.61,0.8052461565113709,0.5524861878453039,177.50432800000002,1.5819542140654377,2.16,0.5524861878453039,2.81,0.12664479933131545,0.4448873792880502,0.0,0.6,0.0,0.0,1,0
NaCaF3,Na,Ca,F,1.39,1.0,1.33,0.93,1.0,3.98,0.54,0.02,3.4,0.8254637102263557,0.7518796992481203,101.19469600000001,1.9626039943820157,2.98,0.7518796992481203,2.33,0.18419937740610434,0.6206494061852298,0.0,0.6,0.0,0.0,0,0
NaCaO3,Na,Ca,O,1.39,1.0,1.4,0.93,1.0,3.44,0.54,0.02,1.46,0.8220116331293615,0.7142857142857143,110.59199999999998,1.6652026097211463,2.44,0.7142857142857143,2.4,0.1736111111111111,0.5871511665209725,0.0,0.6,0.0,0.0,0,0
NaMnI3,Na,Mn,I,1.39,0.67,2.2,0.93,1.55,2.66,0.54,0.0,3.05,0.8844994231566918,0.30454545454545456,189.11922400000003,4.025899336841362,1.11,0.30454545454545456,2.87,0.12140489747356407,0.26937027887044707,0.0,0.6,0.0,0.0,0,0
NaMnBr3,Na,Mn,Br,1.39,0.67,1.96,0.93,1.55,2.96,0.54,0.0,3.36,0.9006873448573893,0.3418367346938776,145.53157599999997,3.6228115694293255,1.41,0.3418367346938776,2.63,0.14457343607685524,0.3078880209461484,0.0,0.6,0.0,0.0,0,0
NaMnCl3,Na,Mn,Cl,1.39,0.67,1.81,0.93,1.55,3.16,0.54,0.0,3.61,0.9123958466923194,0.3701657458563536,122.02393599999999,2.5039868417527757,1.61,0.3701657458563536,2.48,0.1625910509885536,0.33773768910710167,0.0,0.6,0.0,0.0,0,0
NaMnF3,Na,Mn,F,1.39,0.67,1.33,0.93,1.55,3.98,0.54,0.0,3.4,0.9616652224137044,0.5037593984962406,64.0,3.489808203254733,2.4299999999999997,0.5037593984962406,2.0,0.25,0.48444789399788124,0.0,0.6,0.0,0.0,1,0
NaMnO3,Na,Mn,O,1.39,0.67,1.4,0.93,1.55,3.44,0.54,0.0,1.46,0.9530569659470858,0.47857142857142865,70.95794399999998,2.944007191678357,1.89,0.47857142857142865,2.07,0.23337767509160076,0.45610583370324825,0.0,0.6,0.0,0.0,1,0
NaFeI3,Na,Fe,I,1.39,0.64,2.2,0.93,1.83,2.66,0.54,0.15,3.05,0.8938427269224314,0.2909090909090909,183.25043200000005,4.162988704869985,0.8300000000000001,0.2909090909090909,2.8400000000000003,0.12398333663955562,0.2600269751047073,0.0,0.6,0.0,0.0,0,0
NaFeBr3,Na,Fe,Br,1.39,0.64,1.96,0.93,1.83,2.96,0.54,0.15,3.36,0.9110798911442053,0.326530612244898,140.608,3.7602981149228736,1.13,0.326530612244898,2.6,0.14792899408284022,0.29749547465933235,0.0,0.6,0.0,0.0,0,0
NaFeCl3,Na,Fe,Cl,1.39,0.64,1.81,0.93,1.83,3.16,0.54,0.15,3.61,0.9235680407334498,0.35359116022099446,117.64900000000003,2.609804165066214,1.33,0.35359116022099446,2.45,0.16659725114535606,0.32656549506597116,0.0,0.6,0.0,0.0,0,0
NaFeF3,Na,Fe,F,1.39,0.64,1.33,0.93,1.83,3.98,0.54,0.15,3.4,0.9763098704707659,0.48120300751879697,61.162984000000016,3.6761163435272417,2.15,0.48120300751879697,1.9700000000000002,0.2576721894405936,0.4698032459408197,0.0,0.6,0.0,0.0,1,0
NaFeO3,Na,Fe,O,1.39,0.64,1.4,0.93,1.83,3.44,0.54,0.15,1.46,0.9670725095639545,0.4571428571428572,67.91731200000001,3.0978142588402555,1.6099999999999999,0.4571428571428572,2.04,0.24029219530949636,0.44209029008637923,0.0,0.6,0.0,0.0,1,0
MAPbI3,MA,Pb,I,2.17,1.19,2.2,2.55,2.33,2.66,0.1,0.36,3.05,0.9115211309100921,0.5409090909090909,311.66575200000005,3.3028724583621125,0.33000000000000007,0.5409090909090909,3.39,0.08701629815264399,0.49305006626500436,0.0,0.6,0.0,0.0,1,0
MAPbBr3,MA,Pb,Br,2.17,1.19,1.96,2.55,2.33,2.96,0.1,0.36,3.36,0.9270955575556956,0.6071428571428571,250.04699999999997,3.1804050728864834,0.6299999999999999,0.6071428571428571,3.15,0.10078105316200554,0.5628794456588152,0.0,0.6,0.0,0.0,1,0
MAPbCl3,MA,Pb,Cl,2.17,1.19,1.81,2.55,2.33,3.16,0.1,0.36,3.61,0.938094996374153,0.6574585635359116,216.0,2.6553870376520656,0.8300000000000001,0.6574585635359116,3.0,0.1111111111111111,0.6167585887763768,0.0,0.6,0.0,0.0,1,0
MAPbF3,MA,Pb,F,2.17,1.19,1.33,2.55,2.33,3.98,0.1,0.36,3.4,0.9820927516479826,0.894736842105263,128.024064,3.838067466896429,1.65,0.894736842105263,2.52,0.15747039556563364,0.8787145672639843,0.0,0.6,0.0,0.0,0,0
MAPbO3,MA,Pb,O,2.17,1.19,1.4,2.55,2.33,3.44,0.1,0.36,1.46,0.9746606983922681,0.85,138.991832,3.431266144133373,1.1099999999999999,0.85,2.59,0.14907350814686723,0.8284615936334279,0.0,0.6,0.0,0.0,0,0
MASnI3,MA,Sn,I,2.17,1.1,2.2,2.55,1.96,2.66,0.1,1.11,3.05,0.936380798116731,0.5,287.4960000000001,3.0693682208376263,0.7000000000000002,0.5,3.3000000000000003,0.09182736455463726,0.4681903990583655,0.0,0.6,0.0,0.0,1,0
MASnBr3,MA,Sn,Br,2.17,1.1,1.96,2.55,1.96,2.96,0.1,1.11,3.36,0.9543630739543926,0.5612244897959184,229.22092800000001,2.828230434449966,1.0,0.5612244897959184,3.06,0.10679653124866505,0.5356119292601184,0.0,0.6,0.0,0.0,1,0
MASnCl3,MA,Sn,Cl,2.17,1.1,1.81,2.55,1.96,3.16,0.1,1.11,3.61,0.9671082436846937,0.6077348066298343,197.13736800000004,2.1639857627360835,1.2000000000000002,0.6077348066298343,2.91,0.11809024456489647,0.587745341465836,0.0,0.6,0.0,0.0,1,0
MASnF3,MA,Sn,F,2.17,1.1,1.33,2.55,1.96,3.98,0.1,1.11,3.4,1.0184665572645744,0.8270676691729324,114.79125600000002,3.000262080420865,2.02,0.8270676691729324,2.43,0.16935087808430285,0.8423407616473924,0.0,0.6,0.0,0.0,0,0
MASnO3,MA,Sn,O,2.17,1.1,1.4,2.55,1.96,3.44,0.1,1.11,1.46,1.0097484835343897,0.7857142857142858,125.0,2.6396545998007306,1.48,0.7857142857142858,2.5,0.16,0.7933738084913063,0.0,0.6,0.0,0.0,0,0
MAGeI3,MA,Ge,I,2.17,0.73,2.2,2.55,2.01,2.66,0.1,1.23,3.05,1.0546268374693557,0.3318181818181818,201.23005600000002,4.00476182195717,0.6500000000000004,0.3318181818181818,2.93,0.11648359328588567,0.3499443597057407,0.0,0.6,0.0,0.0,0,0
MAGeBr3,MA,Ge,Br,2.17,0.73,1.96,2.55,2.01,2.96,0.1,1.23,3.36,1.0856323443496063,0.37244897959183676,155.72087199999999,3.6715499799129914,0.9500000000000002,0.37244897959183676,2.69,0.13819598955238319,0.40434265886490445,0.0,0.6,0.0,0.0,0,0
MAGeCl3,MA,Ge,Cl,2.17,0.73,1.81,2.55,2.01,3.16,0.1,1.23,3.61,1.1079862161899445,0.4033149171270718,131.09651200000002,2.670168809193284,1.1500000000000004,0.4033149171270718,2.54,0.15500031000062,0.4468673689605853,0.0,0.6,0.0,0.0,0,0
MAGeF3,MA,Ge,F,2.17,0.73,1.33,2.55,2.01,3.98,0.1,1.23,3.4,1.2013950165790857,0.5488721804511277,69.934528,3.8300281689447195,1.9700000000000002,0.5488721804511277,2.06,0.2356489772834386,0.6594123023328815,0.0,0.6,0.0,0.0,0,0
MAGeO3,MA,Ge,O,2.17,0.73,1.4,2.55,2.01,3.44,0.1,1.23,1.46,1.1851508022704105,0.5214285714285715,77.308776,3.277819126980621,1.4300000000000002,0.5214285714285715,2.13,0.2204148206925434,0.6179714897552855,0.0,0.6,0.0,0.0,0,0
MATiI3,MA,Ti,I,2.17,0.6,2.2,2.55,1.54,2.66,0.1,0.08,3.05,1.10359165492329,0.2727272727272727,175.61600000000004,4.354364717609775,1.12,0.2727272727272727,2.8000000000000003,0.12755102040816324,0.30097954225180634,0.0,0.6,0.0,0.0,0,0
MATiBr3,MA,Ti,Br,2.17,0.6,1.96,2.55,1.54,2.96,0.1,0.08,3.36,1.1407621118361098,0.30612244897959184,134.21772800000002,3.9529400543293973,1.42,0.30612244897959184,2.56,0.152587890625,0.34921289137840095,0.0,0.6,0.0,0.0,0,0
MATiCl3,MA,Ti,Cl,2.17,0.6,1.81,2.55,1.54,3.16,0.1,0.08,3.61,1.1677531075196925,0.3314917127071823,111.98016800000002,2.7582338140900804,1.62,0.3314917127071823,2.41,0.1721733441228629,0.38710047763083727,0.0,0.6,0.0,0.0,0,0
MATiF3,MA,Ti,F,2.17,0.6,1.33,2.55,1.54,3.98,0.1,0.08,3.4,1.2823179969704228,0.45112781954887216,57.512456000000014,3.941213721954564,2.44,0.45112781954887216,1.9300000000000002,0.2684635829149775,0.5784893219415441,0.0,0.6,0.0,0.0,0,0
MATiO3,MA,Ti,O,2.17,0.6,1.4,2.55,1.54,3.44,0.1,0.08,1.46,1.262185604417987,0.4285714285714286,64.0,3.315966456326802,1.9,0.4285714285714286,2.0,0.25,0.5409366876077089,0.0,0.6,0.0,0.0,0,0
MAZnI3,MA,Zn,I,2.17,0.74,2.2,2.55,1.65,2.66,0.1,0.0,3.05,1.0510396713555143,0.3363636363636363,203.29747200000008,3.904407759517315,1.0100000000000002,0.3363636363636363,2.9400000000000004,0.11569253551760837,0.353531525819582,0.0,0.6,0.0,0.0,0,0
MAZnBr3,MA,Zn,Br,2.17,0.74,1.96,2.55,1.65,2.96,0.1,0.0,3.36,1.0816114838149782,0.37755102040816324,157.46400000000003,3.5539218229664185,1.31,0.37755102040816324,2.7,0.1371742112482853,0.4083635193995325,0.0,0.6,0.0,0.0,0,0
MAZnCl3,MA,Zn,Cl,2.17,0.74,1.81,2.55,1.65,3.16,0.1,0.0,3.61,1.103641172204886,0.4088397790055249,132.65099999999998,2.5474937905057935,1.5100000000000002,0.4088397790055249,2.55,0.15378700499807768,0.451212412945644,0.0,0.6,0.0,0.0,0,0
MAZnF3,MA,Zn,F,2.17,0.74,1.33,2.55,1.65,3.98,0.1,0.0,3.4,1.195591175919283,0.556390977443609,70.95794400000003,3.6039515700991,2.33,0.556390977443609,2.0700000000000003,0.23337767509160068,0.6652161429926837,0.0,0.6,0.0,0.0,0,0
MAZnO3,MA,Zn,O,2.17,0.74,1.4,2.55,1.65,3.44,0.1,0.0,1.46,1.179612714409334,0.5285714285714286,78.40275199999996,3.077468073113191,1.79,0.5285714285714286,2.1399999999999997,0.218359682068303,0.6235095776163623,0.0,0.6,0.0,0.0,0,0
MAMgI3,MA,Mg,I,2.17,0.72,2.2,2.55,1.31,2.66,0.1,0.0,3.05,1.058238573214114,0.3272727272727272,199.17670399999997,3.6433604908024124,1.35,0.3272727272727272,2.92,0.11728279226871835,0.3463326239609827,0.0,0.6,0.0,0.0,0,0
MAMgBr3,MA,Mg,Br,2.17,0.72,1.96,2.55,1.31,2.96,0.1,0.0,3.36,1.0896832113061348,0.3673469387755102,153.99065599999994,3.1919537559887847,1.65,0.3673469387755102,2.6799999999999997,0.13922922699933174,0.40029179190837605,0.0,0.6,0.0,0.0,0,0
MAMgCl3,MA,Mg,Cl,2.17,0.72,1.81,2.55,1.31,3.16,0.1,0.0,3.61,1.1123656083487978,0.39779005524861877,129.55421600000003,2.0828647188075786,1.85,0.39779005524861877,2.5300000000000002,0.1562280304332203,0.44248797680173174,0.0,0.6,0.0,0.0,0,0
MAMgF3,MA,Mg,F,2.17,0.72,1.33,2.55,1.31,3.98,0.1,0.0,3.4,1.2072554800745934,0.5413533834586466,68.92099999999998,2.722614305720993,2.67,0.5413533834586466,2.05,0.2379535990481856,0.6535518388373738,0.0,0.6,0.0,0.0,0,0
MAMgO3,MA,Mg,O,2.17,0.72,1.4,2.55,1.31,3.44,0.1,0.0,1.46,1.190741136243384,0.5142857142857143,76.225024,2.2721970280915054,2.13,0.5142857142857143,2.12,0.22249911000355996,0.6123811557823118,0.0,0.6,0.0,0.0,0,0
MASrI3,MA,Sr,I,2.17,1.18,2.2,2.55,0.95,2.66,0.1,0.05,3.05,0.9142179389897079,0.5363636363636363,308.915776,2.6893644755638597,1.7100000000000002,0.5363636363636363,3.38,0.08753194916144394,0.4903532581853887,0.0,0.6,0.0,0.0,1,0
MASrBr3,MA,Sr,Br,2.17,1.18,1.96,2.55,0.95,2.96,0.1,0.05,3.36,0.9300480911784845,0.6020408163265306,247.67315199999993,2.4090040759854867,2.01,0.6020408163265306,3.1399999999999997,0.10142399285975091,0.5599269120360264,0.0,0.6,0.0,0.0,1,0
MASrCl3,MA,Sr,Cl,2.17,1.18,1.81,2.55,0.95,3.16,0.1,0.05,3.61,0.9412324378335982,0.6519337016574586,213.84719200000004,1.7533944778333697,2.21,0.6519337016574586,2.99,0.11185557208532342,0.6136211473169314,0.0,0.6,0.0,0.0,1,0
MASrF3,MA,Sr,F,2.17,1.18,1.33,2.55,0.95,3.98,0.1,0.05,3.4,0.9860054717740703,0.8872180451127819,126.50600799999997,2.314197444586131,3.0300000000000002,0.8872180451127819,2.51,0.15872763924382155,0.8748018471378969,0.0,0.6,0.0,0.0,0,0
MASrO3,MA,Sr,O,2.17,1.18,1.4,2.55,0.95,3.44,0.1,0.05,1.46,0.9784384530371993,0.8428571428571429,137.38809600000002,2.0257421201382666,2.49,0.8428571428571429,2.58,0.15023135628868456,0.8246838389884966,0.0,0.6,0.0,0.0,0,0
MACaI3,MA,Ca,I,2.17,1.0,2.2,2.55,1.0,2.66,0.1,0.02,3.05,0.9656426980578788,0.45454545454545453,262.14400000000006,2.8676742812162694,1.6600000000000001,0.45454545454545453,3.2,0.09765624999999999,0.43892849911721765,0.0,0.6,0.0,0.0,1,0
MACaBr3,MA,Ca,Br,2.17,1.0,1.96,2.55,1.0,2.96,0.1,0.02,3.36,0.986605069696095,0.5102040816326531,207.474688,2.4947724010539924,1.96,0.5102040816326531,2.96,0.11413440467494522,0.5033699335184159,0.0,0.6,0.0,0.0,1,0
MACaCl3,MA,Ca,Cl,2.17,1.0,1.81,2.55,1.0,3.16,0.1,0.02,3.61,1.0015249071610175,0.5524861878453039,177.50432800000002,1.6670859902215316,2.16,0.5524861878453039,2.81,0.12664479933131545,0.5533286779895125,0.0,0.6,0.0,0.0,1,0
MACaF3,MA,Ca,F,2.17,1.0,1.33,2.55,1.0,3.98,0.1,0.02,3.4,1.0621775683059724,0.7518796992481203,101.19469600000001,2.1119325591719518,2.98,0.7518796992481203,2.33,0.18419937740610434,0.7986297506059943,0.0,0.6,0.0,0.0,0,0
MACaO3,MA,Ca,O,2.17,1.0,1.4,2.55,1.0,3.44,0.1,0.02,1.46,1.0518213370149894,0.7142857142857143,110.59199999999998,1.801842318904757,2.44,0.7142857142857143,2.4,0.1736111111111111,0.7513009550107067,0.0,0.6,0.0,0.0,0,0
MAMnI3,MA,Mn,I,2.17,0.67,2.2,2.55,1.55,2.66,0.1,0.0,3.05,1.0766747852910148,0.30454545454545456,189.11922400000003,4.1058026824580605,1.11,0.30454545454545456,2.87,0.12140489747356407,0.3278964118840818,0.0,0.6,0.0,0.0,0,0
MAMnBr3,MA,Mn,Br,2.17,0.67,1.96,2.55,1.55,2.96,0.1,0.0,3.36,1.1103996221674681,0.3418367346938776,145.53157599999997,3.726646483702733,1.41,0.3418367346938776,2.63,0.14457343607685524,0.37957538104704275,0.0,0.6,0.0,0.0,0,0
MAMnCl3,MA,Mn,Cl,2.17,0.67,1.81,2.55,1.55,3.16,0.1,0.0,3.61,1.1347923343235722,0.3701657458563536,122.02393599999999,2.6278253214264184,1.61,0.3701657458563536,2.48,0.1625910509885536,0.42006125082695767,0.0,0.6,0.0,0.0,0,0
MAMnF3,MA,Mn,F,2.17,0.67,1.33,2.55,1.55,3.98,0.1,0.0,3.4,1.2374368670764582,0.5037593984962406,64.0,3.7259216207240122,2.4299999999999997,0.5037593984962406,2.0,0.25,0.623370451835509,0.0,0.6,0.0,0.0,0,0
MAMnO3,MA,Mn,O,2.17,0.67,1.4,2.55,1.55,3.44,0.1,0.0,1.46,1.2195029994376687,0.47857142857142865,70.95794399999998,3.156967966275122,1.89,0.47857142857142865,2.07,0.23337767509160076,0.5836192925880272,0.0,0.6,0.0,0.0,0,0
MAFeI3,MA,Fe,I,2.17,0.64,2.2,2.55,1.83,2.66,0.1,0.15,3.05,1.0880481104877509,0.2909090909090909,183.25043200000005,4.245451040991703,0.8300000000000001,0.2909090909090909,2.8400000000000003,0.12398333663955562,0.3165230866873457,0.0,0.6,0.0,0.0,0,0
MAFeBr3,MA,Fe,Br,2.17,0.64,1.96,2.55,1.83,2.96,0.1,0.15,3.36,1.1232119255001696,0.326530612244898,140.608,3.8677689467250036,1.13,0.326530612244898,2.6,0.14792899408284022,0.36676307771434113,0.0,0.6,0.0,0.0,0,0
MAFeCl3,MA,Fe,Cl,2.17,0.64,1.81,2.55,1.83,3.16,0.1,0.15,3.61,1.1486877506622282,0.35359116022099446,117.64900000000003,2.738247744850436,1.33,0.35359116022099446,2.45,0.16659725114535606,0.4061658344883017,0.0,0.6,0.0,0.0,0,0
MAFeF3,MA,Fe,F,2.17,0.64,1.33,2.55,1.83,3.98,0.1,0.15,3.4,1.2562810833263534,0.48120300751879697,61.162984000000016,3.9231817698647453,2.15,0.48120300751879697,1.9700000000000002,0.2576721894405936,0.6045262355856136,0.0,0.6,0.0,0.0,0,0
MAFeO3,MA,Fe,O,2.17,0.64,1.4,2.55,1.83,3.44,0.1,0.15,1.46,1.237436867076458,0.4571428571428572,67.91731200000001,3.320309205607788,1.6099999999999999,0.4571428571428572,2.04,0.24029219530949636,0.565685424949238,0.0,0.6,0.0,0.0,0,0
FAPbI3,FA,Pb,I,2.53,1.19,2.2,2.57,2.33,2.66,0.1,0.36,3.05,0.9866121165228229,0.5409090909090909,311.66575200000005,3.3721374074808534,0.33000000000000007,0.5409090909090909,3.39,0.08701629815264399,0.5336674630282542,0.0,0.6,0.0,0.0,1,0
FAPbBr3,FA,Pb,Br,2.53,1.19,1.96,2.57,2.33,2.96,0.1,0.36,3.36,1.0079077611198726,0.6071428571428571,250.04699999999997,3.266738891945837,0.6299999999999999,0.6071428571428571,3.15,0.10078105316200554,0.6119439978227798,0.0,0.6,0.0,0.0,1,0
FAPbCl3,FA,Pb,Cl,2.53,1.19,1.81,2.57,2.33,3.16,0.1,0.36,3.61,1.0229478101165386,0.6574585635359116,216.0,2.75532922494065,0.8300000000000001,0.6574585635359116,3.0,0.1111111111111111,0.6725457978114259,0.0,0.6,0.0,0.0,1,0
FAPbF3,FA,Pb,F,2.53,1.19,1.33,2.57,2.33,3.98,0.1,0.36,3.4,1.0831080061032037,0.894736842105263,128.024064,4.006688207246729,1.65,0.894736842105263,2.52,0.15747039556563364,0.9690966370397085,0.0,0.6,0.0,0.0,0,0
FAPbO3,FA,Pb,O,2.53,1.19,1.4,2.57,2.33,3.44,0.1,0.36,1.46,1.072945810835186,0.85,138.991832,3.5865811158385745,1.1099999999999999,0.85,2.59,0.14907350814686723,0.912003939209908,0.0,0.6,0.0,0.0,0,0
FASnI3,FA,Sn,I,2.53,1.1,2.2,2.57,1.96,2.66,0.1,1.11,3.05,1.0135197197007182,0.5,287.4960000000001,3.1444562653820167,0.7000000000000002,0.5,3.3000000000000003,0.09182736455463726,0.5067598598503591,0.0,0.6,0.0,0.0,1,0
FASnBr3,FA,Sn,Br,2.53,1.1,1.96,2.57,1.96,2.96,0.1,1.11,3.36,1.037552107035163,0.5612244897959184,229.22092800000001,2.922408189695482,1.0,0.5612244897959184,3.06,0.10679653124866505,0.5822996519074894,0.0,0.6,0.0,0.0,1,0
FASnCl3,FA,Sn,Cl,2.53,1.1,1.81,2.57,1.96,3.16,0.1,1.11,3.61,1.0545853712541635,0.6077348066298343,197.13736800000004,2.273490686502409,1.2000000000000002,0.6077348066298343,2.91,0.11809024456489647,0.640908236673801,0.0,0.6,0.0,0.0,0,0
FASnF3,FA,Sn,F,2.53,1.1,1.33,2.57,1.96,3.98,0.1,1.11,3.4,1.1232231174403593,0.8270676691729324,114.79125600000002,3.188320937920726,2.02,0.8270676691729324,2.43,0.16935087808430285,0.9289815257025529,0.0,0.6,0.0,0.0,0,0
FASnO3,FA,Sn,O,2.53,1.1,1.4,2.57,1.96,3.44,0.1,1.11,1.46,1.1115718600252527,0.7857142857142858,125.0,2.812354699435404,1.48,0.7857142857142858,2.5,0.16,0.8733778900198415,0.0,0.6,0.0,0.0,0,0
FAGeI3,FA,Ge,I,2.53,0.73,2.2,2.57,2.01,2.66,0.1,1.23,3.05,1.141506851540058,0.3318181818181818,201.23005600000002,4.11203959588143,0.6500000000000004,0.3318181818181818,2.93,0.11648359328588567,0.3787727280110192,0.0,0.6,0.0,0.0,0,0
FAGeBr3,FA,Ge,Br,2.53,0.73,1.96,2.57,2.01,2.96,0.1,1.23,3.36,1.180263735140371,0.37244897959183676,155.72087199999999,3.8101795173479864,0.9500000000000002,0.37244897959183676,2.69,0.13819598955238319,0.43958802380228107,0.0,0.6,0.0,0.0,0,0
FAGeCl3,FA,Ge,Cl,2.53,0.73,1.81,2.57,2.01,3.16,0.1,1.23,3.61,1.2082060749407937,0.4033149171270718,131.09651200000002,2.834837663650175,1.1500000000000004,0.4033149171270718,2.54,0.15500031000062,0.4872875329871709,0.0,0.6,0.0,0.0,0,0
FAGeF3,FA,Ge,F,2.53,0.73,1.33,2.57,2.01,3.98,0.1,1.23,3.4,1.32496707542722,0.5488721804511277,69.934528,4.138709918456693,1.9700000000000002,0.5488721804511277,2.06,0.2356489772834386,0.727237567715692,0.0,0.6,0.0,0.0,0,0
FAGeO3,FA,Ge,O,2.53,0.73,1.4,2.57,2.01,3.44,0.1,1.23,1.46,1.3046618075413763,0.5214285714285715,77.308776,3.557056667286965,1.4300000000000002,0.5214285714285715,2.13,0.2204148206925434,0.6802879425037177,0.0,0.6,0.0,0.0,0,0
FATiI3,FA,Ti,I,2.53,0.6,2.2,2.57,1.54,2.66,0.1,0.08,3.05,1.194505383932989,0.2727272727272727,175.61600000000004,4.4772892373251425,1.12,0.2727272727272727,2.8000000000000003,0.12755102040816324,0.3257741956180879,0.0,0.6,0.0,0.0,0,0
FATiBr3,FA,Ti,Br,2.53,0.6,1.96,2.57,1.54,2.96,0.1,0.08,3.36,1.240199002940468,0.30612244897959184,134.21772800000002,4.11377955575751,1.42,0.30612244897959184,2.56,0.152587890625,0.37965275600218407,0.0,0.6,0.0,0.0,0,0
FATiCl3,FA,Ti,Cl,2.53,0.6,1.81,2.57,1.54,3.16,0.1,0.08,3.61,1.2733790167425791,0.3314917127071823,111.98016800000002,2.9510135967953013,1.62,0.3314917127071823,2.41,0.1721733441228629,0.42211459118538536,0.0,0.6,0.0,0.0,0,0
FATiF3,FA,Ti,F,2.53,0.6,1.33,2.57,1.54,3.98,0.1,0.08,3.4,1.414213562373095,0.45112781954887216,57.512456000000014,4.31656740975976,2.44,0.45112781954887216,1.9300000000000002,0.2684635829149775,0.6379910807698173,0.0,0.6,0.0,0.0,0,0
FATiO3,FA,Ti,O,2.53,0.6,1.4,2.57,1.54,3.44,0.1,0.08,1.46,1.3894648250315658,0.4285714285714286,64.0,3.653271338425773,1.9,0.4285714285714286,2.0,0.25,0.5954849250135282,0.0,0.6,0.0,0.0,0,0
FAZnI3,FA,Zn,I,2.53,0.74,2.2,2.57,1.65,2.66,0.1,0.0,3.05,1.1376241751742753,0.3363636363636363,203.29747200000008,4.010594581428873,1.0100000000000002,0.3363636363636363,2.9400000000000004,0.11569253551760837,0.3826554043768016,0.0,0.6,0.0,0.0,0,0
FAZnBr3,FA,Zn,Br,2.53,0.74,1.96,2.57,1.65,2.96,0.1,0.0,3.36,1.1758923879731844,0.37755102040816324,157.46400000000003,3.6910167300838173,1.31,0.37755102040816324,2.7,0.1371742112482853,0.4439593709694675,0.0,0.6,0.0,0.0,0,0
FAZnCl3,FA,Zn,Cl,2.53,0.74,1.81,2.57,1.65,3.16,0.1,0.0,3.61,1.2034680119018102,0.4088397790055249,132.65099999999998,2.7102329515700454,1.5100000000000002,0.4088397790055249,2.55,0.15378700499807768,0.4920255960261545,0.0,0.6,0.0,0.0,0,0
FAZnF3,FA,Zn,F,2.53,0.74,1.33,2.57,1.65,3.98,0.1,0.0,3.4,1.318566268299552,0.556390977443609,70.95794400000003,3.908181248094478,2.33,0.556390977443609,2.0700000000000003,0.23337767509160068,0.7336383748433597,0.0,0.6,0.0,0.0,0,0
FAZnO3,FA,Zn,O,2.53,0.74,1.4,2.57,1.65,3.44,0.1,0.0,1.46,1.2985652570388466,0.5285714285714286,78.40275199999996,3.3528093322355,1.79,0.5285714285714286,2.1399999999999997,0.218359682068303,0.6863844930062475,0.0,0.6,0.0,0.0,0,0
FAMgI3,FA,Mg,I,2.53,0.72,2.2,2.57,1.31,2.66,0.1,0.0,3.05,1.1454161215795788,0.3272727272727272,199.17670399999997,3.7517442124967633,1.35,0.3272727272727272,2.92,0.11728279226871835,0.37486345797149845,0.0,0.6,0.0,0.0,0,0
FAMgBr3,FA,Mg,Br,2.53,0.72,1.96,2.57,1.31,2.96,0.1,0.0,3.36,1.1846677043013427,0.3673469387755102,153.99065599999994,3.332140914190995,1.65,0.3673469387755102,2.6799999999999997,0.13922922699933174,0.4351840546413096,0.0,0.6,0.0,0.0,0,0
FAMgCl3,FA,Mg,Cl,2.53,0.72,1.81,2.57,1.31,3.16,0.1,0.0,3.61,1.2129815930235635,0.39779005524861877,129.55421600000003,2.249493896312185,1.85,0.39779005524861877,2.5300000000000002,0.1562280304332203,0.48251201490440093,0.0,0.6,0.0,0.0,0,0
FAMgF3,FA,Mg,F,2.53,0.72,1.33,2.57,1.31,3.98,0.1,0.0,3.4,1.3314303294536942,0.5413533834586466,68.92099999999998,3.035835420538452,2.67,0.5413533834586466,2.05,0.2379535990481856,0.7207743136892178,0.0,0.6,0.0,0.0,0,0
FAMgO3,FA,Mg,O,2.53,0.72,1.4,2.57,1.31,3.44,0.1,0.0,1.46,1.3108158726712882,0.5142857142857143,76.225024,2.555404711362738,2.13,0.5142857142857143,2.12,0.22249911000355996,0.6741338773738055,0.0,0.6,0.0,0.0,0,0
FASrI3,FA,Sr,I,2.53,1.18,2.2,2.57,0.95,2.66,0.1,0.05,3.05,0.9895310872817663,0.5363636363636363,308.915776,2.7592460230000584,1.7100000000000002,0.5363636363636363,3.38,0.08753194916144394,0.5307484922693109,0.0,0.6,0.0,0.0,1,0
FASrBr3,FA,Sr,Br,2.53,1.18,1.96,2.57,0.95,2.96,0.1,0.05,3.36,1.01111765844828,0.6020408163265306,247.67315199999993,2.496165370134697,2.01,0.6020408163265306,3.1399999999999997,0.10142399285975091,0.6087341004943726,0.0,0.6,0.0,0.0,1,0
FASrCl3,FA,Sr,Cl,2.53,1.18,1.81,2.57,0.95,3.16,0.1,0.05,3.61,1.0263690402507075,0.6519337016574586,213.84719200000004,1.854342787008896,2.21,0.6519337016574586,2.99,0.11185557208532342,0.6691245676772568,0.0,0.6,0.0,0.0,1,0
FASrF3,FA,Sr,F,2.53,1.18,1.33,2.57,0.95,3.98,0.1,0.05,3.4,1.0874231774422605,0.8872180451127819,126.50600799999997,2.4848416123661634,3.0300000000000002,0.8872180451127819,2.51,0.15872763924382155,0.964781465700652,0.0,0.6,0.0,0.0,0,0
FASrO3,FA,Sr,O,2.53,1.18,1.4,2.57,0.95,3.44,0.1,0.05,1.46,1.0771045155283454,0.8428571428571429,137.38809600000002,2.1828700888840746,2.49,0.8428571428571429,2.58,0.15023135628868456,0.9078452345167483,0.0,0.6,0.0,0.0,0,0
FACaI3,FA,Ca,I,2.53,1.0,2.2,2.57,1.0,2.66,0.1,0.02,3.05,1.0451922109413654,0.45454545454545453,262.14400000000006,2.9500241059474632,1.6600000000000001,0.45454545454545453,3.2,0.09765624999999999,0.4750873686097115,0.0,0.6,0.0,0.0,1,0
FACaBr3,FA,Ca,Br,2.53,1.0,1.96,2.57,1.0,2.96,0.1,0.02,3.36,1.0726045430836482,0.5102040816326531,207.474688,2.598821298114313,1.96,0.5102040816326531,2.96,0.11413440467494522,0.5472472158590042,0.0,0.6,0.0,0.0,0,0
FACaCl3,FA,Ca,Cl,2.53,1.0,1.81,2.57,1.0,3.16,0.1,0.02,3.61,1.0921150997685467,0.5524861878453039,177.50432800000002,1.7887028133016658,2.16,0.5524861878453039,2.81,0.12664479933131545,0.6033785081594181,0.0,0.6,0.0,0.0,0,0
FACaF3,FA,Ca,F,2.53,1.0,1.33,2.57,1.0,3.98,0.1,0.02,3.4,1.1714301181888724,0.7518796992481203,101.19469600000001,2.3252590803004316,2.98,0.7518796992481203,2.33,0.18419937740610434,0.8807745249540394,0.0,0.6,0.0,0.0,0,0
FACaO3,FA,Ca,O,2.53,1.0,1.4,2.57,1.0,3.44,0.1,0.02,1.46,1.1578873541929715,0.7142857142857143,110.59199999999998,1.9970419034527724,2.44,0.7142857142857143,2.4,0.1736111111111111,0.8270623958521225,0.0,0.6,0.0,0.0,0,0
FAMnI3,FA,Mn,I,2.53,0.67,2.2,2.57,1.55,2.66,0.1,0.0,3.05,1.1653711062760872,0.30454545454545456,189.11922400000003,4.2199503190533445,1.11,0.30454545454545456,2.87,0.12140489747356407,0.3549084732749902,0.0,0.6,0.0,0.0,0,0
FAMnBr3,FA,Mn,Br,2.53,0.67,1.96,2.57,1.55,2.96,0.1,0.0,3.36,1.207189904002889,0.3418367346938776,145.53157599999997,3.8749820755218867,1.41,0.3418367346938776,2.63,0.14457343607685524,0.41266185493976315,0.0,0.6,0.0,0.0,0,0
FAMnCl3,FA,Mn,Cl,2.53,0.67,1.81,2.57,1.55,3.16,0.1,0.0,3.61,1.2374368670764582,0.3701657458563536,122.02393599999999,2.804737435245908,1.61,0.3701657458563536,2.48,0.1625910509885536,0.4580567408515066,0.0,0.6,0.0,0.0,0,0
FAMnF3,FA,Mn,F,2.53,0.67,1.33,2.57,1.55,3.98,0.1,0.0,3.4,1.3647160876900366,0.5037593984962406,64.0,4.063226502822983,2.4299999999999997,0.5037593984962406,2.0,0.25,0.6874885554528756,0.0,0.6,0.0,0.0,0,0
FAMnO3,FA,Mn,O,2.53,0.67,1.4,2.57,1.55,3.44,0.1,0.0,1.46,1.342478091817938,0.47857142857142865,70.95794399999998,3.461197644270501,1.89,0.47857142857142865,2.07,0.23337767509160076,0.6424716582271561,0.0,0.6,0.0,0.0,0,0
FAFeI3,FA,Fe,I,2.53,0.64,2.2,2.57,1.83,2.66,0.1,0.15,3.05,1.1776813644409752,0.2909090909090909,183.25043200000005,4.363254378308441,0.8300000000000001,0.2909090909090909,2.8400000000000003,0.12398333663955562,0.34259821511010186,0.0,0.6,0.0,0.0,0,0
FAFeBr3,FA,Fe,Br,2.53,0.64,1.96,2.57,1.83,2.96,0.1,0.15,3.36,1.2211190182798455,0.326530612244898,140.608,4.021298706442332,1.13,0.326530612244898,2.6,0.14792899408284022,0.39873274066280673,0.0,0.6,0.0,0.0,0,0
FAFeCl3,FA,Fe,Cl,2.53,0.64,1.81,2.57,1.83,3.16,0.1,0.15,3.61,1.2525891552447412,0.35359116022099446,117.64900000000003,2.9217385731136094,1.33,0.35359116022099446,2.45,0.16659725114535606,0.4429044526832234,0.0,0.6,0.0,0.0,0,0
FAFeF3,FA,Fe,F,2.53,0.64,1.33,2.57,1.83,3.98,0.1,0.15,3.4,1.3854985661827781,0.48120300751879697,61.162984000000016,4.276132378918321,2.15,0.48120300751879697,1.9700000000000002,0.2576721894405936,0.6667060769601338,0.0,0.6,0.0,0.0,0,0
FAFeO3,FA,Fe,O,2.53,0.64,1.4,2.57,1.83,3.44,0.1,0.15,1.46,1.3622204166976133,0.4571428571428572,67.91731200000001,3.6381591295614055,1.6099999999999999,0.4571428571428572,2.04,0.24029219530949636,0.6227293333474804,0.0,0.6,0.0,0.0,0,0
BaPbI3,Ba,Pb,I,1.35,1.19,2.2,0.89,2.33,2.66,0.14,0.36,3.05,0.7404805525699834,0.5409090909090909,311.66575200000005,3.863918546223913,0.33000000000000007,0.5409090909090909,3.39,0.08701629815264399,0.400532662526491,0.0,0.6,0.0,0.0,0,0
BaPbBr3,Ba,Pb,Br,1.35,1.19,1.96,0.89,2.33,2.96,0.14,0.36,3.36,0.7430233161039594,0.6071428571428571,250.04699999999997,3.8797090072672455,0.6299999999999999,0.6071428571428571,3.15,0.10078105316200554,0.4511212990631182,0.0,0.6,0.0,0.0,0,0
BaPbCl3,Ba,Pb,Cl,1.35,1.19,1.81,0.89,2.33,3.16,0.14,0.36,3.61,0.74481914284983,0.6574585635359116,216.0,3.4649187546895948,0.8300000000000001,0.6574585635359116,3.0,0.1111111111111111,0.4896877237520981,0.0,0.6,0.0,0.0,0,0
BaPbF3,Ba,Pb,F,1.35,1.19,1.33,0.89,2.33,3.98,0.14,0.36,3.4,0.7520024498333124,0.894736842105263,128.024064,5.203895463733854,1.65,0.894736842105263,2.52,0.15747039556563364,0.6728442972192795,0.0,0.6,0.0,0.0,0,0
BaPbO3,Ba,Pb,O,1.35,1.19,1.4,0.89,2.33,3.44,0.14,0.36,1.46,0.7507890533833999,0.85,138.991832,4.689317414945505,1.1099999999999999,0.85,2.59,0.14907350814686723,0.6381706953758899,0.0,0.6,0.0,0.0,0,0
BaSnI3,Ba,Sn,I,1.35,1.1,2.2,0.89,1.96,2.66,0.14,1.11,3.05,0.7606754767309829,0.5,287.4960000000001,3.6775813816471894,0.7000000000000002,0.5,3.3000000000000003,0.09182736455463726,0.38033773836549145,0.0,0.6,0.0,0.0,0,0
BaSnBr3,Ba,Sn,Br,1.35,1.1,1.96,0.89,1.96,2.96,0.14,1.11,3.36,0.7648769430481935,0.5612244897959184,229.22092800000001,3.591070251938648,1.0,0.5612244897959184,3.06,0.10679653124866505,0.42926767211888417,0.0,0.6,0.0,0.0,0,0
BaSnCl3,Ba,Sn,Cl,1.35,1.1,1.81,0.89,1.96,3.16,0.14,1.11,3.61,0.7678547864431238,0.6077348066298343,197.13736800000004,3.050975645243322,1.2000000000000002,0.6077348066298343,2.91,0.11809024456489647,0.4666520801588045,0.0,0.6,0.0,0.0,0,0
BaSnF3,Ba,Sn,F,1.35,1.1,1.33,0.89,1.96,3.98,0.14,1.11,3.4,0.7798543924197313,0.8270676691729324,114.79125600000002,4.523538826169742,2.02,0.8270676691729324,2.43,0.16935087808430285,0.6449923546328605,0.0,0.6,0.0,0.0,0,0
BaSnO3,Ba,Sn,O,1.35,1.1,1.4,0.89,1.96,3.44,0.14,1.11,1.46,0.7778174593052023,0.7857142857142858,125.0,4.038525406841582,1.48,0.7857142857142858,2.5,0.16,0.6111422894540876,0.0,0.6,0.0,0.0,0,0
BaGeI3,Ba,Ge,I,1.35,0.73,2.2,0.89,2.01,2.66,0.14,1.23,3.05,0.85673347208609,0.3318181818181818,201.23005600000002,4.8737117907436724,0.6500000000000004,0.3318181818181818,2.93,0.11648359328588567,0.2842797430103844,0.0,0.6,0.0,0.0,0,0
BaGeBr3,Ba,Ge,Br,1.35,0.73,1.96,0.89,2.01,2.96,0.14,1.23,3.36,0.8700830653261978,0.37244897959183676,155.72087199999999,4.794449233136453,0.9500000000000002,0.37244897959183676,2.69,0.13819598955238319,0.3240615498408798,0.0,0.6,0.0,0.0,0,0
BaGeCl3,Ba,Ge,Cl,1.35,0.73,1.81,0.89,2.01,3.16,0.14,1.23,3.61,0.8797076490352324,0.4033149171270718,131.09651200000002,4.003986530294104,1.1500000000000004,0.4033149171270718,2.54,0.15500031000062,0.3547992175666959,0.0,0.6,0.0,0.0,1,0
BaGeF3,Ba,Ge,F,1.35,0.73,1.33,0.89,2.01,3.98,0.14,1.23,3.4,0.919925326980557,0.5488721804511277,69.934528,6.330350339991707,1.9700000000000002,0.5488721804511277,2.06,0.2356489772834386,0.5049214200720349,0.0,0.6,0.0,0.0,1,0
BaGeO3,Ba,Ge,O,1.35,0.73,1.4,0.89,2.01,3.44,0.14,1.23,1.46,0.9129312902643218,0.5214285714285715,77.308776,5.539643203462006,1.4300000000000002,0.5214285714285715,2.13,0.2204148206925434,0.47602845849496783,0.0,0.6,0.0,0.0,1,0
BaTiI3,Ba,Ti,I,1.35,0.6,2.2,0.89,1.54,2.66,0.14,0.08,3.05,0.8965103832900869,0.2727272727272727,175.61600000000004,5.350053327304257,1.12,0.2727272727272727,2.8000000000000003,0.12755102040816324,0.24450283180638732,0.0,0.6,0.0,0.0,0,0
BaTiBr3,Ba,Ti,Br,1.35,0.6,1.96,0.89,1.54,2.96,0.14,0.08,3.36,0.9142669709872937,0.30612244897959184,134.21772800000002,5.255740015897115,1.42,0.30612244897959184,2.56,0.152587890625,0.2798776441797838,0.0,0.6,0.0,0.0,0,0
BaTiCl3,Ba,Ti,Cl,1.35,0.6,1.81,0.89,1.54,3.16,0.14,0.08,3.61,0.9271607587342282,0.3314917127071823,111.98016800000002,4.319750054002368,1.62,0.3314917127071823,2.41,0.1721733441228629,0.30734610786769995,0.0,0.6,0.0,0.0,0,0
BaTiF3,Ba,Ti,F,1.35,0.6,1.33,0.89,1.54,3.98,0.14,0.08,3.4,0.981889209108781,0.45112781954887216,57.512456000000014,6.981578593176657,2.44,0.45112781954887216,1.9300000000000002,0.2684635829149775,0.44295753794381093,0.0,0.6,0.0,0.0,1,0
BaTiO3,Ba,Ti,O,1.35,0.6,1.4,0.89,1.54,3.44,0.14,0.08,1.46,0.9722718241315028,0.4285714285714286,64.0,6.048136001328463,1.9,0.4285714285714286,2.0,0.25,0.416687924627787,0.0,0.6,0.0,0.0,1,0
BaZnI3,Ba,Zn,I,1.35,0.74,2.2,0.89,1.65,2.66,0.14,0.0,3.05,0.8538194126572256,0.3363636363636363,203.29747200000008,4.76452101700094,1.0100000000000002,0.3363636363636363,2.9400000000000004,0.11569253551760837,0.2871938024392486,0.0,0.6,0.0,0.0,0,0
BaZnBr3,Ba,Zn,Br,1.35,0.74,1.96,0.89,1.65,2.96,0.14,0.0,3.36,0.8668605354546193,0.37755102040816324,157.46400000000003,4.664390570617351,1.31,0.37755102040816324,2.7,0.1371742112482853,0.32728407971245826,0.0,0.6,0.0,0.0,0,0
BaZnCl3,Ba,Zn,Cl,1.35,0.74,1.81,0.89,1.65,3.16,0.14,0.0,3.61,0.8762578151174472,0.4088397790055249,132.65099999999998,3.865680995126236,1.5100000000000002,0.4088397790055249,2.55,0.15378700499807768,0.35824905148448116,0.0,0.6,0.0,0.0,1,0
BaZnF3,Ba,Zn,F,1.35,0.74,1.33,0.89,1.65,3.98,0.14,0.0,3.4,0.9154812432753368,0.556390977443609,70.95794400000003,6.068211961861666,2.33,0.556390977443609,2.0700000000000003,0.23337767509160068,0.509365503777255,0.0,0.6,0.0,0.0,1,0
BaZnO3,Ba,Zn,O,1.35,0.74,1.4,0.89,1.65,3.44,0.14,0.0,1.46,0.9086652561976662,0.5285714285714286,78.40275199999996,5.307732272003893,1.79,0.5285714285714286,2.1399999999999997,0.218359682068303,0.4802944925616236,0.0,0.6,0.0,0.0,1,0
BaMgI3,Ba,Mg,I,1.35,0.72,2.2,0.89,1.31,2.66,0.14,0.0,3.05,0.8596674908261109,0.3272727272727272,199.17670399999997,4.521268636526655,1.35,0.3272727272727272,2.92,0.11728279226871835,0.28134572427036353,0.0,0.6,0.0,0.0,0,0
BaMgBr3,Ba,Mg,Br,1.35,0.72,1.96,0.89,1.31,2.96,0.14,0.0,3.36,0.8733296439281614,0.3673469387755102,153.99065599999994,4.3274697374266875,1.65,0.3673469387755102,2.6799999999999997,0.13922922699933174,0.32081497123891645,0.0,0.6,0.0,0.0,0,0
BaMgCl3,Ba,Mg,Cl,1.35,0.72,1.81,0.89,1.31,3.16,0.14,0.0,3.61,0.8831847543673873,0.39779005524861877,129.55421600000003,3.43256105659489,1.85,0.39779005524861877,2.5300000000000002,0.1562280304332203,0.3513221122345408,0.0,0.6,0.0,0.0,0,0
BaMgF3,Ba,Mg,F,1.35,0.72,1.33,0.89,1.31,3.98,0.14,0.0,3.4,0.9244127675999744,0.5413533834586466,68.92099999999998,5.259705335742414,2.67,0.5413533834586466,2.05,0.2379535990481856,0.5004339794526177,0.0,0.6,0.0,0.0,1,0
BaMgO3,Ba,Mg,O,1.35,0.72,1.4,0.89,1.31,3.44,0.14,0.0,1.46,0.9172375699353799,0.5142857142857143,76.225024,4.5661792625884905,2.13,0.5142857142857143,2.12,0.22249911000355996,0.4717221788239097,0.0,0.6,0.0,0.0,1,0
BaSrI3,Ba,Sr,I,1.35,1.18,2.2,0.89,0.95,2.66,0.14,0.05,3.05,0.7426713234355751,0.5363636363636363,308.915776,3.2554050097970686,1.7100000000000002,0.5363636363636363,3.38,0.08753194916144394,0.3983418916608993,0.0,0.6,0.0,0.0,0,0
BaSrBr3,Ba,Sr,Br,1.35,1.18,1.96,0.89,0.95,2.96,0.14,0.05,3.36,0.7453896323972843,0.6020408163265306,247.67315199999993,3.1150105585940917,2.01,0.6020408163265306,3.1399999999999997,0.10142399285975091,0.4487549827697936,0.0,0.6,0.0,0.0,0,0
BaSrCl3,Ba,Sr,Cl,1.35,1.18,1.81,0.89,0.95,3.16,0.14,0.05,3.61,0.7473101767724046,0.6519337016574586,213.84719200000004,2.5710757821551318,2.21,0.6519337016574586,2.99,0.11185557208532342,0.48719668982952347,0.0,0.6,0.0,0.0,0,0
BaSrF3,Ba,Sr,F,1.35,1.18,1.33,0.89,0.95,3.98,0.14,0.05,3.4,0.7549984755298597,0.8872180451127819,126.50600799999997,3.696415203604394,3.0300000000000002,0.8872180451127819,2.51,0.15872763924382155,0.6698482715227326,0.0,0.6,0.0,0.0,0,0
BaSrO3,Ba,Sr,O,1.35,1.18,1.4,0.89,0.95,3.44,0.14,0.05,1.46,0.7536990884740332,0.8428571428571429,137.38809600000002,3.2984786669793134,2.49,0.8428571428571429,2.58,0.15023135628868456,0.6352606602852565,0.0,0.6,0.0,0.0,0,0
BaCaI3,Ba,Ca,I,1.35,1.0,2.2,0.89,1.0,2.66,0.14,0.02,3.05,0.7844465853788261,0.45454545454545453,262.14400000000006,3.53470786153894,1.6600000000000001,0.45454545454545453,3.2,0.09765624999999999,0.3565666297176482,0.0,0.6,0.0,0.0,0,0
BaCaBr3,Ba,Ca,Br,1.35,1.0,1.96,0.89,1.0,2.96,0.14,0.02,3.36,0.7907173803133352,0.5102040816326531,207.474688,3.337568467242588,1.96,0.5102040816326531,2.96,0.11413440467494522,0.40342723485374243,0.0,0.6,0.0,0.0,0,0
BaCaCl3,Ba,Ca,Cl,1.35,1.0,1.81,0.89,1.0,3.16,0.14,0.02,3.61,0.7951805795549787,0.5524861878453039,177.50432800000002,2.6521822571706184,2.16,0.5524861878453039,2.81,0.12664479933131545,0.4393262870469496,0.0,0.6,0.0,0.0,0,0
BaCaF3,Ba,Ca,F,1.35,1.0,1.33,0.89,1.0,3.98,0.14,0.02,3.4,0.8133245380171448,0.7518796992481203,101.19469600000001,3.8398773803126396,2.98,0.7518796992481203,2.33,0.18419937740610434,0.6115222090354472,0.0,0.6,0.0,0.0,0,0
BaCaO3,Ba,Ca,O,1.35,1.0,1.4,0.89,1.0,3.44,0.14,0.02,1.46,0.8102265201095857,0.7142857142857143,110.59199999999998,3.3829589537436813,2.44,0.7142857142857143,2.4,0.1736111111111111,0.5787332286497041,0.0,0.6,0.0,0.0,0,0
BaMnI3,Ba,Mn,I,1.35,0.67,2.2,0.89,1.55,2.66,0.14,0.0,3.05,0.8746442763805727,0.30454545454545456,189.11922400000003,5.030398538879861,1.11,0.30454545454545456,2.87,0.12140489747356407,0.2663689387159017,0.0,0.6,0.0,0.0,0,0
BaMnBr3,Ba,Mn,Br,1.35,0.67,1.96,0.89,1.55,2.96,0.14,0.0,3.36,0.8899328690978983,0.3418367346938776,145.53157599999997,4.9281647774378765,1.41,0.3418367346938776,2.63,0.14457343607685524,0.30421174606917956,0.0,0.6,0.0,0.0,0,0
BaMnCl3,Ba,Mn,Cl,1.35,0.67,1.81,0.89,1.55,3.16,0.14,0.0,3.61,0.9009908986086654,0.3701657458563536,122.02393599999999,4.0608134433642835,1.61,0.3701657458563536,2.48,0.1625910509885536,0.3335159679932629,0.0,0.6,0.0,0.0,0,0
BaMnF3,Ba,Mn,F,1.35,0.67,1.33,0.89,1.55,3.98,0.14,0.0,3.4,0.9475230867899737,0.5037593984962406,64.0,6.458091165725673,2.4299999999999997,0.5037593984962406,2.0,0.25,0.47732366026261835,0.0,0.6,0.0,0.0,1,0
BaMnO3,Ba,Mn,O,1.35,0.67,1.4,0.89,1.55,3.44,0.14,0.0,1.46,0.9393930667937225,0.47857142857142865,70.95794399999998,5.62122835803769,1.89,0.47857142857142865,2.07,0.23337767509160076,0.44956668196556726,0.0,0.6,0.0,0.0,1,0
BaFeI3,Ba,Fe,I,1.35,0.64,2.2,0.89,1.83,2.66,0.14,0.15,3.05,0.8838834764831843,0.2909090909090909,183.25043200000005,5.199658073257287,0.8300000000000001,0.2909090909090909,2.8400000000000003,0.12398333663955562,0.25712973861328997,0.0,0.6,0.0,0.0,0,0
BaFeBr3,Ba,Fe,Br,1.35,0.64,1.96,0.89,1.83,2.96,0.14,0.15,3.36,0.900201325279797,0.326530612244898,140.608,5.111360000435364,1.13,0.326530612244898,2.6,0.14792899408284022,0.2939432898872807,0.0,0.6,0.0,0.0,0,0
BaFeCl3,Ba,Fe,Cl,1.35,0.64,1.81,0.89,1.83,3.16,0.14,0.15,3.61,0.9120234402242817,0.35359116022099446,117.64900000000003,4.224523453782141,1.33,0.35359116022099446,2.45,0.16659725114535606,0.32248342637764654,0.0,0.6,0.0,0.0,0,0
BaFeF3,Ba,Fe,F,1.35,0.64,1.33,0.89,1.83,3.98,0.14,0.15,3.4,0.9619523723756077,0.48120300751879697,61.162984000000016,6.782081703198709,2.15,0.48120300751879697,1.9700000000000002,0.2576721894405936,0.46289437467698413,0.0,0.6,0.0,0.0,1,0
BaFeO3,Ba,Fe,O,1.35,0.64,1.4,0.89,1.83,3.44,0.14,0.15,1.46,0.9532076707171595,0.4571428571428572,67.91731200000001,5.8948935896320895,1.6099999999999999,0.4571428571428572,2.04,0.24029219530949636,0.4357520780421301,0.0,0.6,0.0,0.0,1,0
