composition,composition_obj,MagpieData minimum Number,MagpieData maximum Number,MagpieData range Number,MagpieData mean Number,MagpieData avg_dev Number,MagpieData mode Number,MagpieData minimum MendeleevNumber,MagpieData maximum MendeleevNumber,MagpieData range MendeleevNumber,MagpieData mean MendeleevNumber,MagpieData avg_dev MendeleevNumber,MagpieData mode MendeleevNumber,MagpieData minimum AtomicWeight,MagpieData maximum AtomicWeight,MagpieData range AtomicWeight,MagpieData mean AtomicWeight,MagpieData avg_dev AtomicWeight,MagpieData mode AtomicWeight,MagpieData minimum MeltingT,MagpieData maximum MeltingT,MagpieData range MeltingT,MagpieData mean MeltingT,MagpieData avg_dev MeltingT,MagpieData mode MeltingT,MagpieData minimum Column,MagpieData maximum Column,MagpieData range Column,MagpieData mean Column,MagpieData avg_dev Column,MagpieData mode Column,MagpieData minimum Row,MagpieData maximum Row,MagpieData range Row,MagpieData mean Row,MagpieData avg_dev Row,MagpieData mode Row,MagpieData minimum CovalentRadius,MagpieData maximum CovalentRadius,MagpieData range CovalentRadius,MagpieData mean CovalentRadius,MagpieData avg_dev CovalentRadius,MagpieData mode CovalentRadius,MagpieData minimum Electronegativity,MagpieData maximum Electronegativity,MagpieData range Electronegativity,MagpieData mean Electronegativity,MagpieData avg_dev Electronegativity,MagpieData mode Electronegativity,MagpieData minimum NsValence,MagpieData maximum NsValence,MagpieData range NsValence,MagpieData mean NsValence,MagpieData avg_dev NsValence,MagpieData mode NsValence,MagpieData minimum NpValence,MagpieData maximum NpValence,MagpieData range NpValence,MagpieData mean NpValence,MagpieData avg_dev NpValence,MagpieData mode NpValence,MagpieData minimum NdValence,MagpieData maximum NdValence,MagpieData range NdValence,MagpieData mean NdValence,MagpieData avg_dev NdValence,MagpieData mode NdValence,MagpieData minimum NfValence,MagpieData maximum NfValence,MagpieData range NfValence,MagpieData mean NfValence,MagpieData avg_dev NfValence,MagpieData mode NfValence,MagpieData minimum NValence,MagpieData maximum NValence,MagpieData range NValence,MagpieData mean NValence,MagpieData avg_dev NValence,MagpieData mode NValence,MagpieData minimum NsUnfilled,MagpieData maximum NsUnfilled,MagpieData range NsUnfilled,MagpieData mean NsUnfilled,MagpieData avg_dev NsUnfilled,MagpieData mode NsUnfilled,MagpieData minimum NpUnfilled,MagpieData maximum NpUnfilled,MagpieData range NpUnfilled,MagpieData mean NpUnfilled,MagpieData avg_dev NpUnfilled,MagpieData mode NpUnfilled,MagpieData minimum NdUnfilled,MagpieData maximum NdUnfilled,MagpieData range NdUnfilled,MagpieData mean NdUnfilled,MagpieData avg_dev NdUnfilled,MagpieData mode NdUnfilled,MagpieData minimum NfUnfilled,MagpieData maximum NfUnfilled,MagpieData range NfUnfilled,MagpieData mean NfUnfilled,MagpieData avg_dev NfUnfilled,MagpieData mode NfUnfilled,MagpieData minimum NUnfilled,MagpieData maximum NUnfilled,MagpieData range NUnfilled,MagpieData mean NUnfilled,MagpieData avg_dev NUnfilled,MagpieData mode NUnfilled,MagpieData minimum GSvolume_pa,MagpieData maximum GSvolume_pa,MagpieData range GSvolume_pa,MagpieData mean GSvolume_pa,MagpieData avg_dev GSvolume_pa,MagpieData mode GSvolume_pa,MagpieData minimum GSbandgap,MagpieData maximum GSbandgap,MagpieData range GSbandgap,MagpieData mean GSbandgap,MagpieData avg_dev GSbandgap,MagpieData mode GSbandgap,MagpieData minimum GSmagmom,MagpieData maximum GSmagmom,MagpieData range GSmagmom,MagpieData mean GSmagmom,MagpieData avg_dev GSmagmom,MagpieData mode GSmagmom,MagpieData minimum SpaceGroupNumber,MagpieData maximum SpaceGroupNumber,MagpieData range SpaceGroupNumber,MagpieData mean SpaceGroupNumber,MagpieData avg_dev SpaceGroupNumber,MagpieData mode SpaceGroupNumber
CsPbCl3,Cs1 Pb1 Cl3,17.0,82.0,65.0,37.6,24.72,17.0,5.0,94.0,89.0,73.6,27.440000000000005,94.0,35.453,207.2,171.74699999999999,89.29289037999999,64.60786845599999,35.453,171.6,600.61,429.01,283.4,134.16,171.6,1.0,17.0,16.0,13.2,4.880000000000001,17.0,3.0,6.0,3.0,4.2,1.44,3.0,102.0,244.0,142.0,139.2,44.64,102.0,0.79,3.16,2.37,2.5200000000000005,0.768,3.16,1.0,2.0,1.0,1.8,0.31999999999999995,2.0,0.0,5.0,5.0,3.4,1.9200000000000004,5.0,0.0,10.0,10.0,2.0,3.2,0.0,0.0,14.0,14.0,2.8,4.4799999999999995,0.0,1.0,28.0,27.0,10.0,7.2,7.0,0.0,1.0,1.0,0.2,0.32,0.0,0.0,4.0,4.0,1.4,1.0399999999999998,1.0,0.0,0.0,0.0,0.0,0.0,0.0,0.0,0.0,0.0,0.0,0.0,0.0,1.0,4.0,3.0,1.6,0.9600000000000002,1.0,24.4975,115.765,91.2675,43.4735,28.916600000000006,24.4975,0.0,2.493,2.493,1.4957999999999998,1.19664,2.493,0.0,0.0,0.0,0.0,0.0,0.0,64.0,229.0,165.0,129.2,78.24,64.0
CsPbBr3,Cs1 Pb1 Br3,35.0,82.0,47.0,48.4,16.080000000000002,35.0,5.0,95.0,90.0,74.2,27.679999999999996,95.0,79.904,207.2,127.29599999999999,115.96349037999998,43.271388456,79.904,265.8,600.61,334.81,339.92,104.27600000000002,265.8,1.0,17.0,16.0,13.2,4.880000000000001,17.0,4.0,6.0,2.0,4.8,0.96,4.0,120.0,244.0,124.0,150.0,37.6,120.0,0.79,2.96,2.17,2.4,0.6719999999999999,2.96,1.0,2.0,1.0,1.8,0.31999999999999995,2.0,0.0,5.0,5.0,3.4,1.9200000000000004,5.0,0.0,10.0,10.0,8.0,3.2,10.0,0.0,14.0,14.0,2.8,4.4799999999999995,0.0,1.0,28.0,27.0,16.0,6.0,17.0,0.0,1.0,1.0,0.2,0.32,0.0,0.0,4.0,4.0,1.4,1.0399999999999998,1.0,0.0,0.0,0.0,0.0,0.0,0.0,0.0,0.0,0.0,0.0,0.0,0.0,1.0,4.0,3.0,1.6,0.9600000000000002,1.0,28.11,115.765,87.655,46.463,27.720799999999997,29.48,0.0,1.457,1.457,0.8742000000000001,0.6993600000000001,1.457,0.0,0.0,0.0,0.0,0.0,0.0,64.0,229.0,165.0,129.2,78.24,64.0
CsPbI3,Cs1 Pb1 I3,53.0,82.0,29.0,59.2,9.120000000000001,53.0,5.0,96.0,91.0,74.8,27.920000000000005,96.0,126.90447,207.2,80.29552999999999,144.16377238,25.214491048000003,126.90447,301.59,600.61,299.02000000000004,412.55,75.224,386.85,1.0,17.0,16.0,13.2,4.880000000000001,17.0,5.0,6.0,1.0,5.4,0.4800000000000001,5.0,139.0,244.0,105.0,161.4,33.040000000000006,139.0,0.79,2.66,1.87,2.22,0.572,2.66,1.0,2.0,1.0,1.8,0.31999999999999995,2.0,0.0,5.0,5.0,3.4,1.9200000000000004,5.0,0.0,10.0,10.0,8.0,3.2,10.0,0.0,14.0,14.0,2.8,4.4799999999999995,0.0,1.0,28.0,27.0,16.0,6.0,17.0,0.0,1.0,1.0,0.2,0.32,0.0,0.0,4.0,4.0,1.4,1.0399999999999998,1.0,0.0,0.0,0.0,0.0,0.0,0.0,0.0,0.0,0.0,0.0,0.0,0.0,1.0,4.0,3.0,1.6,0.9600000000000002,1.0,28.11,115.765,87.655,54.584,24.4724,43.015,0.0,1.062,1.062,0.6372,0.50976,1.062,0.0,0.0,0.0,0.0,0.0,0.0,64.0,229.0,165.0,129.2,78.24,64.0
CsSnCl3,Cs1 Sn1 Cl3,17.0,55.0,38.0,31.2,17.04,17.0,5.0,94.0,89.0,73.4,27.359999999999996,94.0,35.453,132.9054519,97.4524519,71.59489038,43.370268456,35.453,171.6,505.08,333.48,264.294,111.2328,171.6,1.0,17.0,16.0,13.2,4.880000000000001,17.0,3.0,6.0,3.0,4.0,1.2,3.0,102.0,244.0,142.0,137.8,42.96,102.0,0.79,3.16,2.37,2.446,0.8568000000000001,3.16,1.0,2.0,1.0,1.8,0.31999999999999995,2.0,0.0,5.0,5.0,3.4,1.9200000000000004,5.0,0.0,10.0,10.0,2.0,3.2,0.0,0.0,0.0,0.0,0.0,0.0,0.0,1.0,14.0,13.0,7.2,2.72,7.0,0.0,1.0,1.0,0.2,0.32,0.0,0.0,4.0,4.0,1.4,1.0399999999999998,1.0,0.0,0.0,0.0,0.0,0.0,0.0,0.0,0.0,0.0,0.0,0.0,0.0,1.0,4.0,3.0,1.6,0.9600000000000002,1.0,24.4975,115.765,91.2675,44.508500000000005,28.5026,24.4975,0.0,2.493,2.493,1.4957999999999998,1.19664,2.493,0.0,0.0,0.0,0.0,0.0,0.0,64.0,229.0,165.0,112.4,58.08,64.0
CsSnBr3,Cs1 Sn1 Br3,35.0,55.0,20.0,42.0,8.4,35.0,5.0,95.0,90.0,74.0,27.6,95.0,79.904,132.9054519,53.001451900000006,98.26549037999999,22.033788456,79.904,265.8,505.08,239.27999999999997,320.814,73.7064,265.8,1.0,17.0,16.0,13.2,4.880000000000001,17.0,4.0,6.0,2.0,4.6,0.72,4.0,120.0,244.0,124.0,148.6,38.16,120.0,0.79,2.96,2.17,2.3259999999999996,0.7608,2.96,1.0,2.0,1.0,1.8,0.31999999999999995,2.0,0.0,5.0,5.0,3.4,1.9200000000000004,5.0,0.0,10.0,10.0,8.0,3.2,10.0,0.0,0.0,0.0,0.0,0.0,0.0,1.0,17.0,16.0,13.2,4.880000000000001,17.0,0.0,1.0,1.0,0.2,0.32,0.0,0.0,4.0,4.0,1.4,1.0399999999999998,1.0,0.0,0.0,0.0,0.0,0.0,0.0,0.0,0.0,0.0,0.0,0.0,0.0,1.0,4.0,3.0,1.6,0.9600000000000002,1.0,29.48,115.765,86.285,47.498000000000005,27.306800000000003,29.48,0.0,1.457,1.457,0.8742000000000001,0.6993600000000001,1.457,0.0,0.0,0.0,0.0,0.0,0.0,64.0,229.0,165.0,112.4,58.08,64.0
CsSnI3,Cs1 Sn1 I3,50.0,55.0,5.0,52.8,1.1200000000000017,53.0,5.0,96.0,91.0,74.6,27.840000000000003,96.0,118.71,132.9054519,14.195451900000009,126.46577238,3.1023089520000013,126.90447,301.59,505.08,203.49,393.4440000000001,44.65440000000003,386.85,1.0,17.0,16.0,13.2,4.880000000000001,17.0,5.0,6.0,1.0,5.2,0.3200000000000001,5.0,139.0,244.0,105.0,160.0,33.6,139.0,0.79,2.66,1.87,2.146,0.6168000000000001,2.66,1.0,2.0,1.0,1.8,0.31999999999999995,2.0,0.0,5.0,5.0,3.4,1.9200000000000004,5.0,0.0,10.0,10.0,8.0,3.2,10.0,0.0,0.0,0.0,0.0,0.0,0.0,1.0,17.0,16.0,13.2,4.880000000000001,17.0,0.0,1.0,1.0,0.2,0.32,0.0,0.0,4.0,4.0,1.4,1.0399999999999998,1.0,0.0,0.0,0.0,0.0,0.0,0.0,0.0,0.0,0.0,0.0,0.0,0.0,1.0,4.0,3.0,1.6,0.9600000000000002,1.0,33.285,115.765,82.48,55.61900000000001,24.058400000000006,43.015,0.0,1.062,1.062,0.6372,0.50976,1.062,0.0,0.0,0.0,0.0,0.0,0.0,64.0,229.0,165.0,112.4,58.08,64.0
CsGeCl3,Cs1 Ge1 Cl3,17.0,55.0,38.0,27.6,12.72,17.0,5.0,94.0,89.0,73.2,27.279999999999994,94.0,35.453,132.9054519,97.4524519,62.380890380000004,32.313468455999995,35.453,171.6,1211.4,1039.8000000000002,405.558,322.33680000000004,171.6,1.0,17.0,16.0,13.2,4.880000000000001,17.0,3.0,6.0,3.0,3.8,0.96,3.0,102.0,244.0,142.0,134.0,44.0,102.0,0.79,3.16,2.37,2.4560000000000004,0.8448,3.16,1.0,2.0,1.0,1.8,0.31999999999999995,2.0,0.0,5.0,5.0,3.4,1.9200000000000004,5.0,0.0,10.0,10.0,2.0,3.2,0.0,0.0,0.0,0.0,0.0,0.0,0.0,1.0,14.0,13.0,7.2,2.72,7.0,0.0,1.0,1.0,0.2,0.32,0.0,0.0,4.0,4.0,1.4,1.0399999999999998,1.0,0.0,0.0,0.0,0.0,0.0,0.0,0.0,0.0,0.0,0.0,0.0,0.0,1.0,4.0,3.0,1.6,0.9600000000000002,1.0,23.005,115.765,92.76,42.4525,29.325,24.4975,0.0,2.493,2.493,1.5723999999999998,1.10472,2.493,0.0,0.0,0.0,0.0,0.0,0.0,64.0,229.0,165.0,129.2,78.24,64.0
CsGeBr3,Cs1 Ge1 Br3,32.0,55.0,23.0,38.4,6.639999999999999,35.0,5.0,95.0,90.0,73.8,27.520000000000003,95.0,72.64,132.9054519,60.2654519,89.05149037999999,17.541584607999997,79.904,265.8,1211.4,945.6000000000001,462.0780000000001,299.7288000000001,265.8,1.0,17.0,16.0,13.2,4.880000000000001,17.0,4.0,6.0,2.0,4.4,0.6400000000000002,4.0,120.0,244.0,124.0,144.8,39.68000000000001,120.0,0.79,2.96,2.17,2.336,0.7488,2.96,1.0,2.0,1.0,1.8,0.31999999999999995,2.0,0.0,5.0,5.0,3.4,1.9200000000000004,5.0,0.0,10.0,10.0,8.0,3.2,10.0,0.0,0.0,0.0,0.0,0.0,0.0,1.0,17.0,16.0,13.2,4.880000000000001,17.0,0.0,1.0,1.0,0.2,0.32,0.0,0.0,4.0,4.0,1.4,1.0399999999999998,1.0,0.0,0.0,0.0,0.0,0.0,0.0,0.0,0.0,0.0,0.0,0.0,0.0,1.0,4.0,3.0,1.6,0.9600000000000002,1.0,23.005,115.765,92.76,45.442,28.129200000000004,29.48,0.0,1.457,1.457,0.9508000000000001,0.6074400000000001,1.457,0.0,0.0,0.0,0.0,0.0,0.0,64.0,229.0,165.0,129.2,78.24,64.0
CsGeI3,Cs1 Ge1 I3,32.0,55.0,23.0,49.2,6.879999999999998,53.0,5.0,96.0,91.0,74.4,27.759999999999998,96.0,72.64,132.9054519,60.2654519,117.25177238,17.844708951999998,126.90447,301.59,1211.4,909.8100000000002,534.708,270.6768,386.85,1.0,17.0,16.0,13.2,4.880000000000001,17.0,4.0,6.0,2.0,5.0,0.4,5.0,120.0,244.0,124.0,156.2,35.11999999999999,139.0,0.79,2.66,1.87,2.156,0.6048000000000001,2.66,1.0,2.0,1.0,1.8,0.31999999999999995,2.0,0.0,5.0,5.0,3.4,1.9200000000000004,5.0,0.0,10.0,10.0,8.0,3.2,10.0,0.0,0.0,0.0,0.0,0.0,0.0,1.0,17.0,16.0,13.2,4.880000000000001,17.0,0.0,1.0,1.0,0.2,0.32,0.0,0.0,4.0,4.0,1.4,1.0399999999999998,1.0,0.0,0.0,0.0,0.0,0.0,0.0,0.0,0.0,0.0,0.0,0.0,0.0,1.0,4.0,3.0,1.6,0.9600000000000002,1.0,23.005,115.765,92.76,53.56300000000001,24.880800000000004,43.015,0.0,1.062,1.062,0.7138,0.41784,1.062,0.0,0.0,0.0,0.0,0.0,0.0,64.0,229.0,165.0,129.2,78.24,64.0
CsBiCl3,Cs1 Bi1 Cl3,17.0,83.0,66.0,37.8,24.96,17.0,5.0,94.0,89.0,74.6,27.840000000000003,94.0,35.453,208.9804,173.5274,89.64897038000001,65.035164456,35.453,171.6,544.4,372.79999999999995,272.158,120.66959999999999,171.6,1.0,17.0,16.0,13.4,4.959999999999999,17.0,3.0,6.0,3.0,4.2,1.44,3.0,102.0,244.0,142.0,139.6,45.12,102.0,0.79,3.16,2.37,2.458,0.8423999999999999,3.16,1.0,2.0,1.0,1.8,0.31999999999999995,2.0,0.0,5.0,5.0,3.6,1.6799999999999997,5.0,0.0,10.0,10.0,2.0,3.2,0.0,0.0,14.0,14.0,2.8,4.4799999999999995,0.0,1.0,29.0,28.0,10.2,7.519999999999999,7.0,0.0,1.0,1.0,0.2,0.32,0.0,0.0,3.0,3.0,1.2,0.72,1.0,0.0,0.0,0.0,0.0,0.0,0.0,0.0,0.0,0.0,0.0,0.0,0.0,1.0,3.0,2.0,1.4,0.6399999999999999,1.0,24.4975,115.765,91.2675,44.4415,28.5294,24.4975,0.0,2.493,2.493,1.4957999999999998,1.19664,2.493,0.0,0.0,0.0,0.0,0.0,0.0,12.0,229.0,217.0,86.6,56.959999999999994,64.0
CsBiBr3,Cs1 Bi1 Br3,35.0,83.0,48.0,48.6,16.32,35.0,5.0,95.0,90.0,75.2,28.079999999999995,95.0,79.904,208.9804,129.0764,116.31957038,43.698684456,79.904,265.8,544.4,278.59999999999997,328.678,86.2888,265.8,1.0,17.0,16.0,13.4,4.959999999999999,17.0,4.0,6.0,2.0,4.8,0.96,4.0,120.0,244.0,124.0,150.4,37.440000000000005,120.0,0.79,2.96,2.17,2.338,0.7464,2.96,1.0,2.0,1.0,1.8,0.31999999999999995,2.0,0.0,5.0,5.0,3.6,1.6799999999999997,5.0,0.0,10.0,10.0,8.0,3.2,10.0,0.0,14.0,14.0,2.8,4.4799999999999995,0.0,1.0,29.0,28.0,16.2,6.08,17.0,0.0,1.0,1.0,0.2,0.32,0.0,0.0,3.0,3.0,1.2,0.72,1.0,0.0,0.0,0.0,0.0,0.0,0.0,0.0,0.0,0.0,0.0,0.0,0.0,1.0,3.0,2.0,1.4,0.6399999999999999,1.0,29.48,115.765,86.285,47.431,27.3336,29.48,0.0,1.457,1.457,0.8742000000000001,0.6993600000000001,1.457,0.0,0.0,0.0,0.0,0.0,0.0,12.0,229.0,217.0,86.6,56.959999999999994,64.0
CsBiI3,Cs1 Bi1 I3,53.0,83.0,30.0,59.4,9.44,53.0,5.0,96.0,91.0,75.8,28.320000000000004,96.0,126.90447,208.9804,82.07593,144.51985238000003,25.78421904800002,126.90447,301.59,544.4,242.81,401.30800000000005,57.23680000000002,386.85,1.0,17.0,16.0,13.4,4.959999999999999,17.0,5.0,6.0,1.0,5.4,0.4800000000000001,5.0,139.0,244.0,105.0,161.8,32.88000000000001,139.0,0.79,2.66,1.87,2.1580000000000004,0.6024,2.66,1.0,2.0,1.0,1.8,0.31999999999999995,2.0,0.0,5.0,5.0,3.6,1.6799999999999997,5.0,0.0,10.0,10.0,8.0,3.2,10.0,0.0,14.0,14.0,2.8,4.4799999999999995,0.0,1.0,29.0,28.0,16.2,6.08,17.0,0.0,1.0,1.0,0.2,0.32,0.0,0.0,3.0,3.0,1.2,0.72,1.0,0.0,0.0,0.0,0.0,0.0,0.0,0.0,0.0,0.0,0.0,0.0,0.0,1.0,3.0,2.0,1.4,0.6399999999999999,1.0,32.95,115.765,82.815,55.552,24.085199999999997,43.015,0.0,1.062,1.062,0.6372,0.50976,1.062,0.0,0.0,0.0,0.0,0.0,0.0,12.0,229.0,217.0,86.6,56.959999999999994,64.0
RbPbCl3,Rb1 Pb1 Cl3,17.0,82.0,65.0,34.0,20.4,17.0,4.0,94.0,90.0,73.4,27.759999999999998,94.0,35.453,207.2,171.74699999999999,79.80536,53.222832,35.453,171.6,600.61,429.01,285.57399999999996,136.7688,171.6,1.0,17.0,16.0,13.2,4.880000000000001,17.0,3.0,6.0,3.0,4.0,1.2,3.0,102.0,220.0,118.0,134.4,38.88,102.0,0.82,3.16,2.3400000000000003,2.5260000000000002,0.7608,3.16,1.0,2.0,1.0,1.8,0.31999999999999995,2.0,0.0,5.0,5.0,3.4,1.9200000000000004,5.0,0.0,10.0,10.0,2.0,3.2,0.0,0.0,14.0,14.0,2.8,4.4799999999999995,0.0,1.0,28.0,27.0,10.0,7.2,7.0,0.0,1.0,1.0,0.2,0.32,0.0,0.0,4.0,4.0,1.4,1.0399999999999998,1.0,0.0,0.0,0.0,0.0,0.0,0.0,0.0,0.0,0.0,0.0,0.0,0.0,1.0,4.0,3.0,1.6,0.9600000000000002,1.0,24.4975,90.7225,66.225,38.464999999999996,20.903,24.4975,0.0,2.493,2.493,1.4957999999999998,1.19664,2.493,0.0,0.0,0.0,0.0,0.0,0.0,64.0,229.0,165.0,129.2,78.24,64.0
RbPbBr3,Rb1 Pb1 Br3,35.0,82.0,47.0,44.8,14.879999999999999,35.0,4.0,95.0,91.0,74.0,28.0,95.0,79.904,207.2,127.29599999999999,106.47595999999999,40.28961599999999,79.904,265.8,600.61,334.81,342.094,103.40639999999999,265.8,1.0,17.0,16.0,13.2,4.880000000000001,17.0,4.0,6.0,2.0,4.6,0.72,4.0,120.0,220.0,100.0,145.2,30.24,120.0,0.82,2.96,2.14,2.4059999999999997,0.6648000000000001,2.96,1.0,2.0,1.0,1.8,0.31999999999999995,2.0,0.0,5.0,5.0,3.4,1.9200000000000004,5.0,0.0,10.0,10.0,8.0,3.2,10.0,0.0,14.0,14.0,2.8,4.4799999999999995,0.0,1.0,28.0,27.0,16.0,6.0,17.0,0.0,1.0,1.0,0.2,0.32,0.0,0.0,4.0,4.0,1.4,1.0399999999999998,1.0,0.0,0.0,0.0,0.0,0.0,0.0,0.0,0.0,0.0,0.0,0.0,0.0,1.0,4.0,3.0,1.6,0.9600000000000002,1.0,28.11,90.7225,62.6125,41.454499999999996,19.707199999999997,29.48,0.0,1.457,1.457,0.8742000000000001,0.6993600000000001,1.457,0.0,0.0,0.0,0.0,0.0,0.0,64.0,229.0,165.0,129.2,78.24,64.0
RbPbI3,Rb1 Pb1 I3,37.0,82.0,45.0,55.6,10.56,53.0,4.0,96.0,92.0,74.6,28.240000000000002,96.0,85.4678,207.2,121.73219999999999,134.676242,29.009503199999994,126.90447,312.46,600.61,288.15000000000003,414.724,74.35439999999998,386.85,1.0,17.0,16.0,13.2,4.880000000000001,17.0,5.0,6.0,1.0,5.2,0.3200000000000001,5.0,139.0,220.0,81.0,156.6,25.359999999999996,139.0,0.82,2.66,1.8400000000000003,2.226,0.5624000000000001,2.66,1.0,2.0,1.0,1.8,0.31999999999999995,2.0,0.0,5.0,5.0,3.4,1.9200000000000004,5.0,0.0,10.0,10.0,8.0,3.2,10.0,0.0,14.0,14.0,2.8,4.4799999999999995,0.0,1.0,28.0,27.0,16.0,6.0,17.0,0.0,1.0,1.0,0.2,0.32,0.0,0.0,4.0,4.0,1.4,1.0399999999999998,1.0,0.0,0.0,0.0,0.0,0.0,0.0,0.0,0.0,0.0,0.0,0.0,0.0,1.0,4.0,3.0,1.6,0.9600000000000002,1.0,28.11,90.7225,62.6125,49.5755,16.458799999999997,43.015,0.0,1.062,1.062,0.6372,0.50976,1.062,0.0,0.0,0.0,0.0,0.0,0.0,64.0,229.0,165.0,129.2,78.24,64.0
RbSnCl3,Rb1 Sn1 Cl3,17.0,50.0,33.0,27.6,12.72,17.0,4.0,94.0,90.0,73.2,27.679999999999996,94.0,35.453,118.71,83.25699999999999,62.10735999999999,31.985231999999996,35.453,171.6,505.08,333.48,266.46799999999996,113.8416,171.6,1.0,17.0,16.0,13.2,4.880000000000001,17.0,3.0,5.0,2.0,3.8,0.96,3.0,102.0,220.0,118.0,133.0,37.2,102.0,0.82,3.16,2.3400000000000003,2.452,0.8496000000000002,3.16,1.0,2.0,1.0,1.8,0.31999999999999995,2.0,0.0,5.0,5.0,3.4,1.9200000000000004,5.0,0.0,10.0,10.0,2.0,3.2,0.0,0.0,0.0,0.0,0.0,0.0,0.0,1.0,14.0,13.0,7.2,2.72,7.0,0.0,1.0,1.0,0.2,0.32,0.0,0.0,4.0,4.0,1.4,1.0399999999999998,1.0,0.0,0.0,0.0,0.0,0.0,0.0,0.0,0.0,0.0,0.0,0.0,0.0,1.0,4.0,3.0,1.6,0.9600000000000002,1.0,24.4975,90.7225,66.225,39.5,20.489,24.4975,0.0,2.493,2.493,1.4957999999999998,1.19664,2.493,0.0,0.0,0.0,0.0,0.0,0.0,64.0,229.0,165.0,112.4,58.08,64.0
RbSnBr3,Rb1 Sn1 Br3,35.0,50.0,15.0,38.4,4.639999999999999,35.0,4.0,95.0,91.0,73.8,27.920000000000005,95.0,79.904,118.71,38.806,88.77796,11.972815999999998,79.904,265.8,505.08,239.27999999999997,322.988,72.8368,265.8,1.0,17.0,16.0,13.2,4.880000000000001,17.0,4.0,5.0,1.0,4.4,0.4800000000000001,4.0,120.0,220.0,100.0,143.8,30.480000000000008,120.0,0.82,2.96,2.14,2.332,0.7536,2.96,1.0,2.0,1.0,1.8,0.31999999999999995,2.0,0.0,5.0,5.0,3.4,1.9200000000000004,5.0,0.0,10.0,10.0,8.0,3.2,10.0,0.0,0.0,0.0,0.0,0.0,0.0,1.0,17.0,16.0,13.2,4.880000000000001,17.0,0.0,1.0,1.0,0.2,0.32,0.0,0.0,4.0,4.0,1.4,1.0399999999999998,1.0,0.0,0.0,0.0,0.0,0.0,0.0,0.0,0.0,0.0,0.0,0.0,0.0,1.0,4.0,3.0,1.6,0.9600000000000002,1.0,29.48,90.7225,61.24249999999999,42.4895,19.2932,29.48,0.0,1.457,1.457,0.8742000000000001,0.6993600000000001,1.457,0.0,0.0,0.0,0.0,0.0,0.0,64.0,229.0,165.0,112.4,58.08,64.0
RbSnI3,Rb1 Sn1 I3,37.0,53.0,16.0,49.2,4.879999999999998,53.0,4.0,96.0,92.0,74.4,28.159999999999997,96.0,85.4678,126.90447,41.43667000000001,116.978242,12.604176800000005,126.90447,312.46,505.08,192.62,395.61800000000005,43.78480000000002,386.85,1.0,17.0,16.0,13.2,4.880000000000001,17.0,5.0,5.0,0.0,5.0,0.0,5.0,139.0,220.0,81.0,155.2,25.919999999999995,139.0,0.82,2.66,1.8400000000000003,2.152,0.6096000000000001,2.66,1.0,2.0,1.0,1.8,0.31999999999999995,2.0,0.0,5.0,5.0,3.4,1.9200000000000004,5.0,0.0,10.0,10.0,8.0,3.2,10.0,0.0,0.0,0.0,0.0,0.0,0.0,1.0,17.0,16.0,13.2,4.880000000000001,17.0,0.0,1.0,1.0,0.2,0.32,0.0,0.0,4.0,4.0,1.4,1.0399999999999998,1.0,0.0,0.0,0.0,0.0,0.0,0.0,0.0,0.0,0.0,0.0,0.0,0.0,1.0,4.0,3.0,1.6,0.9600000000000002,1.0,33.285,90.7225,57.4375,50.6105,16.044800000000002,43.015,0.0,1.062,1.062,0.6372,0.50976,1.062,0.0,0.0,0.0,0.0,0.0,0.0,64.0,229.0,165.0,112.4,58.08,64.0
RbGeCl3,Rb1 Ge1 Cl3,17.0,37.0,20.0,24.0,8.4,17.0,4.0,94.0,90.0,73.0,27.6,94.0,35.453,85.4678,50.014799999999994,52.89336000000001,20.928431999999997,35.453,171.6,1211.4,1039.8000000000002,407.732,321.46720000000005,171.6,1.0,17.0,16.0,13.2,4.880000000000001,17.0,3.0,5.0,2.0,3.6,0.72,3.0,102.0,220.0,118.0,129.2,36.31999999999999,102.0,0.82,3.16,2.3400000000000003,2.462,0.8376000000000001,3.16,1.0,2.0,1.0,1.8,0.31999999999999995,2.0,0.0,5.0,5.0,3.4,1.9200000000000004,5.0,0.0,10.0,10.0,2.0,3.2,0.0,0.0,0.0,0.0,0.0,0.0,0.0,1.0,14.0,13.0,7.2,2.72,7.0,0.0,1.0,1.0,0.2,0.32,0.0,0.0,4.0,4.0,1.4,1.0399999999999998,1.0,0.0,0.0,0.0,0.0,0.0,0.0,0.0,0.0,0.0,0.0,0.0,0.0,1.0,4.0,3.0,1.6,0.9600000000000002,1.0,23.005,90.7225,67.7175,37.443999999999996,21.3114,24.4975,0.0,2.493,2.493,1.5723999999999998,1.10472,2.493,0.0,0.0,0.0,0.0,0.0,0.0,64.0,229.0,165.0,129.2,78.24,64.0
RbGeBr3,Rb1 Ge1 Br3,32.0,37.0,5.0,34.8,1.1200000000000017,35.0,4.0,95.0,91.0,73.6,27.840000000000003,95.0,72.64,85.4678,12.827799999999996,79.56396,2.7695840000000005,79.904,265.8,1211.4,945.6000000000001,464.25200000000007,298.85920000000004,265.8,1.0,17.0,16.0,13.2,4.880000000000001,17.0,4.0,5.0,1.0,4.2,0.3200000000000001,4.0,120.0,220.0,100.0,140.0,32.0,120.0,0.82,2.96,2.14,2.3419999999999996,0.7416000000000001,2.96,1.0,2.0,1.0,1.8,0.31999999999999995,2.0,0.0,5.0,5.0,3.4,1.9200000000000004,5.0,0.0,10.0,10.0,8.0,3.2,10.0,0.0,0.0,0.0,0.0,0.0,0.0,1.0,17.0,16.0,13.2,4.880000000000001,17.0,0.0,1.0,1.0,0.2,0.32,0.0,0.0,4.0,4.0,1.4,1.0399999999999998,1.0,0.0,0.0,0.0,0.0,0.0,0.0,0.0,0.0,0.0,0.0,0.0,0.0,1.0,4.0,3.0,1.6,0.9600000000000002,1.0,23.005,90.7225,67.7175,40.433499999999995,20.115599999999997,29.48,0.0,1.457,1.457,0.9508000000000001,0.6074400000000001,1.457,0.0,0.0,0.0,0.0,0.0,0.0,64.0,229.0,165.0,129.2,78.24,64.0
RbGeI3,Rb1 Ge1 I3,32.0,53.0,21.0,45.6,8.879999999999999,53.0,4.0,96.0,92.0,74.2,28.079999999999995,96.0,72.64,126.90447,54.26447,107.76424200000001,22.9682736,126.90447,312.46,1211.4,898.94,536.8820000000001,269.8072,386.85,1.0,17.0,16.0,13.2,4.880000000000001,17.0,4.0,5.0,1.0,4.8,0.3200000000000001,5.0,120.0,220.0,100.0,151.4,27.440000000000005,139.0,0.82,2.66,1.8400000000000003,2.162,0.5976000000000001,2.66,1.0,2.0,1.0,1.8,0.31999999999999995,2.0,0.0,5.0,5.0,3.4,1.9200000000000004,5.0,0.0,10.0,10.0,8.0,3.2,10.0,0.0,0.0,0.0,0.0,0.0,0.0,1.0,17.0,16.0,13.2,4.880000000000001,17.0,0.0,1.0,1.0,0.2,0.32,0.0,0.0,4.0,4.0,1.4,1.0399999999999998,1.0,0.0,0.0,0.0,0.0,0.0,0.0,0.0,0.0,0.0,0.0,0.0,0.0,1.0,4.0,3.0,1.6,0.9600000000000002,1.0,23.005,90.7225,67.7175,48.554500000000004,16.867200000000004,43.015,0.0,1.062,1.062,0.7138,0.41784,1.062,0.0,0.0,0.0,0.0,0.0,0.0,64.0,229.0,165.0,129.2,78.24,64.0
RbBiCl3,Rb1 Bi1 Cl3,17.0,83.0,66.0,34.2,20.64,17.0,4.0,94.0,90.0,74.4,28.159999999999997,94.0,35.453,208.9804,173.5274,80.16144,53.650127999999995,35.453,171.6,544.4,372.79999999999995,274.332,123.2784,171.6,1.0,17.0,16.0,13.4,4.959999999999999,17.0,3.0,6.0,3.0,4.0,1.2,3.0,102.0,220.0,118.0,134.8,39.36,102.0,0.82,3.16,2.3400000000000003,2.464,0.8352,3.16,1.0,2.0,1.0,1.8,0.31999999999999995,2.0,0.0,5.0,5.0,3.6,1.6799999999999997,5.0,0.0,10.0,10.0,2.0,3.2,0.0,0.0,14.0,14.0,2.8,4.4799999999999995,0.0,1.0,29.0,28.0,10.2,7.519999999999999,7.0,0.0,1.0,1.0,0.2,0.32,0.0,0.0,3.0,3.0,1.2,0.72,1.0,0.0,0.0,0.0,0.0,0.0,0.0,0.0,0.0,0.0,0.0,0.0,0.0,1.0,3.0,2.0,1.4,0.6399999999999999,1.0,24.4975,90.7225,66.225,39.433,20.5158,24.4975,0.0,2.493,2.493,1.4957999999999998,1.19664,2.493,0.0,0.0,0.0,0.0,0.0,0.0,12.0,229.0,217.0,86.6,56.959999999999994,64.0
RbBiBr3,Rb1 Bi1 Br3,35.0,83.0,48.0,45.0,15.2,35.0,4.0,95.0,91.0,75.0,28.4,95.0,79.904,208.9804,129.0764,106.83204,40.85934400000001,79.904,265.8,544.4,278.59999999999997,330.852,85.41919999999998,265.8,1.0,17.0,16.0,13.4,4.959999999999999,17.0,4.0,6.0,2.0,4.6,0.72,4.0,120.0,220.0,100.0,145.6,30.72,120.0,0.82,2.96,2.14,2.344,0.7392000000000001,2.96,1.0,2.0,1.0,1.8,0.31999999999999995,2.0,0.0,5.0,5.0,3.6,1.6799999999999997,5.0,0.0,10.0,10.0,8.0,3.2,10.0,0.0,14.0,14.0,2.8,4.4799999999999995,0.0,1.0,29.0,28.0,16.2,6.08,17.0,0.0,1.0,1.0,0.2,0.32,0.0,0.0,3.0,3.0,1.2,0.72,1.0,0.0,0.0,0.0,0.0,0.0,0.0,0.0,0.0,0.0,0.0,0.0,0.0,1.0,3.0,2.0,1.4,0.6399999999999999,1.0,29.48,90.7225,61.24249999999999,42.4225,19.32,29.48,0.0,1.457,1.457,0.8742000000000001,0.6993600000000001,1.457,0.0,0.0,0.0,0.0,0.0,0.0,12.0,229.0,217.0,86.6,56.959999999999994,64.0
RbBiI3,Rb1 Bi1 I3,37.0,83.0,46.0,55.8,10.879999999999999,53.0,4.0,96.0,92.0,75.6,28.640000000000004,96.0,85.4678,208.9804,123.5126,135.032322,29.57923119999999,126.90447,312.46,544.4,231.94,403.482,56.367200000000004,386.85,1.0,17.0,16.0,13.4,4.959999999999999,17.0,5.0,6.0,1.0,5.2,0.3200000000000001,5.0,139.0,220.0,81.0,157.0,25.2,139.0,0.82,2.66,1.8400000000000003,2.164,0.5952000000000001,2.66,1.0,2.0,1.0,1.8,0.31999999999999995,2.0,0.0,5.0,5.0,3.6,1.6799999999999997,5.0,0.0,10.0,10.0,8.0,3.2,10.0,0.0,14.0,14.0,2.8,4.4799999999999995,0.0,1.0,29.0,28.0,16.2,6.08,17.0,0.0,1.0,1.0,0.2,0.32,0.0,0.0,3.0,3.0,1.2,0.72,1.0,0.0,0.0,0.0,0.0,0.0,0.0,0.0,0.0,0.0,0.0,0.0,0.0,1.0,3.0,2.0,1.4,0.6399999999999999,1.0,32.95,90.7225,57.772499999999994,50.54350000000001,16.071600000000004,43.015,0.0,1.062,1.062,0.6372,0.50976,1.062,0.0,0.0,0.0,0.0,0.0,0.0,12.0,229.0,217.0,86.6,56.959999999999994,64.0
KPbCl3,K1 Pb1 Cl3,17.0,82.0,65.0,30.4,20.639999999999997,17.0,3.0,94.0,91.0,73.2,28.079999999999995,94.0,35.453,207.2,171.74699999999999,70.53146,54.66741599999999,35.453,171.6,600.61,429.01,290.38800000000003,142.5456,171.6,1.0,17.0,16.0,13.2,4.880000000000001,17.0,3.0,6.0,3.0,3.8,0.96,3.0,102.0,203.0,101.0,131.0,34.8,102.0,0.82,3.16,2.3400000000000003,2.5260000000000002,0.7608,3.16,1.0,2.0,1.0,1.8,0.31999999999999995,2.0,0.0,5.0,5.0,3.4,1.9200000000000004,5.0,0.0,10.0,10.0,2.0,3.2,0.0,0.0,14.0,14.0,2.8,4.4799999999999995,0.0,1.0,28.0,27.0,10.0,7.2,7.0,0.0,1.0,1.0,0.2,0.32,0.0,0.0,4.0,4.0,1.4,1.0399999999999998,1.0,0.0,0.0,0.0,0.0,0.0,0.0,0.0,0.0,0.0,0.0,0.0,0.0,1.0,4.0,3.0,1.6,0.9600000000000002,1.0,24.4975,73.1066666667,48.60916666669999,34.94183333334,15.265933333344,24.4975,0.0,2.493,2.493,1.4957999999999998,1.19664,2.493,0.0,0.0,0.0,0.0,0.0,0.0,64.0,229.0,165.0,129.2,78.24,64.0
KPbBr3,K1 Pb1 Br3,19.0,82.0,63.0,41.2,16.32,35.0,3.0,95.0,92.0,73.8,28.320000000000004,95.0,39.0983,207.2,168.1017,97.20205999999999,43.99917599999999,79.904,265.8,600.61,334.81,346.908,101.48080000000002,265.8,1.0,17.0,16.0,13.2,4.880000000000001,17.0,4.0,6.0,2.0,4.4,0.6400000000000002,4.0,120.0,203.0,83.0,141.8,26.160000000000004,120.0,0.82,2.96,2.14,2.4059999999999997,0.6648000000000001,2.96,1.0,2.0,1.0,1.8,0.31999999999999995,2.0,0.0,5.0,5.0,3.4,1.9200000000000004,5.0,0.0,10.0,10.0,8.0,3.2,10.0,0.0,14.0,14.0,2.8,4.4799999999999995,0.0,1.0,28.0,27.0,16.0,6.0,17.0,0.0,1.0,1.0,0.2,0.32,0.0,0.0,4.0,4.0,1.4,1.0399999999999998,1.0,0.0,0.0,0.0,0.0,0.0,0.0,0.0,0.0,0.0,0.0,0.0,0.0,1.0,4.0,3.0,1.6,0.9600000000000002,1.0,28.11,73.1066666667,44.996666666699994,37.93133333334,14.070133333343998,29.48,0.0,1.457,1.457,0.8742000000000001,0.6993600000000001,1.457,0.0,0.0,0.0,0.0,0.0,0.0,64.0,229.0,165.0,129.2,78.24,64.0
KPbI3,K1 Pb1 I3,19.0,82.0,63.0,52.0,13.2,53.0,3.0,96.0,93.0,74.4,28.559999999999995,96.0,39.0983,207.2,168.1017,125.402342,34.5216168,126.90447,336.53,600.61,264.08000000000004,419.538,72.4288,386.85,1.0,17.0,16.0,13.2,4.880000000000001,17.0,4.0,6.0,2.0,5.0,0.4,5.0,139.0,203.0,64.0,153.2,19.919999999999995,139.0,0.82,2.66,1.8400000000000003,2.226,0.5624000000000001,2.66,1.0,2.0,1.0,1.8,0.31999999999999995,2.0,0.0,5.0,5.0,3.4,1.9200000000000004,5.0,0.0,10.0,10.0,8.0,3.2,10.0,0.0,14.0,14.0,2.8,4.4799999999999995,0.0,1.0,28.0,27.0,16.0,6.0,17.0,0.0,1.0,1.0,0.2,0.32,0.0,0.0,4.0,4.0,1.4,1.0399999999999998,1.0,0.0,0.0,0.0,0.0,0.0,0.0,0.0,0.0,0.0,0.0,0.0,0.0,1.0,4.0,3.0,1.6,0.9600000000000002,1.0,28.11,73.1066666667,44.996666666699994,46.05233333334,10.821733333344,43.015,0.0,1.062,1.062,0.6372,0.50976,1.062,0.0,0.0,0.0,0.0,0.0,0.0,64.0,229.0,165.0,129.2,78.24,64.0
KSnCl3,K1 Sn1 Cl3,17.0,50.0,33.0,24.0,10.4,17.0,3.0,94.0,91.0,73.0,28.0,94.0,35.453,118.71,83.25699999999999,52.83346,26.350615999999995,35.453,171.6,505.08,333.48,271.282,119.61839999999998,171.6,1.0,17.0,16.0,13.2,4.880000000000001,17.0,3.0,5.0,2.0,3.6,0.72,3.0,102.0,203.0,101.0,129.6,33.12,102.0,0.82,3.16,2.3400000000000003,2.452,0.8496000000000002,3.16,1.0,2.0,1.0,1.8,0.31999999999999995,2.0,0.0,5.0,5.0,3.4,1.9200000000000004,5.0,0.0,10.0,10.0,2.0,3.2,0.0,0.0,0.0,0.0,0.0,0.0,0.0,1.0,14.0,13.0,7.2,2.72,7.0,0.0,1.0,1.0,0.2,0.32,0.0,0.0,4.0,4.0,1.4,1.0399999999999998,1.0,0.0,0.0,0.0,0.0,0.0,0.0,0.0,0.0,0.0,0.0,0.0,0.0,1.0,4.0,3.0,1.6,0.9600000000000002,1.0,24.4975,73.1066666667,48.60916666669999,35.97683333334,14.851933333343998,24.4975,0.0,2.493,2.493,1.4957999999999998,1.19664,2.493,0.0,0.0,0.0,0.0,0.0,0.0,64.0,229.0,165.0,112.4,58.08,64.0
KSnBr3,K1 Sn1 Br3,19.0,50.0,31.0,34.8,6.320000000000002,35.0,3.0,95.0,92.0,73.6,28.240000000000002,95.0,39.0983,118.71,79.61169999999998,79.50406000000001,16.16230399999999,79.904,265.8,505.08,239.27999999999997,327.802,74.40239999999999,265.8,1.0,17.0,16.0,13.2,4.880000000000001,17.0,4.0,5.0,1.0,4.2,0.3200000000000001,4.0,120.0,203.0,83.0,140.4,25.040000000000003,120.0,0.82,2.96,2.14,2.332,0.7536,2.96,1.0,2.0,1.0,1.8,0.31999999999999995,2.0,0.0,5.0,5.0,3.4,1.9200000000000004,5.0,0.0,10.0,10.0,8.0,3.2,10.0,0.0,0.0,0.0,0.0,0.0,0.0,1.0,17.0,16.0,13.2,4.880000000000001,17.0,0.0,1.0,1.0,0.2,0.32,0.0,0.0,4.0,4.0,1.4,1.0399999999999998,1.0,0.0,0.0,0.0,0.0,0.0,0.0,0.0,0.0,0.0,0.0,0.0,0.0,1.0,4.0,3.0,1.6,0.9600000000000002,1.0,29.48,73.1066666667,43.62666666669999,38.966333333339996,13.656133333343996,29.48,0.0,1.457,1.457,0.8742000000000001,0.6993600000000001,1.457,0.0,0.0,0.0,0.0,0.0,0.0,64.0,229.0,165.0,112.4,58.08,64.0
KSnI3,K1 Sn1 I3,19.0,53.0,34.0,45.6,10.639999999999999,53.0,3.0,96.0,93.0,74.2,28.479999999999997,96.0,39.0983,126.90447,87.80617000000001,107.704342,27.4424168,126.90447,336.53,505.08,168.55,400.432,41.8592,386.85,1.0,17.0,16.0,13.2,4.880000000000001,17.0,4.0,5.0,1.0,4.8,0.3200000000000001,5.0,139.0,203.0,64.0,151.8,20.480000000000008,139.0,0.82,2.66,1.8400000000000003,2.152,0.6096000000000001,2.66,1.0,2.0,1.0,1.8,0.31999999999999995,2.0,0.0,5.0,5.0,3.4,1.9200000000000004,5.0,0.0,10.0,10.0,8.0,3.2,10.0,0.0,0.0,0.0,0.0,0.0,0.0,1.0,17.0,16.0,13.2,4.880000000000001,17.0,0.0,1.0,1.0,0.2,0.32,0.0,0.0,4.0,4.0,1.4,1.0399999999999998,1.0,0.0,0.0,0.0,0.0,0.0,0.0,0.0,0.0,0.0,0.0,0.0,0.0,1.0,4.0,3.0,1.6,0.9600000000000002,1.0,33.285,73.1066666667,39.8216666667,47.08733333334,10.407733333343998,43.015,0.0,1.062,1.062,0.6372,0.50976,1.062,0.0,0.0,0.0,0.0,0.0,0.0,64.0,229.0,165.0,112.4,58.08,64.0
KGeCl3,K1 Ge1 Cl3,17.0,32.0,15.0,20.4,4.639999999999999,17.0,3.0,94.0,91.0,72.8,27.920000000000005,94.0,35.453,72.64,37.187,43.619460000000004,11.608216,35.453,171.6,1211.4,1039.8000000000002,412.546,319.5416,171.6,1.0,17.0,16.0,13.2,4.880000000000001,17.0,3.0,4.0,1.0,3.4,0.48,3.0,102.0,203.0,101.0,125.8,30.879999999999995,102.0,0.82,3.16,2.3400000000000003,2.462,0.8376000000000001,3.16,1.0,2.0,1.0,1.8,0.31999999999999995,2.0,0.0,5.0,5.0,3.4,1.9200000000000004,5.0,0.0,10.0,10.0,2.0,3.2,0.0,0.0,0.0,0.0,0.0,0.0,0.0,1.0,14.0,13.0,7.2,2.72,7.0,0.0,1.0,1.0,0.2,0.32,0.0,0.0,4.0,4.0,1.4,1.0399999999999998,1.0,0.0,0.0,0.0,0.0,0.0,0.0,0.0,0.0,0.0,0.0,0.0,0.0,1.0,4.0,3.0,1.6,0.9600000000000002,1.0,23.005,73.1066666667,50.1016666667,33.92083333334,15.674333333344,24.4975,0.0,2.493,2.493,1.5723999999999998,1.10472,2.493,0.0,0.0,0.0,0.0,0.0,0.0,64.0,229.0,165.0,129.2,78.24,64.0
KGeBr3,K1 Ge1 Br3,19.0,35.0,16.0,31.2,4.880000000000001,35.0,3.0,95.0,92.0,73.4,28.159999999999997,95.0,39.0983,79.904,40.805699999999995,70.29006,12.476704,79.904,265.8,1211.4,945.6000000000001,469.066,296.9336,265.8,1.0,17.0,16.0,13.2,4.880000000000001,17.0,4.0,4.0,0.0,4.0,0.0,4.0,120.0,203.0,83.0,136.6,26.559999999999995,120.0,0.82,2.96,2.14,2.3419999999999996,0.7416000000000001,2.96,1.0,2.0,1.0,1.8,0.31999999999999995,2.0,0.0,5.0,5.0,3.4,1.9200000000000004,5.0,0.0,10.0,10.0,8.0,3.2,10.0,0.0,0.0,0.0,0.0,0.0,0.0,1.0,17.0,16.0,13.2,4.880000000000001,17.0,0.0,1.0,1.0,0.2,0.32,0.0,0.0,4.0,4.0,1.4,1.0399999999999998,1.0,0.0,0.0,0.0,0.0,0.0,0.0,0.0,0.0,0.0,0.0,0.0,0.0,1.0,4.0,3.0,1.6,0.9600000000000002,1.0,23.005,73.1066666667,50.1016666667,36.91033333334,14.478533333343998,29.48,0.0,1.457,1.457,0.9508000000000001,0.6074400000000001,1.457,0.0,0.0,0.0,0.0,0.0,0.0,64.0,229.0,165.0,129.2,78.24,64.0
KGeI3,K1 Ge1 I3,19.0,53.0,34.0,42.0,13.2,53.0,3.0,96.0,93.0,74.0,28.4,96.0,39.0983,126.90447,87.80617000000001,98.49034200000001,34.09695359999999,126.90447,336.53,1211.4,874.8700000000001,541.6960000000001,267.88160000000005,386.85,1.0,17.0,16.0,13.2,4.880000000000001,17.0,4.0,5.0,1.0,4.6,0.4800000000000001,5.0,120.0,203.0,83.0,148.0,22.0,139.0,0.82,2.66,1.8400000000000003,2.162,0.5976000000000001,2.66,1.0,2.0,1.0,1.8,0.31999999999999995,2.0,0.0,5.0,5.0,3.4,1.9200000000000004,5.0,0.0,10.0,10.0,8.0,3.2,10.0,0.0,0.0,0.0,0.0,0.0,0.0,1.0,17.0,16.0,13.2,4.880000000000001,17.0,0.0,1.0,1.0,0.2,0.32,0.0,0.0,4.0,4.0,1.4,1.0399999999999998,1.0,0.0,0.0,0.0,0.0,0.0,0.0,0.0,0.0,0.0,0.0,0.0,0.0,1.0,4.0,3.0,1.6,0.9600000000000002,1.0,23.005,73.1066666667,50.1016666667,45.03133333334,11.230133333344,43.015,0.0,1.062,1.062,0.7138,0.41784,1.062,0.0,0.0,0.0,0.0,0.0,0.0,64.0,229.0,165.0,129.2,78.24,64.0
KBiCl3,K1 Bi1 Cl3,17.0,83.0,66.0,30.6,20.96,17.0,3.0,94.0,91.0,74.2,28.479999999999997,94.0,35.453,208.9804,173.5274,70.88754,55.237144,35.453,171.6,544.4,372.79999999999995,279.146,129.05519999999999,171.6,1.0,17.0,16.0,13.4,4.959999999999999,17.0,3.0,6.0,3.0,3.8,0.96,3.0,102.0,203.0,101.0,131.4,35.28,102.0,0.82,3.16,2.3400000000000003,2.464,0.8352,3.16,1.0,2.0,1.0,1.8,0.31999999999999995,2.0,0.0,5.0,5.0,3.6,1.6799999999999997,5.0,0.0,10.0,10.0,2.0,3.2,0.0,0.0,14.0,14.0,2.8,4.4799999999999995,0.0,1.0,29.0,28.0,10.2,7.519999999999999,7.0,0.0,1.0,1.0,0.2,0.32,0.0,0.0,3.0,3.0,1.2,0.72,1.0,0.0,0.0,0.0,0.0,0.0,0.0,0.0,0.0,0.0,0.0,0.0,0.0,1.0,3.0,2.0,1.4,0.6399999999999999,1.0,24.4975,73.1066666667,48.60916666669999,35.909833333339996,14.878733333343996,24.4975,0.0,2.493,2.493,1.4957999999999998,1.19664,2.493,0.0,0.0,0.0,0.0,0.0,0.0,12.0,229.0,217.0,86.6,56.959999999999994,64.0
KBiBr3,K1 Bi1 Br3,19.0,83.0,64.0,41.4,16.639999999999997,35.0,3.0,95.0,92.0,74.8,28.720000000000006,95.0,39.0983,208.9804,169.8821,97.55814000000001,44.56890400000001,79.904,265.8,544.4,278.59999999999997,335.666,83.83919999999998,265.8,1.0,17.0,16.0,13.4,4.959999999999999,17.0,4.0,6.0,2.0,4.4,0.6400000000000002,4.0,120.0,203.0,83.0,142.2,26.639999999999997,120.0,0.82,2.96,2.14,2.344,0.7392000000000001,2.96,1.0,2.0,1.0,1.8,0.31999999999999995,2.0,0.0,5.0,5.0,3.6,1.6799999999999997,5.0,0.0,10.0,10.0,8.0,3.2,10.0,0.0,14.0,14.0,2.8,4.4799999999999995,0.0,1.0,29.0,28.0,16.2,6.08,17.0,0.0,1.0,1.0,0.2,0.32,0.0,0.0,3.0,3.0,1.2,0.72,1.0,0.0,0.0,0.0,0.0,0.0,0.0,0.0,0.0,0.0,0.0,0.0,0.0,1.0,3.0,2.0,1.4,0.6399999999999999,1.0,29.48,73.1066666667,43.62666666669999,38.899333333339996,13.682933333343996,29.48,0.0,1.457,1.457,0.8742000000000001,0.6993600000000001,1.457,0.0,0.0,0.0,0.0,0.0,0.0,12.0,229.0,217.0,86.6,56.959999999999994,64.0
KBiI3,K1 Bi1 I3,19.0,83.0,64.0,52.2,13.279999999999998,53.0,3.0,96.0,93.0,75.4,28.959999999999997,96.0,39.0983,208.9804,169.8821,125.758422,34.6640488,126.90447,336.53,544.4,207.87,408.296,54.44159999999998,386.85,1.0,17.0,16.0,13.4,4.959999999999999,17.0,4.0,6.0,2.0,5.0,0.4,5.0,139.0,203.0,64.0,153.6,19.759999999999998,139.0,0.82,2.66,1.8400000000000003,2.164,0.5952000000000001,2.66,1.0,2.0,1.0,1.8,0.31999999999999995,2.0,0.0,5.0,5.0,3.6,1.6799999999999997,5.0,0.0,10.0,10.0,8.0,3.2,10.0,0.0,14.0,14.0,2.8,4.4799999999999995,0.0,1.0,29.0,28.0,16.2,6.08,17.0,0.0,1.0,1.0,0.2,0.32,0.0,0.0,3.0,3.0,1.2,0.72,1.0,0.0,0.0,0.0,0.0,0.0,0.0,0.0,0.0,0.0,0.0,0.0,0.0,1.0,3.0,2.0,1.4,0.6399999999999999,1.0,32.95,73.1066666667,40.15666666669999,47.02033333334,10.434533333343996,43.015,0.0,1.062,1.062,0.6372,0.50976,1.062,0.0,0.0,0.0,0.0,0.0,0.0,12.0,229.0,217.0,86.6,56.959999999999994,64.0
NaPbCl3,Na1 Pb1 Cl3,11.0,82.0,71.0,28.8,21.28,17.0,2.0,94.0,92.0,73.0,28.4,94.0,22.98976928,207.2,184.21023072,67.309753856,55.9560984576,35.453,171.6,600.61,429.01,297.256,150.7872,171.6,1.0,17.0,16.0,13.2,4.880000000000001,17.0,3.0,6.0,3.0,3.6,0.9600000000000002,3.0,102.0,166.0,64.0,123.6,25.919999999999998,102.0,0.93,3.16,2.23,2.548,0.7344,3.16,1.0,2.0,1.0,1.8,0.31999999999999995,2.0,0.0,5.0,5.0,3.4,1.9200000000000004,5.0,0.0,10.0,10.0,2.0,3.2,0.0,0.0,14.0,14.0,2.8,4.4799999999999995,0.0,1.0,28.0,27.0,10.0,7.2,7.0,0.0,1.0,1.0,0.2,0.32,0.0,0.0,4.0,4.0,1.4,1.0399999999999998,1.0,0.0,0.0,0.0,0.0,0.0,0.0,0.0,0.0,0.0,0.0,0.0,0.0,1.0,4.0,3.0,1.6,0.9600000000000002,1.0,24.4975,29.2433333333,4.745833333300002,26.169166666659997,2.0059999999920004,24.4975,0.0,2.493,2.493,1.4957999999999998,1.19664,2.493,0.0,0.0,0.0,0.0,0.0,0.0,64.0,229.0,165.0,129.2,78.24,64.0
NaPbBr3,Na1 Pb1 Br3,11.0,82.0,71.0,39.6,16.96,35.0,2.0,95.0,93.0,73.6,28.640000000000004,95.0,22.98976928,207.2,184.21023072,93.980353856,45.287858457599995,79.904,265.8,600.61,334.81,353.776,105.5712,265.8,1.0,17.0,16.0,13.2,4.880000000000001,17.0,3.0,6.0,3.0,4.2,0.7200000000000001,4.0,120.0,166.0,46.0,134.4,17.28,120.0,0.93,2.96,2.03,2.428,0.6384,2.96,1.0,2.0,1.0,1.8,0.31999999999999995,2.0,0.0,5.0,5.0,3.4,1.9200000000000004,5.0,0.0,10.0,10.0,8.0,3.2,10.0,0.0,14.0,14.0,2.8,4.4799999999999995,0.0,1.0,28.0,27.0,16.0,6.0,17.0,0.0,1.0,1.0,0.2,0.32,0.0,0.0,4.0,4.0,1.4,1.0399999999999998,1.0,0.0,0.0,0.0,0.0,0.0,0.0,0.0,0.0,0.0,0.0,0.0,0.0,1.0,4.0,3.0,1.6,0.9600000000000002,1.0,28.11,29.48,1.370000000000001,29.158666666659997,0.41946666666400245,29.48,0.0,1.457,1.457,0.8742000000000001,0.6993600000000001,1.457,0.0,0.0,0.0,0.0,0.0,0.0,64.0,229.0,165.0,129.2,78.24,64.0
NaPbI3,Na1 Pb1 I3,11.0,82.0,71.0,50.4,15.760000000000002,53.0,2.0,96.0,94.0,74.2,28.879999999999995,96.0,22.98976928,207.2,184.21023072,122.18063585600001,39.67634663039999,126.90447,370.87,600.61,229.74,426.40600000000006,69.68160000000003,386.85,1.0,17.0,16.0,13.2,4.880000000000001,17.0,3.0,6.0,3.0,4.8,0.7200000000000001,5.0,139.0,166.0,27.0,145.8,8.160000000000002,139.0,0.93,2.66,1.73,2.248,0.5271999999999999,2.66,1.0,2.0,1.0,1.8,0.31999999999999995,2.0,0.0,5.0,5.0,3.4,1.9200000000000004,5.0,0.0,10.0,10.0,8.0,3.2,10.0,0.0,14.0,14.0,2.8,4.4799999999999995,0.0,1.0,28.0,27.0,16.0,6.0,17.0,0.0,1.0,1.0,0.2,0.32,0.0,0.0,4.0,4.0,1.4,1.0399999999999998,1.0,0.0,0.0,0.0,0.0,0.0,0.0,0.0,0.0,0.0,0.0,0.0,0.0,1.0,4.0,3.0,1.6,0.9600000000000002,1.0,28.11,43.015,14.905000000000001,37.27966666666,6.882400000008,43.015,0.0,1.062,1.062,0.6372,0.50976,1.062,0.0,0.0,0.0,0.0,0.0,0.0,64.0,229.0,165.0,129.2,78.24,64.0
NaSnCl3,Na1 Sn1 Cl3,11.0,50.0,39.0,22.4,11.04,17.0,2.0,94.0,92.0,72.8,28.320000000000004,94.0,22.98976928,118.71,95.72023071999999,49.611753856,27.6392984576,35.453,171.6,505.08,333.48,278.15,127.85999999999999,171.6,1.0,17.0,16.0,13.2,4.880000000000001,17.0,3.0,5.0,2.0,3.4,0.6399999999999999,3.0,102.0,166.0,64.0,122.2,24.240000000000002,102.0,0.93,3.16,2.23,2.474,0.8231999999999999,3.16,1.0,2.0,1.0,1.8,0.31999999999999995,2.0,0.0,5.0,5.0,3.4,1.9200000000000004,5.0,0.0,10.0,10.0,2.0,3.2,0.0,0.0,0.0,0.0,0.0,0.0,0.0,1.0,14.0,13.0,7.2,2.72,7.0,0.0,1.0,1.0,0.2,0.32,0.0,0.0,4.0,4.0,1.4,1.0399999999999998,1.0,0.0,0.0,0.0,0.0,0.0,0.0,0.0,0.0,0.0,0.0,0.0,0.0,1.0,4.0,3.0,1.6,0.9600000000000002,1.0,24.4975,33.285,8.787499999999998,27.20416666666,3.2479999999920004,24.4975,0.0,2.493,2.493,1.4957999999999998,1.19664,2.493,0.0,0.0,0.0,0.0,0.0,0.0,64.0,229.0,165.0,112.4,58.08,64.0
NaSnBr3,Na1 Sn1 Br3,11.0,50.0,39.0,33.2,8.879999999999999,35.0,2.0,95.0,93.0,73.4,28.559999999999995,95.0,22.98976928,118.71,95.72023071999999,76.282353856,21.317033830399996,79.904,265.8,505.08,239.27999999999997,334.67,82.64399999999999,265.8,1.0,17.0,16.0,13.2,4.880000000000001,17.0,3.0,5.0,2.0,4.0,0.4,4.0,120.0,166.0,46.0,133.0,15.6,120.0,0.93,2.96,2.03,2.354,0.7272,2.96,1.0,2.0,1.0,1.8,0.31999999999999995,2.0,0.0,5.0,5.0,3.4,1.9200000000000004,5.0,0.0,10.0,10.0,8.0,3.2,10.0,0.0,0.0,0.0,0.0,0.0,0.0,1.0,17.0,16.0,13.2,4.880000000000001,17.0,0.0,1.0,1.0,0.2,0.32,0.0,0.0,4.0,4.0,1.4,1.0399999999999998,1.0,0.0,0.0,0.0,0.0,0.0,0.0,0.0,0.0,0.0,0.0,0.0,0.0,1.0,4.0,3.0,1.6,0.9600000000000002,1.0,29.2433333333,33.285,4.041666666699996,30.19366666666,1.2365333333359991,29.48,0.0,1.457,1.457,0.8742000000000001,0.6993600000000001,1.457,0.0,0.0,0.0,0.0,0.0,0.0,64.0,229.0,165.0,112.4,58.08,64.0
NaSnI3,Na1 Sn1 I3,11.0,53.0,42.0,44.0,13.2,53.0,2.0,96.0,94.0,74.0,28.8,96.0,22.98976928,126.90447,103.91470072,104.482635856,32.5971466304,126.90447,370.87,505.08,134.20999999999998,407.30000000000007,39.11200000000002,386.85,1.0,17.0,16.0,13.2,4.880000000000001,17.0,3.0,5.0,2.0,4.6,0.6400000000000002,5.0,139.0,166.0,27.0,144.4,8.640000000000004,139.0,0.93,2.66,1.73,2.1740000000000004,0.5831999999999999,2.66,1.0,2.0,1.0,1.8,0.31999999999999995,2.0,0.0,5.0,5.0,3.4,1.9200000000000004,5.0,0.0,10.0,10.0,8.0,3.2,10.0,0.0,0.0,0.0,0.0,0.0,0.0,1.0,17.0,16.0,13.2,4.880000000000001,17.0,0.0,1.0,1.0,0.2,0.32,0.0,0.0,4.0,4.0,1.4,1.0399999999999998,1.0,0.0,0.0,0.0,0.0,0.0,0.0,0.0,0.0,0.0,0.0,0.0,0.0,1.0,4.0,3.0,1.6,0.9600000000000002,1.0,29.2433333333,43.015,13.7716666667,38.31466666666,5.640400000008,43.015,0.0,1.062,1.062,0.6372,0.50976,1.062,0.0,0.0,0.0,0.0,0.0,0.0,64.0,229.0,165.0,112.4,58.08,64.0
NaGeCl3,Na1 Ge1 Cl3,11.0,32.0,21.0,18.8,5.28,17.0,2.0,94.0,92.0,72.6,28.240000000000002,94.0,22.98976928,72.64,49.650230719999996,40.397753856,12.896898457599997,35.453,171.6,1211.4,1039.8000000000002,419.41399999999993,316.79439999999994,171.6,1.0,17.0,16.0,13.2,4.880000000000001,17.0,3.0,4.0,1.0,3.2,0.3200000000000001,3.0,102.0,166.0,64.0,118.4,19.68,102.0,0.93,3.16,2.23,2.484,0.8112000000000001,3.16,1.0,2.0,1.0,1.8,0.31999999999999995,2.0,0.0,5.0,5.0,3.4,1.9200000000000004,5.0,0.0,10.0,10.0,2.0,3.2,0.0,0.0,0.0,0.0,0.0,0.0,0.0,1.0,14.0,13.0,7.2,2.72,7.0,0.0,1.0,1.0,0.2,0.32,0.0,0.0,4.0,4.0,1.4,1.0399999999999998,1.0,0.0,0.0,0.0,0.0,0.0,0.0,0.0,0.0,0.0,0.0,0.0,0.0,1.0,4.0,3.0,1.6,0.9600000000000002,1.0,23.005,29.2433333333,6.238333333300002,25.148166666659996,1.6380666666559989,24.4975,0.0,2.493,2.493,1.5723999999999998,1.10472,2.493,0.0,0.0,0.0,0.0,0.0,0.0,64.0,229.0,165.0,129.2,78.24,64.0
NaGeBr3,Na1 Ge1 Br3,11.0,35.0,24.0,29.6,7.4399999999999995,35.0,2.0,95.0,93.0,73.2,28.479999999999997,95.0,22.98976928,79.904,56.91423071999999,67.068353856,17.631433830399995,79.904,265.8,1211.4,945.6000000000001,475.934,294.18640000000005,265.8,1.0,17.0,16.0,13.2,4.880000000000001,17.0,3.0,4.0,1.0,3.8,0.3200000000000001,4.0,120.0,166.0,46.0,129.2,14.719999999999994,120.0,0.93,2.96,2.03,2.364,0.7152000000000001,2.96,1.0,2.0,1.0,1.8,0.31999999999999995,2.0,0.0,5.0,5.0,3.4,1.9200000000000004,5.0,0.0,10.0,10.0,8.0,3.2,10.0,0.0,0.0,0.0,0.0,0.0,0.0,1.0,17.0,16.0,13.2,4.880000000000001,17.0,0.0,1.0,1.0,0.2,0.32,0.0,0.0,4.0,4.0,1.4,1.0399999999999998,1.0,0.0,0.0,0.0,0.0,0.0,0.0,0.0,0.0,0.0,0.0,0.0,0.0,1.0,4.0,3.0,1.6,0.9600000000000002,1.0,23.005,29.48,6.475000000000001,28.13766666666,2.0530666666640007,29.48,0.0,1.457,1.457,0.9508000000000001,0.6074400000000001,1.457,0.0,0.0,0.0,0.0,0.0,0.0,64.0,229.0,165.0,129.2,78.24,64.0
NaGeI3,Na1 Ge1 I3,11.0,53.0,42.0,40.4,15.12,53.0,2.0,96.0,94.0,73.8,28.720000000000006,96.0,22.98976928,126.90447,103.91470072,95.268635856,37.9630009728,126.90447,370.87,1211.4,840.5300000000001,548.5640000000001,265.1344,386.85,1.0,17.0,16.0,13.2,4.880000000000001,17.0,3.0,5.0,2.0,4.4,0.72,5.0,120.0,166.0,46.0,140.6,10.159999999999997,139.0,0.93,2.66,1.73,2.184,0.5712,2.66,1.0,2.0,1.0,1.8,0.31999999999999995,2.0,0.0,5.0,5.0,3.4,1.9200000000000004,5.0,0.0,10.0,10.0,8.0,3.2,10.0,0.0,0.0,0.0,0.0,0.0,0.0,1.0,17.0,16.0,13.2,4.880000000000001,17.0,0.0,1.0,1.0,0.2,0.32,0.0,0.0,4.0,4.0,1.4,1.0399999999999998,1.0,0.0,0.0,0.0,0.0,0.0,0.0,0.0,0.0,0.0,0.0,0.0,0.0,1.0,4.0,3.0,1.6,0.9600000000000002,1.0,23.005,43.015,20.01,36.258666666660005,8.107600000008,43.015,0.0,1.062,1.062,0.7138,0.41784,1.062,0.0,0.0,0.0,0.0,0.0,0.0,64.0,229.0,165.0,129.2,78.24,64.0
NaBiCl3,Na1 Bi1 Cl3,11.0,83.0,72.0,29.0,21.6,17.0,2.0,94.0,92.0,74.0,28.8,94.0,22.98976928,208.9804,185.99063072,67.66583385599999,56.5258264576,35.453,171.6,544.4,372.79999999999995,286.014,137.29680000000002,171.6,1.0,17.0,16.0,13.4,4.959999999999999,17.0,3.0,6.0,3.0,3.6,0.9600000000000002,3.0,102.0,166.0,64.0,124.0,26.4,102.0,0.93,3.16,2.23,2.4859999999999998,0.8088000000000001,3.16,1.0,2.0,1.0,1.8,0.31999999999999995,2.0,0.0,5.0,5.0,3.6,1.6799999999999997,5.0,0.0,10.0,10.0,2.0,3.2,0.0,0.0,14.0,14.0,2.8,4.4799999999999995,0.0,1.0,29.0,28.0,10.2,7.519999999999999,7.0,0.0,1.0,1.0,0.2,0.32,0.0,0.0,3.0,3.0,1.2,0.72,1.0,0.0,0.0,0.0,0.0,0.0,0.0,0.0,0.0,0.0,0.0,0.0,0.0,1.0,3.0,2.0,1.4,0.6399999999999999,1.0,24.4975,32.95,8.452500000000004,27.13716666666,3.1675999999920017,24.4975,0.0,2.493,2.493,1.4957999999999998,1.19664,2.493,0.0,0.0,0.0,0.0,0.0,0.0,12.0,229.0,217.0,86.6,56.959999999999994,64.0
NaBiBr3,Na1 Bi1 Br3,11.0,83.0,72.0,39.8,17.279999999999998,35.0,2.0,95.0,93.0,74.6,29.040000000000003,95.0,22.98976928,208.9804,185.99063072,94.336433856,45.85758645760001,79.904,265.8,544.4,278.59999999999997,342.534,92.08079999999998,265.8,1.0,17.0,16.0,13.4,4.959999999999999,17.0,3.0,6.0,3.0,4.2,0.7200000000000001,4.0,120.0,166.0,46.0,134.8,17.76,120.0,0.93,2.96,2.03,2.3659999999999997,0.7128,2.96,1.0,2.0,1.0,1.8,0.31999999999999995,2.0,0.0,5.0,5.0,3.6,1.6799999999999997,5.0,0.0,10.0,10.0,8.0,3.2,10.0,0.0,14.0,14.0,2.8,4.4799999999999995,0.0,1.0,29.0,28.0,16.2,6.08,17.0,0.0,1.0,1.0,0.2,0.32,0.0,0.0,3.0,3.0,1.2,0.72,1.0,0.0,0.0,0.0,0.0,0.0,0.0,0.0,0.0,0.0,0.0,0.0,0.0,1.0,3.0,2.0,1.4,0.6399999999999999,1.0,29.2433333333,32.95,3.706666666700002,30.126666666660004,1.1293333333360025,29.48,0.0,1.457,1.457,0.8742000000000001,0.6993600000000001,1.457,0.0,0.0,0.0,0.0,0.0,0.0,12.0,229.0,217.0,86.6,56.959999999999994,64.0
NaBiI3,Na1 Bi1 I3,11.0,83.0,72.0,50.6,15.839999999999998,53.0,2.0,96.0,94.0,75.2,29.279999999999994,96.0,22.98976928,208.9804,185.99063072,122.536715856,39.818778630400004,126.90447,370.87,544.4,173.52999999999997,415.16400000000004,51.69440000000001,386.85,1.0,17.0,16.0,13.4,4.959999999999999,17.0,3.0,6.0,3.0,4.8,0.7200000000000001,5.0,139.0,166.0,27.0,146.2,8.639999999999997,139.0,0.93,2.66,1.73,2.186,0.5688000000000001,2.66,1.0,2.0,1.0,1.8,0.31999999999999995,2.0,0.0,5.0,5.0,3.6,1.6799999999999997,5.0,0.0,10.0,10.0,8.0,3.2,10.0,0.0,14.0,14.0,2.8,4.4799999999999995,0.0,1.0,29.0,28.0,16.2,6.08,17.0,0.0,1.0,1.0,0.2,0.32,0.0,0.0,3.0,3.0,1.2,0.72,1.0,0.0,0.0,0.0,0.0,0.0,0.0,0.0,0.0,0.0,0.0,0.0,0.0,1.0,3.0,2.0,1.4,0.6399999999999999,1.0,29.2433333333,43.015,13.7716666667,38.24766666666001,5.720800000007998,43.015,0.0,1.062,1.062,0.6372,0.50976,1.062,0.0,0.0,0.0,0.0,0.0,0.0,12.0,229.0,217.0,86.6,56.959999999999994,64.0
